Upserted AWS rows: 13
Upserted AWS rows: 13
Upserted AWS rows: 13
Upserted AWS rows: 13
Upserted AWS rows: 13
Upserted AWS rows: 13
Upserted AWS rows: 13
Upserted AWS rows: 13
Upserted AWS rows: 13
Upserted AWS rows: 13
Upserted AWS rows: 13
Upserted AWS rows: 13
Upserted AWS rows: 13
Upserted AWS rows: 13
Upserted AWS rows: 13
Upserted AWS rows: 13
Upserted AWS rows: 13
Upserted AWS rows: 13
Upserted AWS rows: 13
Upserted AWS rows: 13
Upserted AWS rows: 13
Upserted AWS rows: 13
Upserted AWS rows: 13
Upserted AWS rows: 13
Upserted AWS rows: 13
Upserted AWS rows: 13
Upserted AWS rows: 13
Upserted AWS rows: 13
Upserted AWS rows: 13
Upserted AWS rows: 13
Upserted AWS rows: 13
Upserted AWS rows: 13
Upserted AWS rows: 13
Upserted AWS rows: 13
Upserted AWS rows: 13
Upserted AWS rows: 13
Upserted AWS rows: 13
Upserted AWS rows: 13
Upserted AWS rows: 13
Upserted AWS rows: 13
Upserted AWS rows: 13
Traceback (most recent call last):
  File "C:\Users\SrikanthMudaliar\AppData\Local\Programs\Python\Python312\Lib\site-packages\urllib3\connection.py", line 204, in _new_conn
    sock = connection.create_connection(
           ^^^^^^^^^^^^^^^^^^^^^^^^^^^^^
  File "C:\Users\SrikanthMudaliar\AppData\Local\Programs\Python\Python312\Lib\site-packages\urllib3\util\connection.py", line 85, in create_connection
    raise err
  File "C:\Users\SrikanthMudaliar\AppData\Local\Programs\Python\Python312\Lib\site-packages\urllib3\util\connection.py", line 73, in create_connection
    sock.connect(sa)
TimeoutError: [WinError 10060] A connection attempt failed because the connected party did not properly respond after a period of time, or established connection failed because connected host has failed to respond

The above exception was the direct cause of the following exception:

Traceback (most recent call last):
  File "C:\Users\SrikanthMudaliar\AppData\Local\Programs\Python\Python312\Lib\site-packages\botocore\httpsession.py", line 477, in send
    urllib_response = conn.urlopen(
                      ^^^^^^^^^^^^^
  File "C:\Users\SrikanthMudaliar\AppData\Local\Programs\Python\Python312\Lib\site-packages\urllib3\connectionpool.py", line 841, in urlopen
    retries = retries.increment(
              ^^^^^^^^^^^^^^^^^^
  File "C:\Users\SrikanthMudaliar\AppData\Local\Programs\Python\Python312\Lib\site-packages\urllib3\util\retry.py", line 465, in increment
    raise reraise(type(error), error, _stacktrace)
          ^^^^^^^^^^^^^^^^^^^^^^^^^^^^^^^^^^^^^^^^
  File "C:\Users\SrikanthMudaliar\AppData\Local\Programs\Python\Python312\Lib\site-packages\urllib3\util\util.py", line 39, in reraise
    raise value
  File "C:\Users\SrikanthMudaliar\AppData\Local\Programs\Python\Python312\Lib\site-packages\urllib3\connectionpool.py", line 787, in urlopen
    response = self._make_request(
               ^^^^^^^^^^^^^^^^^^^
  File "C:\Users\SrikanthMudaliar\AppData\Local\Programs\Python\Python312\Lib\site-packages\urllib3\connectionpool.py", line 488, in _make_request
    raise new_e
  File "C:\Users\SrikanthMudaliar\AppData\Local\Programs\Python\Python312\Lib\site-packages\urllib3\connectionpool.py", line 464, in _make_request
    self._validate_conn(conn)
  File "C:\Users\SrikanthMudaliar\AppData\Local\Programs\Python\Python312\Lib\site-packages\urllib3\connectionpool.py", line 1093, in _validate_conn
    conn.connect()
  File "C:\Users\SrikanthMudaliar\AppData\Local\Programs\Python\Python312\Lib\site-packages\urllib3\connection.py", line 759, in connect
    self.sock = sock = self._new_conn()
                       ^^^^^^^^^^^^^^^^
  File "C:\Users\SrikanthMudaliar\AppData\Local\Programs\Python\Python312\Lib\site-packages\urllib3\connection.py", line 213, in _new_conn
    raise ConnectTimeoutError(
urllib3.exceptions.ConnectTimeoutError: (<AWSHTTPSConnection(host='ce.us-east-1.amazonaws.com', port=443) at 0x143a99dfb60>, 'Connection to ce.us-east-1.amazonaws.com timed out. (connect timeout=60)')

During handling of the above exception, another exception occurred:

Traceback (most recent call last):
  File "C:\Users\SrikanthMudaliar\AI-Cloud-Advisor\aws_cost_sync.py", line 75, in <module>
    sync_aws_costs()
  File "C:\Users\SrikanthMudaliar\AI-Cloud-Advisor\aws_cost_sync.py", line 61, in sync_aws_costs
    rows = fetch_aws_mtd_service_costs()
           ^^^^^^^^^^^^^^^^^^^^^^^^^^^^^
  File "C:\Users\SrikanthMudaliar\AI-Cloud-Advisor\aws_cost_sync.py", line 34, in fetch_aws_mtd_service_costs
    response = ce.get_cost_and_usage(**kwargs)
               ^^^^^^^^^^^^^^^^^^^^^^^^^^^^^^^
  File "C:\Users\SrikanthMudaliar\AppData\Local\Programs\Python\Python312\Lib\site-packages\botocore\client.py", line 602, in _api_call
    return self._make_api_call(operation_name, kwargs)
           ^^^^^^^^^^^^^^^^^^^^^^^^^^^^^^^^^^^^^^^^^^^
  File "C:\Users\SrikanthMudaliar\AppData\Local\Programs\Python\Python312\Lib\site-packages\botocore\context.py", line 123, in wrapper
    return func(*args, **kwargs)
           ^^^^^^^^^^^^^^^^^^^^^
  File "C:\Users\SrikanthMudaliar\AppData\Local\Programs\Python\Python312\Lib\site-packages\botocore\client.py", line 1060, in _make_api_call
    http, parsed_response = self._make_request(
                            ^^^^^^^^^^^^^^^^^^^
  File "C:\Users\SrikanthMudaliar\AppData\Local\Programs\Python\Python312\Lib\site-packages\botocore\client.py", line 1084, in _make_request
    return self._endpoint.make_request(operation_model, request_dict)
           ^^^^^^^^^^^^^^^^^^^^^^^^^^^^^^^^^^^^^^^^^^^^^^^^^^^^^^^^^^
  File "C:\Users\SrikanthMudaliar\AppData\Local\Programs\Python\Python312\Lib\site-packages\botocore\endpoint.py", line 119, in make_request
    return self._send_request(request_dict, operation_model)
           ^^^^^^^^^^^^^^^^^^^^^^^^^^^^^^^^^^^^^^^^^^^^^^^^^
  File "C:\Users\SrikanthMudaliar\AppData\Local\Programs\Python\Python312\Lib\site-packages\botocore\endpoint.py", line 200, in _send_request
    while self._needs_retry(
          ^^^^^^^^^^^^^^^^^^
  File "C:\Users\SrikanthMudaliar\AppData\Local\Programs\Python\Python312\Lib\site-packages\botocore\endpoint.py", line 360, in _needs_retry
    responses = self._event_emitter.emit(
                ^^^^^^^^^^^^^^^^^^^^^^^^^
  File "C:\Users\SrikanthMudaliar\AppData\Local\Programs\Python\Python312\Lib\site-packages\botocore\hooks.py", line 412, in emit
    return self._emitter.emit(aliased_event_name, **kwargs)
           ^^^^^^^^^^^^^^^^^^^^^^^^^^^^^^^^^^^^^^^^^^^^^^^^
  File "C:\Users\SrikanthMudaliar\AppData\Local\Programs\Python\Python312\Lib\site-packages\botocore\hooks.py", line 256, in emit
    return self._emit(event_name, kwargs)
           ^^^^^^^^^^^^^^^^^^^^^^^^^^^^^^
  File "C:\Users\SrikanthMudaliar\AppData\Local\Programs\Python\Python312\Lib\site-packages\botocore\hooks.py", line 239, in _emit
    response = handler(**kwargs)
               ^^^^^^^^^^^^^^^^^
  File "C:\Users\SrikanthMudaliar\AppData\Local\Programs\Python\Python312\Lib\site-packages\botocore\retryhandler.py", line 207, in __call__
    if self._checker(**checker_kwargs):
       ^^^^^^^^^^^^^^^^^^^^^^^^^^^^^^^
  File "C:\Users\SrikanthMudaliar\AppData\Local\Programs\Python\Python312\Lib\site-packages\botocore\retryhandler.py", line 284, in __call__
    should_retry = self._should_retry(
                   ^^^^^^^^^^^^^^^^^^^
  File "C:\Users\SrikanthMudaliar\AppData\Local\Programs\Python\Python312\Lib\site-packages\botocore\retryhandler.py", line 320, in _should_retry
    return self._checker(attempt_number, response, caught_exception)
           ^^^^^^^^^^^^^^^^^^^^^^^^^^^^^^^^^^^^^^^^^^^^^^^^^^^^^^^^^
  File "C:\Users\SrikanthMudaliar\AppData\Local\Programs\Python\Python312\Lib\site-packages\botocore\retryhandler.py", line 363, in __call__
    checker_response = checker(
                       ^^^^^^^^
  File "C:\Users\SrikanthMudaliar\AppData\Local\Programs\Python\Python312\Lib\site-packages\botocore\retryhandler.py", line 247, in __call__
    return self._check_caught_exception(
           ^^^^^^^^^^^^^^^^^^^^^^^^^^^^^
  File "C:\Users\SrikanthMudaliar\AppData\Local\Programs\Python\Python312\Lib\site-packages\botocore\retryhandler.py", line 416, in _check_caught_exception
    raise caught_exception
  File "C:\Users\SrikanthMudaliar\AppData\Local\Programs\Python\Python312\Lib\site-packages\botocore\endpoint.py", line 279, in _do_get_response
    http_response = self._send(request)
                    ^^^^^^^^^^^^^^^^^^^
  File "C:\Users\SrikanthMudaliar\AppData\Local\Programs\Python\Python312\Lib\site-packages\botocore\endpoint.py", line 383, in _send
    return self.http_session.send(request)
           ^^^^^^^^^^^^^^^^^^^^^^^^^^^^^^^
  File "C:\Users\SrikanthMudaliar\AppData\Local\Programs\Python\Python312\Lib\site-packages\botocore\httpsession.py", line 512, in send
    raise ConnectTimeoutError(endpoint_url=request.url, error=e)
botocore.exceptions.ConnectTimeoutError: Connect timeout on endpoint URL: "https://ce.us-east-1.amazonaws.com/"
Upserted AWS rows: 13
Upserted AWS rows: 13
Upserted AWS rows: 13
Upserted AWS rows: 13
Upserted AWS rows: 13
Upserted AWS rows: 13
Upserted AWS rows: 13
Upserted AWS rows: 13
Upserted AWS rows: 13
Upserted AWS rows: 13
Upserted AWS rows: 13
Upserted AWS rows: 13
Upserted AWS rows: 13
Upserted AWS rows: 13
Upserted AWS rows: 13
Upserted AWS rows: 13
Traceback (most recent call last):
  File "C:\Users\SrikanthMudaliar\AppData\Local\Programs\Python\Python312\Lib\site-packages\urllib3\connection.py", line 204, in _new_conn
    sock = connection.create_connection(
           ^^^^^^^^^^^^^^^^^^^^^^^^^^^^^
  File "C:\Users\SrikanthMudaliar\AppData\Local\Programs\Python\Python312\Lib\site-packages\urllib3\util\connection.py", line 60, in create_connection
    for res in socket.getaddrinfo(host, port, family, socket.SOCK_STREAM):
               ^^^^^^^^^^^^^^^^^^^^^^^^^^^^^^^^^^^^^^^^^^^^^^^^^^^^^^^^^^
  File "C:\Users\SrikanthMudaliar\AppData\Local\Programs\Python\Python312\Lib\socket.py", line 978, in getaddrinfo
    for res in _socket.getaddrinfo(host, port, family, type, proto, flags):
               ^^^^^^^^^^^^^^^^^^^^^^^^^^^^^^^^^^^^^^^^^^^^^^^^^^^^^^^^^^^
socket.gaierror: [Errno 11001] getaddrinfo failed

The above exception was the direct cause of the following exception:

Traceback (most recent call last):
  File "C:\Users\SrikanthMudaliar\AppData\Local\Programs\Python\Python312\Lib\site-packages\botocore\httpsession.py", line 477, in send
    urllib_response = conn.urlopen(
                      ^^^^^^^^^^^^^
  File "C:\Users\SrikanthMudaliar\AppData\Local\Programs\Python\Python312\Lib\site-packages\urllib3\connectionpool.py", line 841, in urlopen
    retries = retries.increment(
              ^^^^^^^^^^^^^^^^^^
  File "C:\Users\SrikanthMudaliar\AppData\Local\Programs\Python\Python312\Lib\site-packages\urllib3\util\retry.py", line 465, in increment
    raise reraise(type(error), error, _stacktrace)
          ^^^^^^^^^^^^^^^^^^^^^^^^^^^^^^^^^^^^^^^^
  File "C:\Users\SrikanthMudaliar\AppData\Local\Programs\Python\Python312\Lib\site-packages\urllib3\util\util.py", line 39, in reraise
    raise value
  File "C:\Users\SrikanthMudaliar\AppData\Local\Programs\Python\Python312\Lib\site-packages\urllib3\connectionpool.py", line 787, in urlopen
    response = self._make_request(
               ^^^^^^^^^^^^^^^^^^^
  File "C:\Users\SrikanthMudaliar\AppData\Local\Programs\Python\Python312\Lib\site-packages\urllib3\connectionpool.py", line 488, in _make_request
    raise new_e
  File "C:\Users\SrikanthMudaliar\AppData\Local\Programs\Python\Python312\Lib\site-packages\urllib3\connectionpool.py", line 464, in _make_request
    self._validate_conn(conn)
  File "C:\Users\SrikanthMudaliar\AppData\Local\Programs\Python\Python312\Lib\site-packages\urllib3\connectionpool.py", line 1093, in _validate_conn
    conn.connect()
  File "C:\Users\SrikanthMudaliar\AppData\Local\Programs\Python\Python312\Lib\site-packages\urllib3\connection.py", line 759, in connect
    self.sock = sock = self._new_conn()
                       ^^^^^^^^^^^^^^^^
  File "C:\Users\SrikanthMudaliar\AppData\Local\Programs\Python\Python312\Lib\site-packages\urllib3\connection.py", line 211, in _new_conn
    raise NameResolutionError(self.host, self, e) from e
urllib3.exceptions.NameResolutionError: AWSHTTPSConnection(host='ce.us-east-1.amazonaws.com', port=443): Failed to resolve 'ce.us-east-1.amazonaws.com' ([Errno 11001] getaddrinfo failed)

During handling of the above exception, another exception occurred:

Traceback (most recent call last):
  File "C:\Users\SrikanthMudaliar\AI-Cloud-Advisor\aws_cost_sync.py", line 75, in <module>
    sync_aws_costs()
  File "C:\Users\SrikanthMudaliar\AI-Cloud-Advisor\aws_cost_sync.py", line 61, in sync_aws_costs
    rows = fetch_aws_mtd_service_costs()
           ^^^^^^^^^^^^^^^^^^^^^^^^^^^^^
  File "C:\Users\SrikanthMudaliar\AI-Cloud-Advisor\aws_cost_sync.py", line 34, in fetch_aws_mtd_service_costs
    response = ce.get_cost_and_usage(**kwargs)
               ^^^^^^^^^^^^^^^^^^^^^^^^^^^^^^^
  File "C:\Users\SrikanthMudaliar\AppData\Local\Programs\Python\Python312\Lib\site-packages\botocore\client.py", line 602, in _api_call
    return self._make_api_call(operation_name, kwargs)
           ^^^^^^^^^^^^^^^^^^^^^^^^^^^^^^^^^^^^^^^^^^^
  File "C:\Users\SrikanthMudaliar\AppData\Local\Programs\Python\Python312\Lib\site-packages\botocore\context.py", line 123, in wrapper
    return func(*args, **kwargs)
           ^^^^^^^^^^^^^^^^^^^^^
  File "C:\Users\SrikanthMudaliar\AppData\Local\Programs\Python\Python312\Lib\site-packages\botocore\client.py", line 1060, in _make_api_call
    http, parsed_response = self._make_request(
                            ^^^^^^^^^^^^^^^^^^^
  File "C:\Users\SrikanthMudaliar\AppData\Local\Programs\Python\Python312\Lib\site-packages\botocore\client.py", line 1084, in _make_request
    return self._endpoint.make_request(operation_model, request_dict)
           ^^^^^^^^^^^^^^^^^^^^^^^^^^^^^^^^^^^^^^^^^^^^^^^^^^^^^^^^^^
  File "C:\Users\SrikanthMudaliar\AppData\Local\Programs\Python\Python312\Lib\site-packages\botocore\endpoint.py", line 119, in make_request
    return self._send_request(request_dict, operation_model)
           ^^^^^^^^^^^^^^^^^^^^^^^^^^^^^^^^^^^^^^^^^^^^^^^^^
  File "C:\Users\SrikanthMudaliar\AppData\Local\Programs\Python\Python312\Lib\site-packages\botocore\endpoint.py", line 200, in _send_request
    while self._needs_retry(
          ^^^^^^^^^^^^^^^^^^
  File "C:\Users\SrikanthMudaliar\AppData\Local\Programs\Python\Python312\Lib\site-packages\botocore\endpoint.py", line 360, in _needs_retry
    responses = self._event_emitter.emit(
                ^^^^^^^^^^^^^^^^^^^^^^^^^
  File "C:\Users\SrikanthMudaliar\AppData\Local\Programs\Python\Python312\Lib\site-packages\botocore\hooks.py", line 412, in emit
    return self._emitter.emit(aliased_event_name, **kwargs)
           ^^^^^^^^^^^^^^^^^^^^^^^^^^^^^^^^^^^^^^^^^^^^^^^^
  File "C:\Users\SrikanthMudaliar\AppData\Local\Programs\Python\Python312\Lib\site-packages\botocore\hooks.py", line 256, in emit
    return self._emit(event_name, kwargs)
           ^^^^^^^^^^^^^^^^^^^^^^^^^^^^^^
  File "C:\Users\SrikanthMudaliar\AppData\Local\Programs\Python\Python312\Lib\site-packages\botocore\hooks.py", line 239, in _emit
    response = handler(**kwargs)
               ^^^^^^^^^^^^^^^^^
  File "C:\Users\SrikanthMudaliar\AppData\Local\Programs\Python\Python312\Lib\site-packages\botocore\retryhandler.py", line 207, in __call__
    if self._checker(**checker_kwargs):
       ^^^^^^^^^^^^^^^^^^^^^^^^^^^^^^^
  File "C:\Users\SrikanthMudaliar\AppData\Local\Programs\Python\Python312\Lib\site-packages\botocore\retryhandler.py", line 284, in __call__
    should_retry = self._should_retry(
                   ^^^^^^^^^^^^^^^^^^^
  File "C:\Users\SrikanthMudaliar\AppData\Local\Programs\Python\Python312\Lib\site-packages\botocore\retryhandler.py", line 320, in _should_retry
    return self._checker(attempt_number, response, caught_exception)
           ^^^^^^^^^^^^^^^^^^^^^^^^^^^^^^^^^^^^^^^^^^^^^^^^^^^^^^^^^
  File "C:\Users\SrikanthMudaliar\AppData\Local\Programs\Python\Python312\Lib\site-packages\botocore\retryhandler.py", line 363, in __call__
    checker_response = checker(
                       ^^^^^^^^
  File "C:\Users\SrikanthMudaliar\AppData\Local\Programs\Python\Python312\Lib\site-packages\botocore\retryhandler.py", line 247, in __call__
    return self._check_caught_exception(
           ^^^^^^^^^^^^^^^^^^^^^^^^^^^^^
  File "C:\Users\SrikanthMudaliar\AppData\Local\Programs\Python\Python312\Lib\site-packages\botocore\retryhandler.py", line 416, in _check_caught_exception
    raise caught_exception
  File "C:\Users\SrikanthMudaliar\AppData\Local\Programs\Python\Python312\Lib\site-packages\botocore\endpoint.py", line 279, in _do_get_response
    http_response = self._send(request)
                    ^^^^^^^^^^^^^^^^^^^
  File "C:\Users\SrikanthMudaliar\AppData\Local\Programs\Python\Python312\Lib\site-packages\botocore\endpoint.py", line 383, in _send
    return self.http_session.send(request)
           ^^^^^^^^^^^^^^^^^^^^^^^^^^^^^^^
  File "C:\Users\SrikanthMudaliar\AppData\Local\Programs\Python\Python312\Lib\site-packages\botocore\httpsession.py", line 506, in send
    raise EndpointConnectionError(endpoint_url=request.url, error=e)
botocore.exceptions.EndpointConnectionError: Could not connect to the endpoint URL: "https://ce.us-east-1.amazonaws.com/"
Upserted AWS rows: 13
Traceback (most recent call last):
  File "C:\Users\SrikanthMudaliar\AppData\Local\Programs\Python\Python312\Lib\site-packages\urllib3\connection.py", line 204, in _new_conn
    sock = connection.create_connection(
           ^^^^^^^^^^^^^^^^^^^^^^^^^^^^^
  File "C:\Users\SrikanthMudaliar\AppData\Local\Programs\Python\Python312\Lib\site-packages\urllib3\util\connection.py", line 60, in create_connection
    for res in socket.getaddrinfo(host, port, family, socket.SOCK_STREAM):
               ^^^^^^^^^^^^^^^^^^^^^^^^^^^^^^^^^^^^^^^^^^^^^^^^^^^^^^^^^^
  File "C:\Users\SrikanthMudaliar\AppData\Local\Programs\Python\Python312\Lib\socket.py", line 978, in getaddrinfo
    for res in _socket.getaddrinfo(host, port, family, type, proto, flags):
               ^^^^^^^^^^^^^^^^^^^^^^^^^^^^^^^^^^^^^^^^^^^^^^^^^^^^^^^^^^^
socket.gaierror: [Errno 11001] getaddrinfo failed

The above exception was the direct cause of the following exception:

Traceback (most recent call last):
  File "C:\Users\SrikanthMudaliar\AppData\Local\Programs\Python\Python312\Lib\site-packages\botocore\httpsession.py", line 477, in send
    urllib_response = conn.urlopen(
                      ^^^^^^^^^^^^^
  File "C:\Users\SrikanthMudaliar\AppData\Local\Programs\Python\Python312\Lib\site-packages\urllib3\connectionpool.py", line 841, in urlopen
    retries = retries.increment(
              ^^^^^^^^^^^^^^^^^^
  File "C:\Users\SrikanthMudaliar\AppData\Local\Programs\Python\Python312\Lib\site-packages\urllib3\util\retry.py", line 465, in increment
    raise reraise(type(error), error, _stacktrace)
          ^^^^^^^^^^^^^^^^^^^^^^^^^^^^^^^^^^^^^^^^
  File "C:\Users\SrikanthMudaliar\AppData\Local\Programs\Python\Python312\Lib\site-packages\urllib3\util\util.py", line 39, in reraise
    raise value
  File "C:\Users\SrikanthMudaliar\AppData\Local\Programs\Python\Python312\Lib\site-packages\urllib3\connectionpool.py", line 787, in urlopen
    response = self._make_request(
               ^^^^^^^^^^^^^^^^^^^
  File "C:\Users\SrikanthMudaliar\AppData\Local\Programs\Python\Python312\Lib\site-packages\urllib3\connectionpool.py", line 488, in _make_request
    raise new_e
  File "C:\Users\SrikanthMudaliar\AppData\Local\Programs\Python\Python312\Lib\site-packages\urllib3\connectionpool.py", line 464, in _make_request
    self._validate_conn(conn)
  File "C:\Users\SrikanthMudaliar\AppData\Local\Programs\Python\Python312\Lib\site-packages\urllib3\connectionpool.py", line 1093, in _validate_conn
    conn.connect()
  File "C:\Users\SrikanthMudaliar\AppData\Local\Programs\Python\Python312\Lib\site-packages\urllib3\connection.py", line 759, in connect
    self.sock = sock = self._new_conn()
                       ^^^^^^^^^^^^^^^^
  File "C:\Users\SrikanthMudaliar\AppData\Local\Programs\Python\Python312\Lib\site-packages\urllib3\connection.py", line 211, in _new_conn
    raise NameResolutionError(self.host, self, e) from e
urllib3.exceptions.NameResolutionError: AWSHTTPSConnection(host='ce.us-east-1.amazonaws.com', port=443): Failed to resolve 'ce.us-east-1.amazonaws.com' ([Errno 11001] getaddrinfo failed)

During handling of the above exception, another exception occurred:

Traceback (most recent call last):
  File "C:\Users\SrikanthMudaliar\AI-Cloud-Advisor\aws_cost_sync.py", line 75, in <module>
    sync_aws_costs()
  File "C:\Users\SrikanthMudaliar\AI-Cloud-Advisor\aws_cost_sync.py", line 61, in sync_aws_costs
    rows = fetch_aws_mtd_service_costs()
           ^^^^^^^^^^^^^^^^^^^^^^^^^^^^^
  File "C:\Users\SrikanthMudaliar\AI-Cloud-Advisor\aws_cost_sync.py", line 34, in fetch_aws_mtd_service_costs
    response = ce.get_cost_and_usage(**kwargs)
               ^^^^^^^^^^^^^^^^^^^^^^^^^^^^^^^
  File "C:\Users\SrikanthMudaliar\AppData\Local\Programs\Python\Python312\Lib\site-packages\botocore\client.py", line 602, in _api_call
    return self._make_api_call(operation_name, kwargs)
           ^^^^^^^^^^^^^^^^^^^^^^^^^^^^^^^^^^^^^^^^^^^
  File "C:\Users\SrikanthMudaliar\AppData\Local\Programs\Python\Python312\Lib\site-packages\botocore\context.py", line 123, in wrapper
    return func(*args, **kwargs)
           ^^^^^^^^^^^^^^^^^^^^^
  File "C:\Users\SrikanthMudaliar\AppData\Local\Programs\Python\Python312\Lib\site-packages\botocore\client.py", line 1060, in _make_api_call
    http, parsed_response = self._make_request(
                            ^^^^^^^^^^^^^^^^^^^
  File "C:\Users\SrikanthMudaliar\AppData\Local\Programs\Python\Python312\Lib\site-packages\botocore\client.py", line 1084, in _make_request
    return self._endpoint.make_request(operation_model, request_dict)
           ^^^^^^^^^^^^^^^^^^^^^^^^^^^^^^^^^^^^^^^^^^^^^^^^^^^^^^^^^^
  File "C:\Users\SrikanthMudaliar\AppData\Local\Programs\Python\Python312\Lib\site-packages\botocore\endpoint.py", line 119, in make_request
    return self._send_request(request_dict, operation_model)
           ^^^^^^^^^^^^^^^^^^^^^^^^^^^^^^^^^^^^^^^^^^^^^^^^^
  File "C:\Users\SrikanthMudaliar\AppData\Local\Programs\Python\Python312\Lib\site-packages\botocore\endpoint.py", line 200, in _send_request
    while self._needs_retry(
          ^^^^^^^^^^^^^^^^^^
  File "C:\Users\SrikanthMudaliar\AppData\Local\Programs\Python\Python312\Lib\site-packages\botocore\endpoint.py", line 360, in _needs_retry
    responses = self._event_emitter.emit(
                ^^^^^^^^^^^^^^^^^^^^^^^^^
  File "C:\Users\SrikanthMudaliar\AppData\Local\Programs\Python\Python312\Lib\site-packages\botocore\hooks.py", line 412, in emit
    return self._emitter.emit(aliased_event_name, **kwargs)
           ^^^^^^^^^^^^^^^^^^^^^^^^^^^^^^^^^^^^^^^^^^^^^^^^
  File "C:\Users\SrikanthMudaliar\AppData\Local\Programs\Python\Python312\Lib\site-packages\botocore\hooks.py", line 256, in emit
    return self._emit(event_name, kwargs)
           ^^^^^^^^^^^^^^^^^^^^^^^^^^^^^^
  File "C:\Users\SrikanthMudaliar\AppData\Local\Programs\Python\Python312\Lib\site-packages\botocore\hooks.py", line 239, in _emit
    response = handler(**kwargs)
               ^^^^^^^^^^^^^^^^^
  File "C:\Users\SrikanthMudaliar\AppData\Local\Programs\Python\Python312\Lib\site-packages\botocore\retryhandler.py", line 207, in __call__
    if self._checker(**checker_kwargs):
       ^^^^^^^^^^^^^^^^^^^^^^^^^^^^^^^
  File "C:\Users\SrikanthMudaliar\AppData\Local\Programs\Python\Python312\Lib\site-packages\botocore\retryhandler.py", line 284, in __call__
    should_retry = self._should_retry(
                   ^^^^^^^^^^^^^^^^^^^
  File "C:\Users\SrikanthMudaliar\AppData\Local\Programs\Python\Python312\Lib\site-packages\botocore\retryhandler.py", line 320, in _should_retry
    return self._checker(attempt_number, response, caught_exception)
           ^^^^^^^^^^^^^^^^^^^^^^^^^^^^^^^^^^^^^^^^^^^^^^^^^^^^^^^^^
  File "C:\Users\SrikanthMudaliar\AppData\Local\Programs\Python\Python312\Lib\site-packages\botocore\retryhandler.py", line 363, in __call__
    checker_response = checker(
                       ^^^^^^^^
  File "C:\Users\SrikanthMudaliar\AppData\Local\Programs\Python\Python312\Lib\site-packages\botocore\retryhandler.py", line 247, in __call__
    return self._check_caught_exception(
           ^^^^^^^^^^^^^^^^^^^^^^^^^^^^^
  File "C:\Users\SrikanthMudaliar\AppData\Local\Programs\Python\Python312\Lib\site-packages\botocore\retryhandler.py", line 416, in _check_caught_exception
    raise caught_exception
  File "C:\Users\SrikanthMudaliar\AppData\Local\Programs\Python\Python312\Lib\site-packages\botocore\endpoint.py", line 279, in _do_get_response
    http_response = self._send(request)
                    ^^^^^^^^^^^^^^^^^^^
  File "C:\Users\SrikanthMudaliar\AppData\Local\Programs\Python\Python312\Lib\site-packages\botocore\endpoint.py", line 383, in _send
    return self.http_session.send(request)
           ^^^^^^^^^^^^^^^^^^^^^^^^^^^^^^^
  File "C:\Users\SrikanthMudaliar\AppData\Local\Programs\Python\Python312\Lib\site-packages\botocore\httpsession.py", line 506, in send
    raise EndpointConnectionError(endpoint_url=request.url, error=e)
botocore.exceptions.EndpointConnectionError: Could not connect to the endpoint URL: "https://ce.us-east-1.amazonaws.com/"
Upserted AWS rows: 13
Traceback (most recent call last):
  File "C:\Users\SrikanthMudaliar\AppData\Local\Programs\Python\Python312\Lib\site-packages\urllib3\connection.py", line 204, in _new_conn
    sock = connection.create_connection(
           ^^^^^^^^^^^^^^^^^^^^^^^^^^^^^
  File "C:\Users\SrikanthMudaliar\AppData\Local\Programs\Python\Python312\Lib\site-packages\urllib3\util\connection.py", line 60, in create_connection
    for res in socket.getaddrinfo(host, port, family, socket.SOCK_STREAM):
               ^^^^^^^^^^^^^^^^^^^^^^^^^^^^^^^^^^^^^^^^^^^^^^^^^^^^^^^^^^
  File "C:\Users\SrikanthMudaliar\AppData\Local\Programs\Python\Python312\Lib\socket.py", line 978, in getaddrinfo
    for res in _socket.getaddrinfo(host, port, family, type, proto, flags):
               ^^^^^^^^^^^^^^^^^^^^^^^^^^^^^^^^^^^^^^^^^^^^^^^^^^^^^^^^^^^
socket.gaierror: [Errno 11001] getaddrinfo failed

The above exception was the direct cause of the following exception:

Traceback (most recent call last):
  File "C:\Users\SrikanthMudaliar\AppData\Local\Programs\Python\Python312\Lib\site-packages\botocore\httpsession.py", line 477, in send
    urllib_response = conn.urlopen(
                      ^^^^^^^^^^^^^
  File "C:\Users\SrikanthMudaliar\AppData\Local\Programs\Python\Python312\Lib\site-packages\urllib3\connectionpool.py", line 841, in urlopen
    retries = retries.increment(
              ^^^^^^^^^^^^^^^^^^
  File "C:\Users\SrikanthMudaliar\AppData\Local\Programs\Python\Python312\Lib\site-packages\urllib3\util\retry.py", line 465, in increment
    raise reraise(type(error), error, _stacktrace)
          ^^^^^^^^^^^^^^^^^^^^^^^^^^^^^^^^^^^^^^^^
  File "C:\Users\SrikanthMudaliar\AppData\Local\Programs\Python\Python312\Lib\site-packages\urllib3\util\util.py", line 39, in reraise
    raise value
  File "C:\Users\SrikanthMudaliar\AppData\Local\Programs\Python\Python312\Lib\site-packages\urllib3\connectionpool.py", line 787, in urlopen
    response = self._make_request(
               ^^^^^^^^^^^^^^^^^^^
  File "C:\Users\SrikanthMudaliar\AppData\Local\Programs\Python\Python312\Lib\site-packages\urllib3\connectionpool.py", line 488, in _make_request
    raise new_e
  File "C:\Users\SrikanthMudaliar\AppData\Local\Programs\Python\Python312\Lib\site-packages\urllib3\connectionpool.py", line 464, in _make_request
    self._validate_conn(conn)
  File "C:\Users\SrikanthMudaliar\AppData\Local\Programs\Python\Python312\Lib\site-packages\urllib3\connectionpool.py", line 1093, in _validate_conn
    conn.connect()
  File "C:\Users\SrikanthMudaliar\AppData\Local\Programs\Python\Python312\Lib\site-packages\urllib3\connection.py", line 759, in connect
    self.sock = sock = self._new_conn()
                       ^^^^^^^^^^^^^^^^
  File "C:\Users\SrikanthMudaliar\AppData\Local\Programs\Python\Python312\Lib\site-packages\urllib3\connection.py", line 211, in _new_conn
    raise NameResolutionError(self.host, self, e) from e
urllib3.exceptions.NameResolutionError: AWSHTTPSConnection(host='ce.us-east-1.amazonaws.com', port=443): Failed to resolve 'ce.us-east-1.amazonaws.com' ([Errno 11001] getaddrinfo failed)

During handling of the above exception, another exception occurred:

Traceback (most recent call last):
  File "C:\Users\SrikanthMudaliar\AI-Cloud-Advisor\aws_cost_sync.py", line 75, in <module>
    sync_aws_costs()
  File "C:\Users\SrikanthMudaliar\AI-Cloud-Advisor\aws_cost_sync.py", line 61, in sync_aws_costs
    rows = fetch_aws_mtd_service_costs()
           ^^^^^^^^^^^^^^^^^^^^^^^^^^^^^
  File "C:\Users\SrikanthMudaliar\AI-Cloud-Advisor\aws_cost_sync.py", line 34, in fetch_aws_mtd_service_costs
    response = ce.get_cost_and_usage(**kwargs)
               ^^^^^^^^^^^^^^^^^^^^^^^^^^^^^^^
  File "C:\Users\SrikanthMudaliar\AppData\Local\Programs\Python\Python312\Lib\site-packages\botocore\client.py", line 602, in _api_call
    return self._make_api_call(operation_name, kwargs)
           ^^^^^^^^^^^^^^^^^^^^^^^^^^^^^^^^^^^^^^^^^^^
  File "C:\Users\SrikanthMudaliar\AppData\Local\Programs\Python\Python312\Lib\site-packages\botocore\context.py", line 123, in wrapper
    return func(*args, **kwargs)
           ^^^^^^^^^^^^^^^^^^^^^
  File "C:\Users\SrikanthMudaliar\AppData\Local\Programs\Python\Python312\Lib\site-packages\botocore\client.py", line 1060, in _make_api_call
    http, parsed_response = self._make_request(
                            ^^^^^^^^^^^^^^^^^^^
  File "C:\Users\SrikanthMudaliar\AppData\Local\Programs\Python\Python312\Lib\site-packages\botocore\client.py", line 1084, in _make_request
    return self._endpoint.make_request(operation_model, request_dict)
           ^^^^^^^^^^^^^^^^^^^^^^^^^^^^^^^^^^^^^^^^^^^^^^^^^^^^^^^^^^
  File "C:\Users\SrikanthMudaliar\AppData\Local\Programs\Python\Python312\Lib\site-packages\botocore\endpoint.py", line 119, in make_request
    return self._send_request(request_dict, operation_model)
           ^^^^^^^^^^^^^^^^^^^^^^^^^^^^^^^^^^^^^^^^^^^^^^^^^
  File "C:\Users\SrikanthMudaliar\AppData\Local\Programs\Python\Python312\Lib\site-packages\botocore\endpoint.py", line 200, in _send_request
    while self._needs_retry(
          ^^^^^^^^^^^^^^^^^^
  File "C:\Users\SrikanthMudaliar\AppData\Local\Programs\Python\Python312\Lib\site-packages\botocore\endpoint.py", line 360, in _needs_retry
    responses = self._event_emitter.emit(
                ^^^^^^^^^^^^^^^^^^^^^^^^^
  File "C:\Users\SrikanthMudaliar\AppData\Local\Programs\Python\Python312\Lib\site-packages\botocore\hooks.py", line 412, in emit
    return self._emitter.emit(aliased_event_name, **kwargs)
           ^^^^^^^^^^^^^^^^^^^^^^^^^^^^^^^^^^^^^^^^^^^^^^^^
  File "C:\Users\SrikanthMudaliar\AppData\Local\Programs\Python\Python312\Lib\site-packages\botocore\hooks.py", line 256, in emit
    return self._emit(event_name, kwargs)
           ^^^^^^^^^^^^^^^^^^^^^^^^^^^^^^
  File "C:\Users\SrikanthMudaliar\AppData\Local\Programs\Python\Python312\Lib\site-packages\botocore\hooks.py", line 239, in _emit
    response = handler(**kwargs)
               ^^^^^^^^^^^^^^^^^
  File "C:\Users\SrikanthMudaliar\AppData\Local\Programs\Python\Python312\Lib\site-packages\botocore\retryhandler.py", line 207, in __call__
    if self._checker(**checker_kwargs):
       ^^^^^^^^^^^^^^^^^^^^^^^^^^^^^^^
  File "C:\Users\SrikanthMudaliar\AppData\Local\Programs\Python\Python312\Lib\site-packages\botocore\retryhandler.py", line 284, in __call__
    should_retry = self._should_retry(
                   ^^^^^^^^^^^^^^^^^^^
  File "C:\Users\SrikanthMudaliar\AppData\Local\Programs\Python\Python312\Lib\site-packages\botocore\retryhandler.py", line 320, in _should_retry
    return self._checker(attempt_number, response, caught_exception)
           ^^^^^^^^^^^^^^^^^^^^^^^^^^^^^^^^^^^^^^^^^^^^^^^^^^^^^^^^^
  File "C:\Users\SrikanthMudaliar\AppData\Local\Programs\Python\Python312\Lib\site-packages\botocore\retryhandler.py", line 363, in __call__
    checker_response = checker(
                       ^^^^^^^^
  File "C:\Users\SrikanthMudaliar\AppData\Local\Programs\Python\Python312\Lib\site-packages\botocore\retryhandler.py", line 247, in __call__
    return self._check_caught_exception(
           ^^^^^^^^^^^^^^^^^^^^^^^^^^^^^
  File "C:\Users\SrikanthMudaliar\AppData\Local\Programs\Python\Python312\Lib\site-packages\botocore\retryhandler.py", line 416, in _check_caught_exception
    raise caught_exception
  File "C:\Users\SrikanthMudaliar\AppData\Local\Programs\Python\Python312\Lib\site-packages\botocore\endpoint.py", line 279, in _do_get_response
    http_response = self._send(request)
                    ^^^^^^^^^^^^^^^^^^^
  File "C:\Users\SrikanthMudaliar\AppData\Local\Programs\Python\Python312\Lib\site-packages\botocore\endpoint.py", line 383, in _send
    return self.http_session.send(request)
           ^^^^^^^^^^^^^^^^^^^^^^^^^^^^^^^
  File "C:\Users\SrikanthMudaliar\AppData\Local\Programs\Python\Python312\Lib\site-packages\botocore\httpsession.py", line 506, in send
    raise EndpointConnectionError(endpoint_url=request.url, error=e)
botocore.exceptions.EndpointConnectionError: Could not connect to the endpoint URL: "https://ce.us-east-1.amazonaws.com/"
Upserted AWS rows: 13
Upserted AWS rows: 13
Upserted AWS rows: 13
Upserted AWS rows: 13
Upserted AWS rows: 13
Upserted AWS rows: 13
Upserted AWS rows: 13
Upserted AWS rows: 13
Upserted AWS rows: 13
Upserted AWS rows: 13
Upserted AWS rows: 13
Upserted AWS rows: 13
Upserted AWS rows: 13
Upserted AWS rows: 13
Upserted AWS rows: 13
Upserted AWS rows: 13
Upserted AWS rows: 13
Upserted AWS rows: 13
Traceback (most recent call last):
  File "C:\Users\SrikanthMudaliar\AI-Cloud-Advisor\aws_cost_sync.py", line 6, in <module>
    import boto3
  File "C:\Users\SrikanthMudaliar\AppData\Local\Programs\Python\Python312\Lib\site-packages\boto3\__init__.py", line 17, in <module>
    from boto3.compat import _warn_deprecated_python
  File "C:\Users\SrikanthMudaliar\AppData\Local\Programs\Python\Python312\Lib\site-packages\boto3\compat.py", line 16, in <module>
    import socket
  File "C:\Users\SrikanthMudaliar\AppData\Local\Programs\Python\Python312\Lib\socket.py", line 52, in <module>
    import _socket
KeyboardInterrupt
^CUpserted AWS rows: 13
Upserted AWS rows: 13
Upserted AWS rows: 13
Upserted AWS rows: 13
Upserted AWS rows: 13
Upserted AWS rows: 13
Upserted AWS rows: 13
Upserted AWS rows: 13
Upserted AWS rows: 13
Upserted AWS rows: 13
Upserted AWS rows: 13
Upserted AWS rows: 13
Upserted AWS rows: 13
Upserted AWS rows: 13
Upserted AWS rows: 13
Upserted AWS rows: 13
Upserted AWS rows: 13
Upserted AWS rows: 13
Upserted AWS rows: 13
Upserted AWS rows: 13
Upserted AWS rows: 13
Upserted AWS rows: 13
Upserted AWS rows: 13
Upserted AWS rows: 13
Upserted AWS rows: 13
Upserted AWS rows: 13
Upserted AWS rows: 13
Upserted AWS rows: 13
Upserted AWS rows: 13
Upserted AWS rows: 13
Upserted AWS rows: 13
Upserted AWS rows: 13
Upserted AWS rows: 13
Upserted AWS rows: 13
Upserted AWS rows: 13
Upserted AWS rows: 13
Upserted AWS rows: 13
Upserted AWS rows: 13
Upserted AWS rows: 13
Upserted AWS rows: 13
Upserted AWS rows: 13
Upserted AWS rows: 13
Upserted AWS rows: 13
Traceback (most recent call last):
  File "C:\Users\SrikanthMudaliar\AppData\Local\Programs\Python\Python312\Lib\site-packages\urllib3\connection.py", line 204, in _new_conn
    sock = connection.create_connection(
           ^^^^^^^^^^^^^^^^^^^^^^^^^^^^^
  File "C:\Users\SrikanthMudaliar\AppData\Local\Programs\Python\Python312\Lib\site-packages\urllib3\util\connection.py", line 60, in create_connection
    for res in socket.getaddrinfo(host, port, family, socket.SOCK_STREAM):
               ^^^^^^^^^^^^^^^^^^^^^^^^^^^^^^^^^^^^^^^^^^^^^^^^^^^^^^^^^^
  File "C:\Users\SrikanthMudaliar\AppData\Local\Programs\Python\Python312\Lib\socket.py", line 978, in getaddrinfo
    for res in _socket.getaddrinfo(host, port, family, type, proto, flags):
               ^^^^^^^^^^^^^^^^^^^^^^^^^^^^^^^^^^^^^^^^^^^^^^^^^^^^^^^^^^^
socket.gaierror: [Errno 11001] getaddrinfo failed

The above exception was the direct cause of the following exception:

Traceback (most recent call last):
  File "C:\Users\SrikanthMudaliar\AppData\Local\Programs\Python\Python312\Lib\site-packages\botocore\httpsession.py", line 477, in send
    urllib_response = conn.urlopen(
                      ^^^^^^^^^^^^^
  File "C:\Users\SrikanthMudaliar\AppData\Local\Programs\Python\Python312\Lib\site-packages\urllib3\connectionpool.py", line 841, in urlopen
    retries = retries.increment(
              ^^^^^^^^^^^^^^^^^^
  File "C:\Users\SrikanthMudaliar\AppData\Local\Programs\Python\Python312\Lib\site-packages\urllib3\util\retry.py", line 465, in increment
    raise reraise(type(error), error, _stacktrace)
          ^^^^^^^^^^^^^^^^^^^^^^^^^^^^^^^^^^^^^^^^
  File "C:\Users\SrikanthMudaliar\AppData\Local\Programs\Python\Python312\Lib\site-packages\urllib3\util\util.py", line 39, in reraise
    raise value
  File "C:\Users\SrikanthMudaliar\AppData\Local\Programs\Python\Python312\Lib\site-packages\urllib3\connectionpool.py", line 787, in urlopen
    response = self._make_request(
               ^^^^^^^^^^^^^^^^^^^
  File "C:\Users\SrikanthMudaliar\AppData\Local\Programs\Python\Python312\Lib\site-packages\urllib3\connectionpool.py", line 488, in _make_request
    raise new_e
  File "C:\Users\SrikanthMudaliar\AppData\Local\Programs\Python\Python312\Lib\site-packages\urllib3\connectionpool.py", line 464, in _make_request
    self._validate_conn(conn)
  File "C:\Users\SrikanthMudaliar\AppData\Local\Programs\Python\Python312\Lib\site-packages\urllib3\connectionpool.py", line 1093, in _validate_conn
    conn.connect()
  File "C:\Users\SrikanthMudaliar\AppData\Local\Programs\Python\Python312\Lib\site-packages\urllib3\connection.py", line 759, in connect
    self.sock = sock = self._new_conn()
                       ^^^^^^^^^^^^^^^^
  File "C:\Users\SrikanthMudaliar\AppData\Local\Programs\Python\Python312\Lib\site-packages\urllib3\connection.py", line 211, in _new_conn
    raise NameResolutionError(self.host, self, e) from e
urllib3.exceptions.NameResolutionError: AWSHTTPSConnection(host='ce.us-east-1.amazonaws.com', port=443): Failed to resolve 'ce.us-east-1.amazonaws.com' ([Errno 11001] getaddrinfo failed)

During handling of the above exception, another exception occurred:

Traceback (most recent call last):
  File "C:\Users\SrikanthMudaliar\AI-Cloud-Advisor\aws_cost_sync.py", line 100, in <module>
    sync_aws_costs()
  File "C:\Users\SrikanthMudaliar\AI-Cloud-Advisor\aws_cost_sync.py", line 66, in sync_aws_costs
    rows = fetch_aws_mtd_service_costs()
           ^^^^^^^^^^^^^^^^^^^^^^^^^^^^^
  File "C:\Users\SrikanthMudaliar\AI-Cloud-Advisor\aws_cost_sync.py", line 39, in fetch_aws_mtd_service_costs
    response = ce.get_cost_and_usage(**kwargs)
               ^^^^^^^^^^^^^^^^^^^^^^^^^^^^^^^
  File "C:\Users\SrikanthMudaliar\AppData\Local\Programs\Python\Python312\Lib\site-packages\botocore\client.py", line 602, in _api_call
    return self._make_api_call(operation_name, kwargs)
           ^^^^^^^^^^^^^^^^^^^^^^^^^^^^^^^^^^^^^^^^^^^
  File "C:\Users\SrikanthMudaliar\AppData\Local\Programs\Python\Python312\Lib\site-packages\botocore\context.py", line 123, in wrapper
    return func(*args, **kwargs)
           ^^^^^^^^^^^^^^^^^^^^^
  File "C:\Users\SrikanthMudaliar\AppData\Local\Programs\Python\Python312\Lib\site-packages\botocore\client.py", line 1060, in _make_api_call
    http, parsed_response = self._make_request(
                            ^^^^^^^^^^^^^^^^^^^
  File "C:\Users\SrikanthMudaliar\AppData\Local\Programs\Python\Python312\Lib\site-packages\botocore\client.py", line 1084, in _make_request
    return self._endpoint.make_request(operation_model, request_dict)
           ^^^^^^^^^^^^^^^^^^^^^^^^^^^^^^^^^^^^^^^^^^^^^^^^^^^^^^^^^^
  File "C:\Users\SrikanthMudaliar\AppData\Local\Programs\Python\Python312\Lib\site-packages\botocore\endpoint.py", line 119, in make_request
    return self._send_request(request_dict, operation_model)
           ^^^^^^^^^^^^^^^^^^^^^^^^^^^^^^^^^^^^^^^^^^^^^^^^^
  File "C:\Users\SrikanthMudaliar\AppData\Local\Programs\Python\Python312\Lib\site-packages\botocore\endpoint.py", line 200, in _send_request
    while self._needs_retry(
          ^^^^^^^^^^^^^^^^^^
  File "C:\Users\SrikanthMudaliar\AppData\Local\Programs\Python\Python312\Lib\site-packages\botocore\endpoint.py", line 360, in _needs_retry
    responses = self._event_emitter.emit(
                ^^^^^^^^^^^^^^^^^^^^^^^^^
  File "C:\Users\SrikanthMudaliar\AppData\Local\Programs\Python\Python312\Lib\site-packages\botocore\hooks.py", line 412, in emit
    return self._emitter.emit(aliased_event_name, **kwargs)
           ^^^^^^^^^^^^^^^^^^^^^^^^^^^^^^^^^^^^^^^^^^^^^^^^
  File "C:\Users\SrikanthMudaliar\AppData\Local\Programs\Python\Python312\Lib\site-packages\botocore\hooks.py", line 256, in emit
    return self._emit(event_name, kwargs)
           ^^^^^^^^^^^^^^^^^^^^^^^^^^^^^^
  File "C:\Users\SrikanthMudaliar\AppData\Local\Programs\Python\Python312\Lib\site-packages\botocore\hooks.py", line 239, in _emit
    response = handler(**kwargs)
               ^^^^^^^^^^^^^^^^^
  File "C:\Users\SrikanthMudaliar\AppData\Local\Programs\Python\Python312\Lib\site-packages\botocore\retryhandler.py", line 207, in __call__
    if self._checker(**checker_kwargs):
       ^^^^^^^^^^^^^^^^^^^^^^^^^^^^^^^
  File "C:\Users\SrikanthMudaliar\AppData\Local\Programs\Python\Python312\Lib\site-packages\botocore\retryhandler.py", line 284, in __call__
    should_retry = self._should_retry(
                   ^^^^^^^^^^^^^^^^^^^
  File "C:\Users\SrikanthMudaliar\AppData\Local\Programs\Python\Python312\Lib\site-packages\botocore\retryhandler.py", line 320, in _should_retry
    return self._checker(attempt_number, response, caught_exception)
           ^^^^^^^^^^^^^^^^^^^^^^^^^^^^^^^^^^^^^^^^^^^^^^^^^^^^^^^^^
  File "C:\Users\SrikanthMudaliar\AppData\Local\Programs\Python\Python312\Lib\site-packages\botocore\retryhandler.py", line 363, in __call__
    checker_response = checker(
                       ^^^^^^^^
  File "C:\Users\SrikanthMudaliar\AppData\Local\Programs\Python\Python312\Lib\site-packages\botocore\retryhandler.py", line 247, in __call__
    return self._check_caught_exception(
           ^^^^^^^^^^^^^^^^^^^^^^^^^^^^^
  File "C:\Users\SrikanthMudaliar\AppData\Local\Programs\Python\Python312\Lib\site-packages\botocore\retryhandler.py", line 416, in _check_caught_exception
    raise caught_exception
  File "C:\Users\SrikanthMudaliar\AppData\Local\Programs\Python\Python312\Lib\site-packages\botocore\endpoint.py", line 279, in _do_get_response
    http_response = self._send(request)
                    ^^^^^^^^^^^^^^^^^^^
  File "C:\Users\SrikanthMudaliar\AppData\Local\Programs\Python\Python312\Lib\site-packages\botocore\endpoint.py", line 383, in _send
    return self.http_session.send(request)
           ^^^^^^^^^^^^^^^^^^^^^^^^^^^^^^^
  File "C:\Users\SrikanthMudaliar\AppData\Local\Programs\Python\Python312\Lib\site-packages\botocore\httpsession.py", line 506, in send
    raise EndpointConnectionError(endpoint_url=request.url, error=e)
botocore.exceptions.EndpointConnectionError: Could not connect to the endpoint URL: "https://ce.us-east-1.amazonaws.com/"
Upserted AWS rows: 13
Upserted AWS rows: 13
Upserted AWS rows: 13
Upserted AWS rows: 13
Traceback (most recent call last):
  File "C:\Users\SrikanthMudaliar\AppData\Local\Programs\Python\Python312\Lib\site-packages\httpx\_transports\default.py", line 101, in map_httpcore_exceptions
    yield
  File "C:\Users\SrikanthMudaliar\AppData\Local\Programs\Python\Python312\Lib\site-packages\httpx\_transports\default.py", line 250, in handle_request
    resp = self._pool.handle_request(req)
           ^^^^^^^^^^^^^^^^^^^^^^^^^^^^^^
  File "C:\Users\SrikanthMudaliar\AppData\Local\Programs\Python\Python312\Lib\site-packages\httpcore\_sync\connection_pool.py", line 256, in handle_request
    raise exc from None
  File "C:\Users\SrikanthMudaliar\AppData\Local\Programs\Python\Python312\Lib\site-packages\httpcore\_sync\connection_pool.py", line 236, in handle_request
    response = connection.handle_request(
               ^^^^^^^^^^^^^^^^^^^^^^^^^^
  File "C:\Users\SrikanthMudaliar\AppData\Local\Programs\Python\Python312\Lib\site-packages\httpcore\_sync\connection.py", line 101, in handle_request
    raise exc
  File "C:\Users\SrikanthMudaliar\AppData\Local\Programs\Python\Python312\Lib\site-packages\httpcore\_sync\connection.py", line 78, in handle_request
    stream = self._connect(request)
             ^^^^^^^^^^^^^^^^^^^^^^
  File "C:\Users\SrikanthMudaliar\AppData\Local\Programs\Python\Python312\Lib\site-packages\httpcore\_sync\connection.py", line 124, in _connect
    stream = self._network_backend.connect_tcp(**kwargs)
             ^^^^^^^^^^^^^^^^^^^^^^^^^^^^^^^^^^^^^^^^^^^
  File "C:\Users\SrikanthMudaliar\AppData\Local\Programs\Python\Python312\Lib\site-packages\httpcore\_backends\sync.py", line 207, in connect_tcp
    with map_exceptions(exc_map):
         ^^^^^^^^^^^^^^^^^^^^^^^
  File "C:\Users\SrikanthMudaliar\AppData\Local\Programs\Python\Python312\Lib\contextlib.py", line 158, in __exit__
    self.gen.throw(value)
  File "C:\Users\SrikanthMudaliar\AppData\Local\Programs\Python\Python312\Lib\site-packages\httpcore\_exceptions.py", line 14, in map_exceptions
    raise to_exc(exc) from exc
httpcore.ConnectError: [Errno 11001] getaddrinfo failed

The above exception was the direct cause of the following exception:

Traceback (most recent call last):
  File "C:\Users\SrikanthMudaliar\AI-Cloud-Advisor\aws_cost_sync.py", line 100, in <module>
    sync_aws_costs()
  File "C:\Users\SrikanthMudaliar\AI-Cloud-Advisor\aws_cost_sync.py", line 92, in sync_aws_costs
    ).execute()
      ^^^^^^^^^
  File "C:\Users\SrikanthMudaliar\AppData\Local\Programs\Python\Python312\Lib\site-packages\postgrest\_sync\request_builder.py", line 47, in execute
    r = self.request.send()
        ^^^^^^^^^^^^^^^^^^^
  File "C:\Users\SrikanthMudaliar\AppData\Local\Programs\Python\Python312\Lib\site-packages\postgrest\base_request_builder.py", line 82, in send
    return self.session.request(
           ^^^^^^^^^^^^^^^^^^^^^
  File "C:\Users\SrikanthMudaliar\AppData\Local\Programs\Python\Python312\Lib\site-packages\httpx\_client.py", line 825, in request
    return self.send(request, auth=auth, follow_redirects=follow_redirects)
           ^^^^^^^^^^^^^^^^^^^^^^^^^^^^^^^^^^^^^^^^^^^^^^^^^^^^^^^^^^^^^^^^
  File "C:\Users\SrikanthMudaliar\AppData\Local\Programs\Python\Python312\Lib\site-packages\httpx\_client.py", line 914, in send
    response = self._send_handling_auth(
               ^^^^^^^^^^^^^^^^^^^^^^^^^
  File "C:\Users\SrikanthMudaliar\AppData\Local\Programs\Python\Python312\Lib\site-packages\httpx\_client.py", line 942, in _send_handling_auth
    response = self._send_handling_redirects(
               ^^^^^^^^^^^^^^^^^^^^^^^^^^^^^^
  File "C:\Users\SrikanthMudaliar\AppData\Local\Programs\Python\Python312\Lib\site-packages\httpx\_client.py", line 979, in _send_handling_redirects
    response = self._send_single_request(request)
               ^^^^^^^^^^^^^^^^^^^^^^^^^^^^^^^^^^
  File "C:\Users\SrikanthMudaliar\AppData\Local\Programs\Python\Python312\Lib\site-packages\httpx\_client.py", line 1014, in _send_single_request
    response = transport.handle_request(request)
               ^^^^^^^^^^^^^^^^^^^^^^^^^^^^^^^^^
  File "C:\Users\SrikanthMudaliar\AppData\Local\Programs\Python\Python312\Lib\site-packages\httpx\_transports\default.py", line 249, in handle_request
    with map_httpcore_exceptions():
         ^^^^^^^^^^^^^^^^^^^^^^^^^
  File "C:\Users\SrikanthMudaliar\AppData\Local\Programs\Python\Python312\Lib\contextlib.py", line 158, in __exit__
    self.gen.throw(value)
  File "C:\Users\SrikanthMudaliar\AppData\Local\Programs\Python\Python312\Lib\site-packages\httpx\_transports\default.py", line 118, in map_httpcore_exceptions
    raise mapped_exc(message) from exc
httpx.ConnectError: [Errno 11001] getaddrinfo failed
Upserted AWS rows: 13
Upserted AWS rows: 13
Upserted AWS rows: 13
Upserted AWS rows: 13
Upserted AWS rows: 13
Traceback (most recent call last):
  File "C:\Users\SrikanthMudaliar\AI-Cloud-Advisor\aws_cost_sync.py", line 10, in <module>
    from core.transformers import (
ModuleNotFoundError: No module named 'core.transformers'
Traceback (most recent call last):
  File "C:\Users\SrikanthMudaliar\AI-Cloud-Advisor\aws_cost_sync.py", line 8, in <module>
    from config import DEFAULT_ORG_ID
ImportError: cannot import name 'DEFAULT_ORG_ID' from 'config' (C:\Users\SrikanthMudaliar\AI-Cloud-Advisor\config\__init__.py)
Traceback (most recent call last):
  File "C:\Users\SrikanthMudaliar\AI-Cloud-Advisor\aws_cost_sync.py", line 8, in <module>
    from config import DEFAULT_ORG_ID
ImportError: cannot import name 'DEFAULT_ORG_ID' from 'config' (C:\Users\SrikanthMudaliar\AI-Cloud-Advisor\config\__init__.py)
Traceback (most recent call last):
  File "C:\Users\SrikanthMudaliar\AI-Cloud-Advisor\aws_cost_sync.py", line 8, in <module>
    from config import DEFAULT_ORG_ID
ImportError: cannot import name 'DEFAULT_ORG_ID' from 'config' (C:\Users\SrikanthMudaliar\AI-Cloud-Advisor\config\__init__.py)
Traceback (most recent call last):
  File "C:\Users\SrikanthMudaliar\AI-Cloud-Advisor\aws_cost_sync.py", line 8, in <module>
    from config import DEFAULT_ORG_ID
ImportError: cannot import name 'DEFAULT_ORG_ID' from 'config' (C:\Users\SrikanthMudaliar\AI-Cloud-Advisor\config\__init__.py)
Traceback (most recent call last):
  File "C:\Users\SrikanthMudaliar\AI-Cloud-Advisor\aws_cost_sync.py", line 8, in <module>
    from config import DEFAULT_ORG_ID
ImportError: cannot import name 'DEFAULT_ORG_ID' from 'config' (C:\Users\SrikanthMudaliar\AI-Cloud-Advisor\config\__init__.py)
Traceback (most recent call last):
  File "C:\Users\SrikanthMudaliar\AI-Cloud-Advisor\aws_cost_sync.py", line 8, in <module>
    from config import DEFAULT_ORG_ID
ImportError: cannot import name 'DEFAULT_ORG_ID' from 'config' (C:\Users\SrikanthMudaliar\AI-Cloud-Advisor\config\__init__.py)
Traceback (most recent call last):
  File "C:\Users\SrikanthMudaliar\AI-Cloud-Advisor\aws_cost_sync.py", line 8, in <module>
    from config import DEFAULT_ORG_ID
ImportError: cannot import name 'DEFAULT_ORG_ID' from 'config' (C:\Users\SrikanthMudaliar\AI-Cloud-Advisor\config\__init__.py)
Traceback (most recent call last):
  File "C:\Users\SrikanthMudaliar\AI-Cloud-Advisor\aws_cost_sync.py", line 8, in <module>
    from config import DEFAULT_ORG_ID
ImportError: cannot import name 'DEFAULT_ORG_ID' from 'config' (C:\Users\SrikanthMudaliar\AI-Cloud-Advisor\config\__init__.py)
Traceback (most recent call last):
  File "C:\Users\SrikanthMudaliar\AI-Cloud-Advisor\aws_cost_sync.py", line 8, in <module>
    from config import DEFAULT_ORG_ID
ImportError: cannot import name 'DEFAULT_ORG_ID' from 'config' (C:\Users\SrikanthMudaliar\AI-Cloud-Advisor\config\__init__.py)
Traceback (most recent call last):
  File "C:\Users\SrikanthMudaliar\AI-Cloud-Advisor\aws_cost_sync.py", line 8, in <module>
    from config import DEFAULT_ORG_ID
ImportError: cannot import name 'DEFAULT_ORG_ID' from 'config' (C:\Users\SrikanthMudaliar\AI-Cloud-Advisor\config\__init__.py)
Traceback (most recent call last):
  File "C:\Users\SrikanthMudaliar\AI-Cloud-Advisor\aws_cost_sync.py", line 8, in <module>
    from config import DEFAULT_ORG_ID
ImportError: cannot import name 'DEFAULT_ORG_ID' from 'config' (C:\Users\SrikanthMudaliar\AI-Cloud-Advisor\config\__init__.py)
Traceback (most recent call last):
  File "C:\Users\SrikanthMudaliar\AI-Cloud-Advisor\aws_cost_sync.py", line 8, in <module>
    from config import DEFAULT_ORG_ID
ImportError: cannot import name 'DEFAULT_ORG_ID' from 'config' (C:\Users\SrikanthMudaliar\AI-Cloud-Advisor\config\__init__.py)
Traceback (most recent call last):
  File "C:\Users\SrikanthMudaliar\AI-Cloud-Advisor\aws_cost_sync.py", line 8, in <module>
    from config import DEFAULT_ORG_ID
ImportError: cannot import name 'DEFAULT_ORG_ID' from 'config' (C:\Users\SrikanthMudaliar\AI-Cloud-Advisor\config\__init__.py)
Traceback (most recent call last):
  File "C:\Users\SrikanthMudaliar\AI-Cloud-Advisor\aws_cost_sync.py", line 8, in <module>
    from config import DEFAULT_ORG_ID
ImportError: cannot import name 'DEFAULT_ORG_ID' from 'config' (C:\Users\SrikanthMudaliar\AI-Cloud-Advisor\config\__init__.py)
Traceback (most recent call last):
  File "C:\Users\SrikanthMudaliar\AI-Cloud-Advisor\aws_cost_sync.py", line 8, in <module>
    from config import DEFAULT_ORG_ID
ImportError: cannot import name 'DEFAULT_ORG_ID' from 'config' (C:\Users\SrikanthMudaliar\AI-Cloud-Advisor\config\__init__.py)
Traceback (most recent call last):
  File "C:\Users\SrikanthMudaliar\AI-Cloud-Advisor\aws_cost_sync.py", line 8, in <module>
    from config import DEFAULT_ORG_ID
ImportError: cannot import name 'DEFAULT_ORG_ID' from 'config' (C:\Users\SrikanthMudaliar\AI-Cloud-Advisor\config\__init__.py)
Traceback (most recent call last):
  File "C:\Users\SrikanthMudaliar\AI-Cloud-Advisor\aws_cost_sync.py", line 8, in <module>
    from config import DEFAULT_ORG_ID
ImportError: cannot import name 'DEFAULT_ORG_ID' from 'config' (C:\Users\SrikanthMudaliar\AI-Cloud-Advisor\config\__init__.py)
Traceback (most recent call last):
  File "C:\Users\SrikanthMudaliar\AI-Cloud-Advisor\aws_cost_sync.py", line 8, in <module>
    from config import DEFAULT_ORG_ID
ImportError: cannot import name 'DEFAULT_ORG_ID' from 'config' (C:\Users\SrikanthMudaliar\AI-Cloud-Advisor\config\__init__.py)
Traceback (most recent call last):
  File "C:\Users\SrikanthMudaliar\AI-Cloud-Advisor\aws_cost_sync.py", line 8, in <module>
    from config import DEFAULT_ORG_ID
ImportError: cannot import name 'DEFAULT_ORG_ID' from 'config' (C:\Users\SrikanthMudaliar\AI-Cloud-Advisor\config\__init__.py)
Traceback (most recent call last):
  File "C:\Users\SrikanthMudaliar\AI-Cloud-Advisor\aws_cost_sync.py", line 8, in <module>
    from config import DEFAULT_ORG_ID
ImportError: cannot import name 'DEFAULT_ORG_ID' from 'config' (C:\Users\SrikanthMudaliar\AI-Cloud-Advisor\config\__init__.py)
Traceback (most recent call last):
  File "C:\Users\SrikanthMudaliar\AI-Cloud-Advisor\aws_cost_sync.py", line 8, in <module>
    from config import DEFAULT_ORG_ID
ImportError: cannot import name 'DEFAULT_ORG_ID' from 'config' (C:\Users\SrikanthMudaliar\AI-Cloud-Advisor\config\__init__.py)
Traceback (most recent call last):
  File "C:\Users\SrikanthMudaliar\AI-Cloud-Advisor\aws_cost_sync.py", line 8, in <module>
    from config import DEFAULT_ORG_ID
ImportError: cannot import name 'DEFAULT_ORG_ID' from 'config' (C:\Users\SrikanthMudaliar\AI-Cloud-Advisor\config\__init__.py)
Traceback (most recent call last):
  File "C:\Users\SrikanthMudaliar\AI-Cloud-Advisor\aws_cost_sync.py", line 8, in <module>
    from config import DEFAULT_ORG_ID
ImportError: cannot import name 'DEFAULT_ORG_ID' from 'config' (C:\Users\SrikanthMudaliar\AI-Cloud-Advisor\config\__init__.py)
Traceback (most recent call last):
  File "C:\Users\SrikanthMudaliar\AI-Cloud-Advisor\aws_cost_sync.py", line 8, in <module>
    from config import DEFAULT_ORG_ID
ImportError: cannot import name 'DEFAULT_ORG_ID' from 'config' (C:\Users\SrikanthMudaliar\AI-Cloud-Advisor\config\__init__.py)
Traceback (most recent call last):
  File "C:\Users\SrikanthMudaliar\AI-Cloud-Advisor\aws_cost_sync.py", line 8, in <module>
    from config import DEFAULT_ORG_ID
ImportError: cannot import name 'DEFAULT_ORG_ID' from 'config' (C:\Users\SrikanthMudaliar\AI-Cloud-Advisor\config\__init__.py)
Traceback (most recent call last):
  File "C:\Users\SrikanthMudaliar\AI-Cloud-Advisor\aws_cost_sync.py", line 8, in <module>
    from config import DEFAULT_ORG_ID
ImportError: cannot import name 'DEFAULT_ORG_ID' from 'config' (C:\Users\SrikanthMudaliar\AI-Cloud-Advisor\config\__init__.py)
Traceback (most recent call last):
  File "C:\Users\SrikanthMudaliar\AI-Cloud-Advisor\aws_cost_sync.py", line 8, in <module>
    from config import DEFAULT_ORG_ID
ImportError: cannot import name 'DEFAULT_ORG_ID' from 'config' (C:\Users\SrikanthMudaliar\AI-Cloud-Advisor\config\__init__.py)
Traceback (most recent call last):
  File "C:\Users\SrikanthMudaliar\AI-Cloud-Advisor\aws_cost_sync.py", line 8, in <module>
    from config import DEFAULT_ORG_ID
ImportError: cannot import name 'DEFAULT_ORG_ID' from 'config' (C:\Users\SrikanthMudaliar\AI-Cloud-Advisor\config\__init__.py)
Traceback (most recent call last):
  File "C:\Users\SrikanthMudaliar\AI-Cloud-Advisor\aws_cost_sync.py", line 8, in <module>
    from config import DEFAULT_ORG_ID
ImportError: cannot import name 'DEFAULT_ORG_ID' from 'config' (C:\Users\SrikanthMudaliar\AI-Cloud-Advisor\config\__init__.py)
Traceback (most recent call last):
  File "C:\Users\SrikanthMudaliar\AI-Cloud-Advisor\aws_cost_sync.py", line 8, in <module>
    from config import DEFAULT_ORG_ID
ImportError: cannot import name 'DEFAULT_ORG_ID' from 'config' (C:\Users\SrikanthMudaliar\AI-Cloud-Advisor\config\__init__.py)
Traceback (most recent call last):
  File "C:\Users\SrikanthMudaliar\AI-Cloud-Advisor\aws_cost_sync.py", line 8, in <module>
    from config import DEFAULT_ORG_ID
ImportError: cannot import name 'DEFAULT_ORG_ID' from 'config' (C:\Users\SrikanthMudaliar\AI-Cloud-Advisor\config\__init__.py)
Traceback (most recent call last):
  File "C:\Users\SrikanthMudaliar\AI-Cloud-Advisor\aws_cost_sync.py", line 8, in <module>
    from config import DEFAULT_ORG_ID
ImportError: cannot import name 'DEFAULT_ORG_ID' from 'config' (C:\Users\SrikanthMudaliar\AI-Cloud-Advisor\config\__init__.py)
Traceback (most recent call last):
  File "C:\Users\SrikanthMudaliar\AI-Cloud-Advisor\aws_cost_sync.py", line 8, in <module>
    from config import DEFAULT_ORG_ID
ImportError: cannot import name 'DEFAULT_ORG_ID' from 'config' (C:\Users\SrikanthMudaliar\AI-Cloud-Advisor\config\__init__.py)
Traceback (most recent call last):
  File "C:\Users\SrikanthMudaliar\AI-Cloud-Advisor\aws_cost_sync.py", line 8, in <module>
    from config import DEFAULT_ORG_ID
ImportError: cannot import name 'DEFAULT_ORG_ID' from 'config' (C:\Users\SrikanthMudaliar\AI-Cloud-Advisor\config\__init__.py)
Traceback (most recent call last):
  File "C:\Users\SrikanthMudaliar\AI-Cloud-Advisor\aws_cost_sync.py", line 8, in <module>
    from config import DEFAULT_ORG_ID
ImportError: cannot import name 'DEFAULT_ORG_ID' from 'config' (C:\Users\SrikanthMudaliar\AI-Cloud-Advisor\config\__init__.py)
Traceback (most recent call last):
  File "C:\Users\SrikanthMudaliar\AI-Cloud-Advisor\aws_cost_sync.py", line 8, in <module>
    from config import DEFAULT_ORG_ID
ImportError: cannot import name 'DEFAULT_ORG_ID' from 'config' (C:\Users\SrikanthMudaliar\AI-Cloud-Advisor\config\__init__.py)
Traceback (most recent call last):
  File "C:\Users\SrikanthMudaliar\AI-Cloud-Advisor\aws_cost_sync.py", line 8, in <module>
    from config import DEFAULT_ORG_ID
ImportError: cannot import name 'DEFAULT_ORG_ID' from 'config' (C:\Users\SrikanthMudaliar\AI-Cloud-Advisor\config\__init__.py)
Traceback (most recent call last):
  File "C:\Users\SrikanthMudaliar\AI-Cloud-Advisor\aws_cost_sync.py", line 8, in <module>
    from config import DEFAULT_ORG_ID
ImportError: cannot import name 'DEFAULT_ORG_ID' from 'config' (C:\Users\SrikanthMudaliar\AI-Cloud-Advisor\config\__init__.py)
Traceback (most recent call last):
  File "C:\Users\SrikanthMudaliar\AI-Cloud-Advisor\aws_cost_sync.py", line 8, in <module>
    from config import DEFAULT_ORG_ID
ImportError: cannot import name 'DEFAULT_ORG_ID' from 'config' (C:\Users\SrikanthMudaliar\AI-Cloud-Advisor\config\__init__.py)
Traceback (most recent call last):
  File "C:\Users\SrikanthMudaliar\AI-Cloud-Advisor\aws_cost_sync.py", line 8, in <module>
    from config import DEFAULT_ORG_ID
ImportError: cannot import name 'DEFAULT_ORG_ID' from 'config' (C:\Users\SrikanthMudaliar\AI-Cloud-Advisor\config\__init__.py)
Traceback (most recent call last):
  File "C:\Users\SrikanthMudaliar\AI-Cloud-Advisor\aws_cost_sync.py", line 8, in <module>
    from config import DEFAULT_ORG_ID
ImportError: cannot import name 'DEFAULT_ORG_ID' from 'config' (C:\Users\SrikanthMudaliar\AI-Cloud-Advisor\config\__init__.py)
Traceback (most recent call last):
  File "C:\Users\SrikanthMudaliar\AI-Cloud-Advisor\aws_cost_sync.py", line 8, in <module>
    from config import DEFAULT_ORG_ID
ImportError: cannot import name 'DEFAULT_ORG_ID' from 'config' (C:\Users\SrikanthMudaliar\AI-Cloud-Advisor\config\__init__.py)
Traceback (most recent call last):
  File "C:\Users\SrikanthMudaliar\AI-Cloud-Advisor\aws_cost_sync.py", line 8, in <module>
    from config import DEFAULT_ORG_ID
ImportError: cannot import name 'DEFAULT_ORG_ID' from 'config' (C:\Users\SrikanthMudaliar\AI-Cloud-Advisor\config\__init__.py)
Traceback (most recent call last):
  File "C:\Users\SrikanthMudaliar\AI-Cloud-Advisor\aws_cost_sync.py", line 8, in <module>
    from config import DEFAULT_ORG_ID
ImportError: cannot import name 'DEFAULT_ORG_ID' from 'config' (C:\Users\SrikanthMudaliar\AI-Cloud-Advisor\config\__init__.py)
Traceback (most recent call last):
  File "C:\Users\SrikanthMudaliar\AI-Cloud-Advisor\aws_cost_sync.py", line 8, in <module>
    from config import DEFAULT_ORG_ID
ImportError: cannot import name 'DEFAULT_ORG_ID' from 'config' (C:\Users\SrikanthMudaliar\AI-Cloud-Advisor\config\__init__.py)
Traceback (most recent call last):
  File "C:\Users\SrikanthMudaliar\AI-Cloud-Advisor\aws_cost_sync.py", line 8, in <module>
    from config import DEFAULT_ORG_ID
ImportError: cannot import name 'DEFAULT_ORG_ID' from 'config' (C:\Users\SrikanthMudaliar\AI-Cloud-Advisor\config\__init__.py)
Traceback (most recent call last):
  File "C:\Users\SrikanthMudaliar\AI-Cloud-Advisor\aws_cost_sync.py", line 8, in <module>
    from config import DEFAULT_ORG_ID
ImportError: cannot import name 'DEFAULT_ORG_ID' from 'config' (C:\Users\SrikanthMudaliar\AI-Cloud-Advisor\config\__init__.py)
Traceback (most recent call last):
  File "C:\Users\SrikanthMudaliar\AI-Cloud-Advisor\aws_cost_sync.py", line 8, in <module>
    from config import DEFAULT_ORG_ID
ImportError: cannot import name 'DEFAULT_ORG_ID' from 'config' (C:\Users\SrikanthMudaliar\AI-Cloud-Advisor\config\__init__.py)
Traceback (most recent call last):
  File "C:\Users\SrikanthMudaliar\AI-Cloud-Advisor\aws_cost_sync.py", line 8, in <module>
    from config import DEFAULT_ORG_ID
ImportError: cannot import name 'DEFAULT_ORG_ID' from 'config' (C:\Users\SrikanthMudaliar\AI-Cloud-Advisor\config\__init__.py)
Traceback (most recent call last):
  File "C:\Users\SrikanthMudaliar\AI-Cloud-Advisor\aws_cost_sync.py", line 8, in <module>
    from config import DEFAULT_ORG_ID
ImportError: cannot import name 'DEFAULT_ORG_ID' from 'config' (C:\Users\SrikanthMudaliar\AI-Cloud-Advisor\config\__init__.py)
Traceback (most recent call last):
  File "C:\Users\SrikanthMudaliar\AI-Cloud-Advisor\aws_cost_sync.py", line 8, in <module>
    from config import DEFAULT_ORG_ID
ImportError: cannot import name 'DEFAULT_ORG_ID' from 'config' (C:\Users\SrikanthMudaliar\AI-Cloud-Advisor\config\__init__.py)
Traceback (most recent call last):
  File "C:\Users\SrikanthMudaliar\AI-Cloud-Advisor\aws_cost_sync.py", line 8, in <module>
    from config import DEFAULT_ORG_ID
ImportError: cannot import name 'DEFAULT_ORG_ID' from 'config' (C:\Users\SrikanthMudaliar\AI-Cloud-Advisor\config\__init__.py)
Traceback (most recent call last):
  File "C:\Users\SrikanthMudaliar\AI-Cloud-Advisor\aws_cost_sync.py", line 8, in <module>
    from config import DEFAULT_ORG_ID
ImportError: cannot import name 'DEFAULT_ORG_ID' from 'config' (C:\Users\SrikanthMudaliar\AI-Cloud-Advisor\config\__init__.py)
Traceback (most recent call last):
  File "C:\Users\SrikanthMudaliar\AI-Cloud-Advisor\aws_cost_sync.py", line 8, in <module>
    from config import DEFAULT_ORG_ID
ImportError: cannot import name 'DEFAULT_ORG_ID' from 'config' (C:\Users\SrikanthMudaliar\AI-Cloud-Advisor\config\__init__.py)
Traceback (most recent call last):
  File "C:\Users\SrikanthMudaliar\AI-Cloud-Advisor\aws_cost_sync.py", line 8, in <module>
    from config import DEFAULT_ORG_ID
ImportError: cannot import name 'DEFAULT_ORG_ID' from 'config' (C:\Users\SrikanthMudaliar\AI-Cloud-Advisor\config\__init__.py)
Traceback (most recent call last):
  File "C:\Users\SrikanthMudaliar\AI-Cloud-Advisor\aws_cost_sync.py", line 8, in <module>
    from config import DEFAULT_ORG_ID
ImportError: cannot import name 'DEFAULT_ORG_ID' from 'config' (C:\Users\SrikanthMudaliar\AI-Cloud-Advisor\config\__init__.py)
Traceback (most recent call last):
  File "C:\Users\SrikanthMudaliar\AI-Cloud-Advisor\aws_cost_sync.py", line 8, in <module>
    from config import DEFAULT_ORG_ID
ImportError: cannot import name 'DEFAULT_ORG_ID' from 'config' (C:\Users\SrikanthMudaliar\AI-Cloud-Advisor\config\__init__.py)
Traceback (most recent call last):
  File "C:\Users\SrikanthMudaliar\AI-Cloud-Advisor\aws_cost_sync.py", line 8, in <module>
    from config import DEFAULT_ORG_ID
ImportError: cannot import name 'DEFAULT_ORG_ID' from 'config' (C:\Users\SrikanthMudaliar\AI-Cloud-Advisor\config\__init__.py)
Traceback (most recent call last):
  File "C:\Users\SrikanthMudaliar\AI-Cloud-Advisor\aws_cost_sync.py", line 8, in <module>
    from config import DEFAULT_ORG_ID
ImportError: cannot import name 'DEFAULT_ORG_ID' from 'config' (C:\Users\SrikanthMudaliar\AI-Cloud-Advisor\config\__init__.py)
Traceback (most recent call last):
  File "C:\Users\SrikanthMudaliar\AI-Cloud-Advisor\aws_cost_sync.py", line 8, in <module>
    from config import DEFAULT_ORG_ID
ImportError: cannot import name 'DEFAULT_ORG_ID' from 'config' (C:\Users\SrikanthMudaliar\AI-Cloud-Advisor\config\__init__.py)
Traceback (most recent call last):
  File "C:\Users\SrikanthMudaliar\AI-Cloud-Advisor\aws_cost_sync.py", line 8, in <module>
    from config import DEFAULT_ORG_ID
ImportError: cannot import name 'DEFAULT_ORG_ID' from 'config' (C:\Users\SrikanthMudaliar\AI-Cloud-Advisor\config\__init__.py)
Traceback (most recent call last):
  File "C:\Users\SrikanthMudaliar\AI-Cloud-Advisor\aws_cost_sync.py", line 8, in <module>
    from config import DEFAULT_ORG_ID
ImportError: cannot import name 'DEFAULT_ORG_ID' from 'config' (C:\Users\SrikanthMudaliar\AI-Cloud-Advisor\config\__init__.py)
Traceback (most recent call last):
  File "C:\Users\SrikanthMudaliar\AI-Cloud-Advisor\aws_cost_sync.py", line 8, in <module>
    from config import DEFAULT_ORG_ID
ImportError: cannot import name 'DEFAULT_ORG_ID' from 'config' (C:\Users\SrikanthMudaliar\AI-Cloud-Advisor\config\__init__.py)
Traceback (most recent call last):
  File "C:\Users\SrikanthMudaliar\AI-Cloud-Advisor\aws_cost_sync.py", line 8, in <module>
    from config import DEFAULT_ORG_ID
ImportError: cannot import name 'DEFAULT_ORG_ID' from 'config' (C:\Users\SrikanthMudaliar\AI-Cloud-Advisor\config\__init__.py)
Traceback (most recent call last):
  File "C:\Users\SrikanthMudaliar\AI-Cloud-Advisor\aws_cost_sync.py", line 8, in <module>
    from config import DEFAULT_ORG_ID
ImportError: cannot import name 'DEFAULT_ORG_ID' from 'config' (C:\Users\SrikanthMudaliar\AI-Cloud-Advisor\config\__init__.py)
Traceback (most recent call last):
  File "C:\Users\SrikanthMudaliar\AI-Cloud-Advisor\aws_cost_sync.py", line 8, in <module>
    from config import DEFAULT_ORG_ID
ImportError: cannot import name 'DEFAULT_ORG_ID' from 'config' (C:\Users\SrikanthMudaliar\AI-Cloud-Advisor\config\__init__.py)
Traceback (most recent call last):
  File "C:\Users\SrikanthMudaliar\AI-Cloud-Advisor\aws_cost_sync.py", line 8, in <module>
    from config import DEFAULT_ORG_ID
ImportError: cannot import name 'DEFAULT_ORG_ID' from 'config' (C:\Users\SrikanthMudaliar\AI-Cloud-Advisor\config\__init__.py)
Traceback (most recent call last):
  File "C:\Users\SrikanthMudaliar\AI-Cloud-Advisor\aws_cost_sync.py", line 8, in <module>
    from config import DEFAULT_ORG_ID
ImportError: cannot import name 'DEFAULT_ORG_ID' from 'config' (C:\Users\SrikanthMudaliar\AI-Cloud-Advisor\config\__init__.py)
Traceback (most recent call last):
  File "C:\Users\SrikanthMudaliar\AI-Cloud-Advisor\aws_cost_sync.py", line 8, in <module>
    from config import DEFAULT_ORG_ID
ImportError: cannot import name 'DEFAULT_ORG_ID' from 'config' (C:\Users\SrikanthMudaliar\AI-Cloud-Advisor\config\__init__.py)
Traceback (most recent call last):
  File "C:\Users\SrikanthMudaliar\AI-Cloud-Advisor\aws_cost_sync.py", line 8, in <module>
    from config import DEFAULT_ORG_ID
ImportError: cannot import name 'DEFAULT_ORG_ID' from 'config' (C:\Users\SrikanthMudaliar\AI-Cloud-Advisor\config\__init__.py)
Traceback (most recent call last):
  File "C:\Users\SrikanthMudaliar\AI-Cloud-Advisor\aws_cost_sync.py", line 8, in <module>
    from config import DEFAULT_ORG_ID
ImportError: cannot import name 'DEFAULT_ORG_ID' from 'config' (C:\Users\SrikanthMudaliar\AI-Cloud-Advisor\config\__init__.py)
Traceback (most recent call last):
  File "C:\Users\SrikanthMudaliar\AI-Cloud-Advisor\aws_cost_sync.py", line 8, in <module>
    from config import DEFAULT_ORG_ID
ImportError: cannot import name 'DEFAULT_ORG_ID' from 'config' (C:\Users\SrikanthMudaliar\AI-Cloud-Advisor\config\__init__.py)
Traceback (most recent call last):
  File "C:\Users\SrikanthMudaliar\AI-Cloud-Advisor\aws_cost_sync.py", line 9, in <module>
    from data.supabase_client import supabase_admin
  File "C:\Users\SrikanthMudaliar\AI-Cloud-Advisor\data\supabase_client.py", line 11, in <module>
    supabase: Client = create_client(SUPABASE_URL, SUPABASE_KEY)
                       ^^^^^^^^^^^^^^^^^^^^^^^^^^^^^^^^^^^^^^^^^
  File "C:\Users\SrikanthMudaliar\AppData\Local\Programs\Python\Python312\Lib\site-packages\supabase\_sync\client.py", line 380, in create_client
    return Client.create(
           ^^^^^^^^^^^^^^
  File "C:\Users\SrikanthMudaliar\AppData\Local\Programs\Python\Python312\Lib\site-packages\supabase\_sync\client.py", line 109, in create
    client = cls(supabase_url, supabase_key, options)
             ^^^^^^^^^^^^^^^^^^^^^^^^^^^^^^^^^^^^^^^^
  File "C:\Users\SrikanthMudaliar\AppData\Local\Programs\Python\Python312\Lib\site-packages\supabase\_sync\client.py", line 63, in __init__
    raise SupabaseException("Invalid URL")
supabase._sync.client.SupabaseException: Invalid URL
Traceback (most recent call last):
  File "C:\Users\SrikanthMudaliar\AI-Cloud-Advisor\aws_cost_sync.py", line 9, in <module>
    from data.supabase_client import supabase_admin
  File "C:\Users\SrikanthMudaliar\AI-Cloud-Advisor\data\supabase_client.py", line 11, in <module>
    supabase: Client = create_client(SUPABASE_URL, SUPABASE_KEY)
                       ^^^^^^^^^^^^^^^^^^^^^^^^^^^^^^^^^^^^^^^^^
  File "C:\Users\SrikanthMudaliar\AppData\Local\Programs\Python\Python312\Lib\site-packages\supabase\_sync\client.py", line 380, in create_client
    return Client.create(
           ^^^^^^^^^^^^^^
  File "C:\Users\SrikanthMudaliar\AppData\Local\Programs\Python\Python312\Lib\site-packages\supabase\_sync\client.py", line 109, in create
    client = cls(supabase_url, supabase_key, options)
             ^^^^^^^^^^^^^^^^^^^^^^^^^^^^^^^^^^^^^^^^
  File "C:\Users\SrikanthMudaliar\AppData\Local\Programs\Python\Python312\Lib\site-packages\supabase\_sync\client.py", line 63, in __init__
    raise SupabaseException("Invalid URL")
supabase._sync.client.SupabaseException: Invalid URL
  File "C:\Users\SrikanthMudaliar\AI-Cloud-Advisor\aws_cost_sync.py", line 1
    from **future** import annotations
         ^^
SyntaxError: invalid syntax
  File "C:\Users\SrikanthMudaliar\AI-Cloud-Advisor\aws_cost_sync.py", line 19
    """Fetch current-month AWS spend grouped by service using Cost Explorer API."""
    ^^^^^^^^^^^^^^^^^^^^^^^^^^^^^^^^^^^^^^^^^^^^^^^^^^^^^^^^^^^^^^^^^^^^^^^^^^^^^^^
IndentationError: expected an indented block after function definition on line 18
  File "C:\Users\SrikanthMudaliar\AI-Cloud-Advisor\aws_cost_sync.py", line 19
    """Fetch current-month AWS spend grouped by service using Cost Explorer API."""
    ^^^^^^^^^^^^^^^^^^^^^^^^^^^^^^^^^^^^^^^^^^^^^^^^^^^^^^^^^^^^^^^^^^^^^^^^^^^^^^^
IndentationError: expected an indented block after function definition on line 18
  File "C:\Users\SrikanthMudaliar\AI-Cloud-Advisor\aws_cost_sync.py", line 19
    """Fetch current-month AWS spend grouped by service using Cost Explorer API."""
    ^^^^^^^^^^^^^^^^^^^^^^^^^^^^^^^^^^^^^^^^^^^^^^^^^^^^^^^^^^^^^^^^^^^^^^^^^^^^^^^
IndentationError: expected an indented block after function definition on line 18
Traceback (most recent call last):
  File "C:\Users\SrikanthMudaliar\AI-Cloud-Advisor\aws_cost_sync.py", line 9, in <module>
    from data.supabase_client import supabase_admin
  File "C:\Users\SrikanthMudaliar\AI-Cloud-Advisor\data\supabase_client.py", line 11, in <module>
    supabase: Client = create_client(SUPABASE_URL, SUPABASE_KEY)
                       ^^^^^^^^^^^^^^^^^^^^^^^^^^^^^^^^^^^^^^^^^
  File "C:\Users\SrikanthMudaliar\AppData\Local\Programs\Python\Python312\Lib\site-packages\supabase\_sync\client.py", line 380, in create_client
    return Client.create(
           ^^^^^^^^^^^^^^
  File "C:\Users\SrikanthMudaliar\AppData\Local\Programs\Python\Python312\Lib\site-packages\supabase\_sync\client.py", line 109, in create
    client = cls(supabase_url, supabase_key, options)
             ^^^^^^^^^^^^^^^^^^^^^^^^^^^^^^^^^^^^^^^^
  File "C:\Users\SrikanthMudaliar\AppData\Local\Programs\Python\Python312\Lib\site-packages\supabase\_sync\client.py", line 63, in __init__
    raise SupabaseException("Invalid URL")
supabase._sync.client.SupabaseException: Invalid URL
Traceback (most recent call last):
  File "C:\Users\SrikanthMudaliar\AI-Cloud-Advisor\aws_cost_sync.py", line 9, in <module>
    from data.supabase_client import supabase_admin
  File "C:\Users\SrikanthMudaliar\AI-Cloud-Advisor\data\supabase_client.py", line 11, in <module>
    supabase: Client = create_client(SUPABASE_URL, SUPABASE_KEY)
                       ^^^^^^^^^^^^^^^^^^^^^^^^^^^^^^^^^^^^^^^^^
  File "C:\Users\SrikanthMudaliar\AppData\Local\Programs\Python\Python312\Lib\site-packages\supabase\_sync\client.py", line 380, in create_client
    return Client.create(
           ^^^^^^^^^^^^^^
  File "C:\Users\SrikanthMudaliar\AppData\Local\Programs\Python\Python312\Lib\site-packages\supabase\_sync\client.py", line 109, in create
    client = cls(supabase_url, supabase_key, options)
             ^^^^^^^^^^^^^^^^^^^^^^^^^^^^^^^^^^^^^^^^
  File "C:\Users\SrikanthMudaliar\AppData\Local\Programs\Python\Python312\Lib\site-packages\supabase\_sync\client.py", line 63, in __init__
    raise SupabaseException("Invalid URL")
supabase._sync.client.SupabaseException: Invalid URL
Traceback (most recent call last):
  File "C:\Users\SrikanthMudaliar\AI-Cloud-Advisor\aws_cost_sync.py", line 9, in <module>
    from data.supabase_client import supabase_admin
  File "C:\Users\SrikanthMudaliar\AI-Cloud-Advisor\data\supabase_client.py", line 11, in <module>
    supabase: Client = create_client(SUPABASE_URL, SUPABASE_KEY)
                       ^^^^^^^^^^^^^^^^^^^^^^^^^^^^^^^^^^^^^^^^^
  File "C:\Users\SrikanthMudaliar\AppData\Local\Programs\Python\Python312\Lib\site-packages\supabase\_sync\client.py", line 380, in create_client
    return Client.create(
           ^^^^^^^^^^^^^^
  File "C:\Users\SrikanthMudaliar\AppData\Local\Programs\Python\Python312\Lib\site-packages\supabase\_sync\client.py", line 109, in create
    client = cls(supabase_url, supabase_key, options)
             ^^^^^^^^^^^^^^^^^^^^^^^^^^^^^^^^^^^^^^^^
  File "C:\Users\SrikanthMudaliar\AppData\Local\Programs\Python\Python312\Lib\site-packages\supabase\_sync\client.py", line 63, in __init__
    raise SupabaseException("Invalid URL")
supabase._sync.client.SupabaseException: Invalid URL
Traceback (most recent call last):
  File "C:\Users\SrikanthMudaliar\AI-Cloud-Advisor\aws_cost_sync.py", line 9, in <module>
    from data.supabase_client import supabase_admin
  File "C:\Users\SrikanthMudaliar\AI-Cloud-Advisor\data\supabase_client.py", line 11, in <module>
    supabase: Client = create_client(SUPABASE_URL, SUPABASE_KEY)
                       ^^^^^^^^^^^^^^^^^^^^^^^^^^^^^^^^^^^^^^^^^
  File "C:\Users\SrikanthMudaliar\AppData\Local\Programs\Python\Python312\Lib\site-packages\supabase\_sync\client.py", line 380, in create_client
    return Client.create(
           ^^^^^^^^^^^^^^
  File "C:\Users\SrikanthMudaliar\AppData\Local\Programs\Python\Python312\Lib\site-packages\supabase\_sync\client.py", line 109, in create
    client = cls(supabase_url, supabase_key, options)
             ^^^^^^^^^^^^^^^^^^^^^^^^^^^^^^^^^^^^^^^^
  File "C:\Users\SrikanthMudaliar\AppData\Local\Programs\Python\Python312\Lib\site-packages\supabase\_sync\client.py", line 63, in __init__
    raise SupabaseException("Invalid URL")
supabase._sync.client.SupabaseException: Invalid URL
Traceback (most recent call last):
  File "C:\Users\SrikanthMudaliar\AI-Cloud-Advisor\aws_cost_sync.py", line 9, in <module>
    from data.supabase_client import supabase_admin
  File "C:\Users\SrikanthMudaliar\AI-Cloud-Advisor\data\supabase_client.py", line 11, in <module>
    supabase: Client = create_client(SUPABASE_URL, SUPABASE_KEY)
                       ^^^^^^^^^^^^^^^^^^^^^^^^^^^^^^^^^^^^^^^^^
  File "C:\Users\SrikanthMudaliar\AppData\Local\Programs\Python\Python312\Lib\site-packages\supabase\_sync\client.py", line 380, in create_client
    return Client.create(
           ^^^^^^^^^^^^^^
  File "C:\Users\SrikanthMudaliar\AppData\Local\Programs\Python\Python312\Lib\site-packages\supabase\_sync\client.py", line 109, in create
    client = cls(supabase_url, supabase_key, options)
             ^^^^^^^^^^^^^^^^^^^^^^^^^^^^^^^^^^^^^^^^
  File "C:\Users\SrikanthMudaliar\AppData\Local\Programs\Python\Python312\Lib\site-packages\supabase\_sync\client.py", line 63, in __init__
    raise SupabaseException("Invalid URL")
supabase._sync.client.SupabaseException: Invalid URL
Traceback (most recent call last):
  File "C:\Users\SrikanthMudaliar\AI-Cloud-Advisor\aws_cost_sync.py", line 9, in <module>
    from data.supabase_client import supabase_admin
  File "C:\Users\SrikanthMudaliar\AI-Cloud-Advisor\data\supabase_client.py", line 11, in <module>
    supabase: Client = create_client(SUPABASE_URL, SUPABASE_KEY)
                       ^^^^^^^^^^^^^^^^^^^^^^^^^^^^^^^^^^^^^^^^^
  File "C:\Users\SrikanthMudaliar\AppData\Local\Programs\Python\Python312\Lib\site-packages\supabase\_sync\client.py", line 380, in create_client
    return Client.create(
           ^^^^^^^^^^^^^^
  File "C:\Users\SrikanthMudaliar\AppData\Local\Programs\Python\Python312\Lib\site-packages\supabase\_sync\client.py", line 109, in create
    client = cls(supabase_url, supabase_key, options)
             ^^^^^^^^^^^^^^^^^^^^^^^^^^^^^^^^^^^^^^^^
  File "C:\Users\SrikanthMudaliar\AppData\Local\Programs\Python\Python312\Lib\site-packages\supabase\_sync\client.py", line 63, in __init__
    raise SupabaseException("Invalid URL")
supabase._sync.client.SupabaseException: Invalid URL
Traceback (most recent call last):
  File "C:\Users\SrikanthMudaliar\AI-Cloud-Advisor\aws_cost_sync.py", line 9, in <module>
    from data.supabase_client import supabase_admin
  File "C:\Users\SrikanthMudaliar\AI-Cloud-Advisor\data\supabase_client.py", line 11, in <module>
    supabase: Client = create_client(SUPABASE_URL, SUPABASE_KEY)
                       ^^^^^^^^^^^^^^^^^^^^^^^^^^^^^^^^^^^^^^^^^
  File "C:\Users\SrikanthMudaliar\AppData\Local\Programs\Python\Python312\Lib\site-packages\supabase\_sync\client.py", line 380, in create_client
    return Client.create(
           ^^^^^^^^^^^^^^
  File "C:\Users\SrikanthMudaliar\AppData\Local\Programs\Python\Python312\Lib\site-packages\supabase\_sync\client.py", line 109, in create
    client = cls(supabase_url, supabase_key, options)
             ^^^^^^^^^^^^^^^^^^^^^^^^^^^^^^^^^^^^^^^^
  File "C:\Users\SrikanthMudaliar\AppData\Local\Programs\Python\Python312\Lib\site-packages\supabase\_sync\client.py", line 63, in __init__
    raise SupabaseException("Invalid URL")
supabase._sync.client.SupabaseException: Invalid URL
Traceback (most recent call last):
  File "C:\Users\SrikanthMudaliar\AI-Cloud-Advisor\aws_cost_sync.py", line 9, in <module>
    from data.supabase_client import supabase_admin
  File "C:\Users\SrikanthMudaliar\AI-Cloud-Advisor\data\supabase_client.py", line 11, in <module>
    supabase: Client = create_client(SUPABASE_URL, SUPABASE_KEY)
                       ^^^^^^^^^^^^^^^^^^^^^^^^^^^^^^^^^^^^^^^^^
  File "C:\Users\SrikanthMudaliar\AppData\Local\Programs\Python\Python312\Lib\site-packages\supabase\_sync\client.py", line 380, in create_client
    return Client.create(
           ^^^^^^^^^^^^^^
  File "C:\Users\SrikanthMudaliar\AppData\Local\Programs\Python\Python312\Lib\site-packages\supabase\_sync\client.py", line 109, in create
    client = cls(supabase_url, supabase_key, options)
             ^^^^^^^^^^^^^^^^^^^^^^^^^^^^^^^^^^^^^^^^
  File "C:\Users\SrikanthMudaliar\AppData\Local\Programs\Python\Python312\Lib\site-packages\supabase\_sync\client.py", line 63, in __init__
    raise SupabaseException("Invalid URL")
supabase._sync.client.SupabaseException: Invalid URL
Traceback (most recent call last):
  File "C:\Users\SrikanthMudaliar\AI-Cloud-Advisor\aws_cost_sync.py", line 9, in <module>
    from data.supabase_client import supabase_admin
  File "C:\Users\SrikanthMudaliar\AI-Cloud-Advisor\data\supabase_client.py", line 11, in <module>
    supabase: Client = create_client(SUPABASE_URL, SUPABASE_KEY)
                       ^^^^^^^^^^^^^^^^^^^^^^^^^^^^^^^^^^^^^^^^^
  File "C:\Users\SrikanthMudaliar\AppData\Local\Programs\Python\Python312\Lib\site-packages\supabase\_sync\client.py", line 380, in create_client
    return Client.create(
           ^^^^^^^^^^^^^^
  File "C:\Users\SrikanthMudaliar\AppData\Local\Programs\Python\Python312\Lib\site-packages\supabase\_sync\client.py", line 109, in create
    client = cls(supabase_url, supabase_key, options)
             ^^^^^^^^^^^^^^^^^^^^^^^^^^^^^^^^^^^^^^^^
  File "C:\Users\SrikanthMudaliar\AppData\Local\Programs\Python\Python312\Lib\site-packages\supabase\_sync\client.py", line 63, in __init__
    raise SupabaseException("Invalid URL")
supabase._sync.client.SupabaseException: Invalid URL
Traceback (most recent call last):
  File "C:\Users\SrikanthMudaliar\AI-Cloud-Advisor\aws_cost_sync.py", line 9, in <module>
    from data.supabase_client import supabase_admin
  File "C:\Users\SrikanthMudaliar\AI-Cloud-Advisor\data\supabase_client.py", line 11, in <module>
    supabase: Client = create_client(SUPABASE_URL, SUPABASE_KEY)
                       ^^^^^^^^^^^^^^^^^^^^^^^^^^^^^^^^^^^^^^^^^
  File "C:\Users\SrikanthMudaliar\AppData\Local\Programs\Python\Python312\Lib\site-packages\supabase\_sync\client.py", line 380, in create_client
    return Client.create(
           ^^^^^^^^^^^^^^
  File "C:\Users\SrikanthMudaliar\AppData\Local\Programs\Python\Python312\Lib\site-packages\supabase\_sync\client.py", line 109, in create
    client = cls(supabase_url, supabase_key, options)
             ^^^^^^^^^^^^^^^^^^^^^^^^^^^^^^^^^^^^^^^^
  File "C:\Users\SrikanthMudaliar\AppData\Local\Programs\Python\Python312\Lib\site-packages\supabase\_sync\client.py", line 63, in __init__
    raise SupabaseException("Invalid URL")
supabase._sync.client.SupabaseException: Invalid URL
Traceback (most recent call last):
  File "C:\Users\SrikanthMudaliar\AI-Cloud-Advisor\aws_cost_sync.py", line 9, in <module>
    from data.supabase_client import supabase_admin
  File "C:\Users\SrikanthMudaliar\AI-Cloud-Advisor\data\supabase_client.py", line 11, in <module>
    supabase: Client = create_client(SUPABASE_URL, SUPABASE_KEY)
                       ^^^^^^^^^^^^^^^^^^^^^^^^^^^^^^^^^^^^^^^^^
  File "C:\Users\SrikanthMudaliar\AppData\Local\Programs\Python\Python312\Lib\site-packages\supabase\_sync\client.py", line 380, in create_client
    return Client.create(
           ^^^^^^^^^^^^^^
  File "C:\Users\SrikanthMudaliar\AppData\Local\Programs\Python\Python312\Lib\site-packages\supabase\_sync\client.py", line 109, in create
    client = cls(supabase_url, supabase_key, options)
             ^^^^^^^^^^^^^^^^^^^^^^^^^^^^^^^^^^^^^^^^
  File "C:\Users\SrikanthMudaliar\AppData\Local\Programs\Python\Python312\Lib\site-packages\supabase\_sync\client.py", line 63, in __init__
    raise SupabaseException("Invalid URL")
supabase._sync.client.SupabaseException: Invalid URL
Traceback (most recent call last):
  File "C:\Users\SrikanthMudaliar\AI-Cloud-Advisor\aws_cost_sync.py", line 9, in <module>
    from data.supabase_client import supabase_admin
  File "C:\Users\SrikanthMudaliar\AI-Cloud-Advisor\data\supabase_client.py", line 11, in <module>
    supabase: Client = create_client(SUPABASE_URL, SUPABASE_KEY)
                       ^^^^^^^^^^^^^^^^^^^^^^^^^^^^^^^^^^^^^^^^^
  File "C:\Users\SrikanthMudaliar\AppData\Local\Programs\Python\Python312\Lib\site-packages\supabase\_sync\client.py", line 380, in create_client
    return Client.create(
           ^^^^^^^^^^^^^^
  File "C:\Users\SrikanthMudaliar\AppData\Local\Programs\Python\Python312\Lib\site-packages\supabase\_sync\client.py", line 109, in create
    client = cls(supabase_url, supabase_key, options)
             ^^^^^^^^^^^^^^^^^^^^^^^^^^^^^^^^^^^^^^^^
  File "C:\Users\SrikanthMudaliar\AppData\Local\Programs\Python\Python312\Lib\site-packages\supabase\_sync\client.py", line 63, in __init__
    raise SupabaseException("Invalid URL")
supabase._sync.client.SupabaseException: Invalid URL
Traceback (most recent call last):
  File "C:\Users\SrikanthMudaliar\AI-Cloud-Advisor\aws_cost_sync.py", line 9, in <module>
    from data.supabase_client import supabase_admin
  File "C:\Users\SrikanthMudaliar\AI-Cloud-Advisor\data\supabase_client.py", line 11, in <module>
    supabase: Client = create_client(SUPABASE_URL, SUPABASE_KEY)
                       ^^^^^^^^^^^^^^^^^^^^^^^^^^^^^^^^^^^^^^^^^
  File "C:\Users\SrikanthMudaliar\AppData\Local\Programs\Python\Python312\Lib\site-packages\supabase\_sync\client.py", line 380, in create_client
    return Client.create(
           ^^^^^^^^^^^^^^
  File "C:\Users\SrikanthMudaliar\AppData\Local\Programs\Python\Python312\Lib\site-packages\supabase\_sync\client.py", line 109, in create
    client = cls(supabase_url, supabase_key, options)
             ^^^^^^^^^^^^^^^^^^^^^^^^^^^^^^^^^^^^^^^^
  File "C:\Users\SrikanthMudaliar\AppData\Local\Programs\Python\Python312\Lib\site-packages\supabase\_sync\client.py", line 63, in __init__
    raise SupabaseException("Invalid URL")
supabase._sync.client.SupabaseException: Invalid URL
Traceback (most recent call last):
  File "C:\Users\SrikanthMudaliar\AI-Cloud-Advisor\aws_cost_sync.py", line 9, in <module>
    from data.supabase_client import supabase_admin
  File "C:\Users\SrikanthMudaliar\AI-Cloud-Advisor\data\supabase_client.py", line 11, in <module>
    supabase: Client = create_client(SUPABASE_URL, SUPABASE_KEY)
                       ^^^^^^^^^^^^^^^^^^^^^^^^^^^^^^^^^^^^^^^^^
  File "C:\Users\SrikanthMudaliar\AppData\Local\Programs\Python\Python312\Lib\site-packages\supabase\_sync\client.py", line 380, in create_client
    return Client.create(
           ^^^^^^^^^^^^^^
  File "C:\Users\SrikanthMudaliar\AppData\Local\Programs\Python\Python312\Lib\site-packages\supabase\_sync\client.py", line 109, in create
    client = cls(supabase_url, supabase_key, options)
             ^^^^^^^^^^^^^^^^^^^^^^^^^^^^^^^^^^^^^^^^
  File "C:\Users\SrikanthMudaliar\AppData\Local\Programs\Python\Python312\Lib\site-packages\supabase\_sync\client.py", line 63, in __init__
    raise SupabaseException("Invalid URL")
supabase._sync.client.SupabaseException: Invalid URL
Traceback (most recent call last):
  File "C:\Users\SrikanthMudaliar\AI-Cloud-Advisor\aws_cost_sync.py", line 9, in <module>
    from data.supabase_client import supabase_admin
  File "C:\Users\SrikanthMudaliar\AI-Cloud-Advisor\data\supabase_client.py", line 11, in <module>
    supabase: Client = create_client(SUPABASE_URL, SUPABASE_KEY)
                       ^^^^^^^^^^^^^^^^^^^^^^^^^^^^^^^^^^^^^^^^^
  File "C:\Users\SrikanthMudaliar\AppData\Local\Programs\Python\Python312\Lib\site-packages\supabase\_sync\client.py", line 380, in create_client
    return Client.create(
           ^^^^^^^^^^^^^^
  File "C:\Users\SrikanthMudaliar\AppData\Local\Programs\Python\Python312\Lib\site-packages\supabase\_sync\client.py", line 109, in create
    client = cls(supabase_url, supabase_key, options)
             ^^^^^^^^^^^^^^^^^^^^^^^^^^^^^^^^^^^^^^^^
  File "C:\Users\SrikanthMudaliar\AppData\Local\Programs\Python\Python312\Lib\site-packages\supabase\_sync\client.py", line 63, in __init__
    raise SupabaseException("Invalid URL")
supabase._sync.client.SupabaseException: Invalid URL
Traceback (most recent call last):
  File "C:\Users\SrikanthMudaliar\AI-Cloud-Advisor\aws_cost_sync.py", line 9, in <module>
    from data.supabase_client import supabase_admin
  File "C:\Users\SrikanthMudaliar\AI-Cloud-Advisor\data\supabase_client.py", line 11, in <module>
    supabase: Client = create_client(SUPABASE_URL, SUPABASE_KEY)
                       ^^^^^^^^^^^^^^^^^^^^^^^^^^^^^^^^^^^^^^^^^
  File "C:\Users\SrikanthMudaliar\AppData\Local\Programs\Python\Python312\Lib\site-packages\supabase\_sync\client.py", line 380, in create_client
    return Client.create(
           ^^^^^^^^^^^^^^
  File "C:\Users\SrikanthMudaliar\AppData\Local\Programs\Python\Python312\Lib\site-packages\supabase\_sync\client.py", line 109, in create
    client = cls(supabase_url, supabase_key, options)
             ^^^^^^^^^^^^^^^^^^^^^^^^^^^^^^^^^^^^^^^^
  File "C:\Users\SrikanthMudaliar\AppData\Local\Programs\Python\Python312\Lib\site-packages\supabase\_sync\client.py", line 63, in __init__
    raise SupabaseException("Invalid URL")
supabase._sync.client.SupabaseException: Invalid URL
Traceback (most recent call last):
  File "C:\Users\SrikanthMudaliar\AI-Cloud-Advisor\aws_cost_sync.py", line 9, in <module>
    from data.supabase_client import supabase_admin
  File "C:\Users\SrikanthMudaliar\AI-Cloud-Advisor\data\supabase_client.py", line 11, in <module>
    supabase: Client = create_client(SUPABASE_URL, SUPABASE_KEY)
                       ^^^^^^^^^^^^^^^^^^^^^^^^^^^^^^^^^^^^^^^^^
  File "C:\Users\SrikanthMudaliar\AppData\Local\Programs\Python\Python312\Lib\site-packages\supabase\_sync\client.py", line 380, in create_client
    return Client.create(
           ^^^^^^^^^^^^^^
  File "C:\Users\SrikanthMudaliar\AppData\Local\Programs\Python\Python312\Lib\site-packages\supabase\_sync\client.py", line 109, in create
    client = cls(supabase_url, supabase_key, options)
             ^^^^^^^^^^^^^^^^^^^^^^^^^^^^^^^^^^^^^^^^
  File "C:\Users\SrikanthMudaliar\AppData\Local\Programs\Python\Python312\Lib\site-packages\supabase\_sync\client.py", line 63, in __init__
    raise SupabaseException("Invalid URL")
supabase._sync.client.SupabaseException: Invalid URL
Traceback (most recent call last):
  File "C:\Users\SrikanthMudaliar\AI-Cloud-Advisor\aws_cost_sync.py", line 9, in <module>
    from data.supabase_client import supabase_admin
  File "C:\Users\SrikanthMudaliar\AI-Cloud-Advisor\data\supabase_client.py", line 11, in <module>
    supabase: Client = create_client(SUPABASE_URL, SUPABASE_KEY)
                       ^^^^^^^^^^^^^^^^^^^^^^^^^^^^^^^^^^^^^^^^^
  File "C:\Users\SrikanthMudaliar\AppData\Local\Programs\Python\Python312\Lib\site-packages\supabase\_sync\client.py", line 380, in create_client
    return Client.create(
           ^^^^^^^^^^^^^^
  File "C:\Users\SrikanthMudaliar\AppData\Local\Programs\Python\Python312\Lib\site-packages\supabase\_sync\client.py", line 109, in create
    client = cls(supabase_url, supabase_key, options)
             ^^^^^^^^^^^^^^^^^^^^^^^^^^^^^^^^^^^^^^^^
  File "C:\Users\SrikanthMudaliar\AppData\Local\Programs\Python\Python312\Lib\site-packages\supabase\_sync\client.py", line 63, in __init__
    raise SupabaseException("Invalid URL")
supabase._sync.client.SupabaseException: Invalid URL
Traceback (most recent call last):
  File "C:\Users\SrikanthMudaliar\AI-Cloud-Advisor\aws_cost_sync.py", line 9, in <module>
    from data.supabase_client import supabase_admin
  File "C:\Users\SrikanthMudaliar\AI-Cloud-Advisor\data\supabase_client.py", line 11, in <module>
    supabase: Client = create_client(SUPABASE_URL, SUPABASE_KEY)
                       ^^^^^^^^^^^^^^^^^^^^^^^^^^^^^^^^^^^^^^^^^
  File "C:\Users\SrikanthMudaliar\AppData\Local\Programs\Python\Python312\Lib\site-packages\supabase\_sync\client.py", line 380, in create_client
    return Client.create(
           ^^^^^^^^^^^^^^
  File "C:\Users\SrikanthMudaliar\AppData\Local\Programs\Python\Python312\Lib\site-packages\supabase\_sync\client.py", line 109, in create
    client = cls(supabase_url, supabase_key, options)
             ^^^^^^^^^^^^^^^^^^^^^^^^^^^^^^^^^^^^^^^^
  File "C:\Users\SrikanthMudaliar\AppData\Local\Programs\Python\Python312\Lib\site-packages\supabase\_sync\client.py", line 63, in __init__
    raise SupabaseException("Invalid URL")
supabase._sync.client.SupabaseException: Invalid URL
Traceback (most recent call last):
  File "C:\Users\SrikanthMudaliar\AI-Cloud-Advisor\aws_cost_sync.py", line 9, in <module>
    from data.supabase_client import supabase_admin
  File "C:\Users\SrikanthMudaliar\AI-Cloud-Advisor\data\supabase_client.py", line 11, in <module>
    supabase: Client = create_client(SUPABASE_URL, SUPABASE_KEY)
                       ^^^^^^^^^^^^^^^^^^^^^^^^^^^^^^^^^^^^^^^^^
  File "C:\Users\SrikanthMudaliar\AppData\Local\Programs\Python\Python312\Lib\site-packages\supabase\_sync\client.py", line 380, in create_client
    return Client.create(
           ^^^^^^^^^^^^^^
  File "C:\Users\SrikanthMudaliar\AppData\Local\Programs\Python\Python312\Lib\site-packages\supabase\_sync\client.py", line 109, in create
    client = cls(supabase_url, supabase_key, options)
             ^^^^^^^^^^^^^^^^^^^^^^^^^^^^^^^^^^^^^^^^
  File "C:\Users\SrikanthMudaliar\AppData\Local\Programs\Python\Python312\Lib\site-packages\supabase\_sync\client.py", line 63, in __init__
    raise SupabaseException("Invalid URL")
supabase._sync.client.SupabaseException: Invalid URL
Traceback (most recent call last):
  File "C:\Users\SrikanthMudaliar\AI-Cloud-Advisor\aws_cost_sync.py", line 9, in <module>
    from data.supabase_client import supabase_admin
  File "C:\Users\SrikanthMudaliar\AI-Cloud-Advisor\data\supabase_client.py", line 11, in <module>
    supabase: Client = create_client(SUPABASE_URL, SUPABASE_KEY)
                       ^^^^^^^^^^^^^^^^^^^^^^^^^^^^^^^^^^^^^^^^^
  File "C:\Users\SrikanthMudaliar\AppData\Local\Programs\Python\Python312\Lib\site-packages\supabase\_sync\client.py", line 380, in create_client
    return Client.create(
           ^^^^^^^^^^^^^^
  File "C:\Users\SrikanthMudaliar\AppData\Local\Programs\Python\Python312\Lib\site-packages\supabase\_sync\client.py", line 109, in create
    client = cls(supabase_url, supabase_key, options)
             ^^^^^^^^^^^^^^^^^^^^^^^^^^^^^^^^^^^^^^^^
  File "C:\Users\SrikanthMudaliar\AppData\Local\Programs\Python\Python312\Lib\site-packages\supabase\_sync\client.py", line 63, in __init__
    raise SupabaseException("Invalid URL")
supabase._sync.client.SupabaseException: Invalid URL
Traceback (most recent call last):
  File "C:\Users\SrikanthMudaliar\AI-Cloud-Advisor\aws_cost_sync.py", line 9, in <module>
    from data.supabase_client import supabase_admin
  File "C:\Users\SrikanthMudaliar\AI-Cloud-Advisor\data\supabase_client.py", line 11, in <module>
    supabase: Client = create_client(SUPABASE_URL, SUPABASE_KEY)
                       ^^^^^^^^^^^^^^^^^^^^^^^^^^^^^^^^^^^^^^^^^
  File "C:\Users\SrikanthMudaliar\AppData\Local\Programs\Python\Python312\Lib\site-packages\supabase\_sync\client.py", line 380, in create_client
    return Client.create(
           ^^^^^^^^^^^^^^
  File "C:\Users\SrikanthMudaliar\AppData\Local\Programs\Python\Python312\Lib\site-packages\supabase\_sync\client.py", line 109, in create
    client = cls(supabase_url, supabase_key, options)
             ^^^^^^^^^^^^^^^^^^^^^^^^^^^^^^^^^^^^^^^^
  File "C:\Users\SrikanthMudaliar\AppData\Local\Programs\Python\Python312\Lib\site-packages\supabase\_sync\client.py", line 63, in __init__
    raise SupabaseException("Invalid URL")
supabase._sync.client.SupabaseException: Invalid URL
Traceback (most recent call last):
  File "C:\Users\SrikanthMudaliar\AI-Cloud-Advisor\aws_cost_sync.py", line 9, in <module>
    from data.supabase_client import supabase_admin
  File "C:\Users\SrikanthMudaliar\AI-Cloud-Advisor\data\supabase_client.py", line 11, in <module>
    supabase: Client = create_client(SUPABASE_URL, SUPABASE_KEY)
                       ^^^^^^^^^^^^^^^^^^^^^^^^^^^^^^^^^^^^^^^^^
  File "C:\Users\SrikanthMudaliar\AppData\Local\Programs\Python\Python312\Lib\site-packages\supabase\_sync\client.py", line 380, in create_client
    return Client.create(
           ^^^^^^^^^^^^^^
  File "C:\Users\SrikanthMudaliar\AppData\Local\Programs\Python\Python312\Lib\site-packages\supabase\_sync\client.py", line 109, in create
    client = cls(supabase_url, supabase_key, options)
             ^^^^^^^^^^^^^^^^^^^^^^^^^^^^^^^^^^^^^^^^
  File "C:\Users\SrikanthMudaliar\AppData\Local\Programs\Python\Python312\Lib\site-packages\supabase\_sync\client.py", line 63, in __init__
    raise SupabaseException("Invalid URL")
supabase._sync.client.SupabaseException: Invalid URL
Traceback (most recent call last):
  File "C:\Users\SrikanthMudaliar\AI-Cloud-Advisor\aws_cost_sync.py", line 9, in <module>
    from data.supabase_client import supabase_admin
  File "C:\Users\SrikanthMudaliar\AI-Cloud-Advisor\data\supabase_client.py", line 11, in <module>
    supabase: Client = create_client(SUPABASE_URL, SUPABASE_KEY)
                       ^^^^^^^^^^^^^^^^^^^^^^^^^^^^^^^^^^^^^^^^^
  File "C:\Users\SrikanthMudaliar\AppData\Local\Programs\Python\Python312\Lib\site-packages\supabase\_sync\client.py", line 380, in create_client
    return Client.create(
           ^^^^^^^^^^^^^^
  File "C:\Users\SrikanthMudaliar\AppData\Local\Programs\Python\Python312\Lib\site-packages\supabase\_sync\client.py", line 109, in create
    client = cls(supabase_url, supabase_key, options)
             ^^^^^^^^^^^^^^^^^^^^^^^^^^^^^^^^^^^^^^^^
  File "C:\Users\SrikanthMudaliar\AppData\Local\Programs\Python\Python312\Lib\site-packages\supabase\_sync\client.py", line 63, in __init__
    raise SupabaseException("Invalid URL")
supabase._sync.client.SupabaseException: Invalid URL
Traceback (most recent call last):
  File "C:\Users\SrikanthMudaliar\AI-Cloud-Advisor\aws_cost_sync.py", line 9, in <module>
    from data.supabase_client import supabase_admin
  File "C:\Users\SrikanthMudaliar\AI-Cloud-Advisor\data\supabase_client.py", line 11, in <module>
    supabase: Client = create_client(SUPABASE_URL, SUPABASE_KEY)
                       ^^^^^^^^^^^^^^^^^^^^^^^^^^^^^^^^^^^^^^^^^
  File "C:\Users\SrikanthMudaliar\AppData\Local\Programs\Python\Python312\Lib\site-packages\supabase\_sync\client.py", line 380, in create_client
    return Client.create(
           ^^^^^^^^^^^^^^
  File "C:\Users\SrikanthMudaliar\AppData\Local\Programs\Python\Python312\Lib\site-packages\supabase\_sync\client.py", line 109, in create
    client = cls(supabase_url, supabase_key, options)
             ^^^^^^^^^^^^^^^^^^^^^^^^^^^^^^^^^^^^^^^^
  File "C:\Users\SrikanthMudaliar\AppData\Local\Programs\Python\Python312\Lib\site-packages\supabase\_sync\client.py", line 63, in __init__
    raise SupabaseException("Invalid URL")
supabase._sync.client.SupabaseException: Invalid URL
Traceback (most recent call last):
  File "C:\Users\SrikanthMudaliar\AI-Cloud-Advisor\aws_cost_sync.py", line 9, in <module>
    from data.supabase_client import supabase_admin
  File "C:\Users\SrikanthMudaliar\AI-Cloud-Advisor\data\supabase_client.py", line 11, in <module>
    supabase: Client = create_client(
                       ^^^^^^^^^^^^^^
  File "C:\Users\SrikanthMudaliar\AppData\Local\Programs\Python\Python312\Lib\site-packages\supabase\_sync\client.py", line 380, in create_client
    return Client.create(
           ^^^^^^^^^^^^^^
  File "C:\Users\SrikanthMudaliar\AppData\Local\Programs\Python\Python312\Lib\site-packages\supabase\_sync\client.py", line 109, in create
    client = cls(supabase_url, supabase_key, options)
             ^^^^^^^^^^^^^^^^^^^^^^^^^^^^^^^^^^^^^^^^
  File "C:\Users\SrikanthMudaliar\AppData\Local\Programs\Python\Python312\Lib\site-packages\supabase\_sync\client.py", line 63, in __init__
    raise SupabaseException("Invalid URL")
supabase._sync.client.SupabaseException: Invalid URL
Traceback (most recent call last):
  File "C:\Users\SrikanthMudaliar\AI-Cloud-Advisor\aws_cost_sync.py", line 9, in <module>
    from data.supabase_client import supabase_admin
ImportError: cannot import name 'supabase_admin' from 'data.supabase_client' (C:\Users\SrikanthMudaliar\AI-Cloud-Advisor\data\supabase_client.py)
Traceback (most recent call last):
  File "C:\Users\SrikanthMudaliar\AI-Cloud-Advisor\aws_cost_sync.py", line 9, in <module>
    from data.supabase_client import supabase_admin
  File "C:\Users\SrikanthMudaliar\AI-Cloud-Advisor\data\supabase_client.py", line 17, in <module>
    supabase: Client = create_client(
                       ^^^^^^^^^^^^^^
  File "C:\Users\SrikanthMudaliar\AppData\Local\Programs\Python\Python312\Lib\site-packages\supabase\_sync\client.py", line 380, in create_client
    return Client.create(
           ^^^^^^^^^^^^^^
  File "C:\Users\SrikanthMudaliar\AppData\Local\Programs\Python\Python312\Lib\site-packages\supabase\_sync\client.py", line 109, in create
    client = cls(supabase_url, supabase_key, options)
             ^^^^^^^^^^^^^^^^^^^^^^^^^^^^^^^^^^^^^^^^
  File "C:\Users\SrikanthMudaliar\AppData\Local\Programs\Python\Python312\Lib\site-packages\supabase\_sync\client.py", line 63, in __init__
    raise SupabaseException("Invalid URL")
supabase._sync.client.SupabaseException: Invalid URL
Traceback (most recent call last):
  File "C:\Users\SrikanthMudaliar\AI-Cloud-Advisor\aws_cost_sync.py", line 9, in <module>
    from data.supabase_client import supabase_admin
  File "C:\Users\SrikanthMudaliar\AI-Cloud-Advisor\data\supabase_client.py", line 17, in <module>
    supabase: Client = create_client(
                       ^^^^^^^^^^^^^^
  File "C:\Users\SrikanthMudaliar\AppData\Local\Programs\Python\Python312\Lib\site-packages\supabase\_sync\client.py", line 380, in create_client
    return Client.create(
           ^^^^^^^^^^^^^^
  File "C:\Users\SrikanthMudaliar\AppData\Local\Programs\Python\Python312\Lib\site-packages\supabase\_sync\client.py", line 109, in create
    client = cls(supabase_url, supabase_key, options)
             ^^^^^^^^^^^^^^^^^^^^^^^^^^^^^^^^^^^^^^^^
  File "C:\Users\SrikanthMudaliar\AppData\Local\Programs\Python\Python312\Lib\site-packages\supabase\_sync\client.py", line 63, in __init__
    raise SupabaseException("Invalid URL")
supabase._sync.client.SupabaseException: Invalid URL
===================================
SUPABASE URL: your-dev-supabase-url
===================================
Traceback (most recent call last):
  File "C:\Users\SrikanthMudaliar\AI-Cloud-Advisor\aws_cost_sync.py", line 9, in <module>
    from data.supabase_client import supabase_admin
  File "C:\Users\SrikanthMudaliar\AI-Cloud-Advisor\data\supabase_client.py", line 20, in <module>
    supabase: Client = create_client(
                       ^^^^^^^^^^^^^^
  File "C:\Users\SrikanthMudaliar\AppData\Local\Programs\Python\Python312\Lib\site-packages\supabase\_sync\client.py", line 380, in create_client
    return Client.create(
           ^^^^^^^^^^^^^^
  File "C:\Users\SrikanthMudaliar\AppData\Local\Programs\Python\Python312\Lib\site-packages\supabase\_sync\client.py", line 109, in create
    client = cls(supabase_url, supabase_key, options)
             ^^^^^^^^^^^^^^^^^^^^^^^^^^^^^^^^^^^^^^^^
  File "C:\Users\SrikanthMudaliar\AppData\Local\Programs\Python\Python312\Lib\site-packages\supabase\_sync\client.py", line 63, in __init__
    raise SupabaseException("Invalid URL")
supabase._sync.client.SupabaseException: Invalid URL
===================================
SUPABASE URL: your-dev-supabase-url
===================================
Traceback (most recent call last):
  File "C:\Users\SrikanthMudaliar\AI-Cloud-Advisor\aws_cost_sync.py", line 9, in <module>
    from data.supabase_client import supabase_admin
  File "C:\Users\SrikanthMudaliar\AI-Cloud-Advisor\data\supabase_client.py", line 20, in <module>
    supabase: Client = create_client(
                       ^^^^^^^^^^^^^^
  File "C:\Users\SrikanthMudaliar\AppData\Local\Programs\Python\Python312\Lib\site-packages\supabase\_sync\client.py", line 380, in create_client
    return Client.create(
           ^^^^^^^^^^^^^^
  File "C:\Users\SrikanthMudaliar\AppData\Local\Programs\Python\Python312\Lib\site-packages\supabase\_sync\client.py", line 109, in create
    client = cls(supabase_url, supabase_key, options)
             ^^^^^^^^^^^^^^^^^^^^^^^^^^^^^^^^^^^^^^^^
  File "C:\Users\SrikanthMudaliar\AppData\Local\Programs\Python\Python312\Lib\site-packages\supabase\_sync\client.py", line 63, in __init__
    raise SupabaseException("Invalid URL")
supabase._sync.client.SupabaseException: Invalid URL
===================================
SUPABASE URL: your-dev-supabase-url
===================================
Traceback (most recent call last):
  File "C:\Users\SrikanthMudaliar\AI-Cloud-Advisor\aws_cost_sync.py", line 9, in <module>
    from data.supabase_client import supabase_admin
  File "C:\Users\SrikanthMudaliar\AI-Cloud-Advisor\data\supabase_client.py", line 20, in <module>
    supabase: Client = create_client(
                       ^^^^^^^^^^^^^^
  File "C:\Users\SrikanthMudaliar\AppData\Local\Programs\Python\Python312\Lib\site-packages\supabase\_sync\client.py", line 380, in create_client
    return Client.create(
           ^^^^^^^^^^^^^^
  File "C:\Users\SrikanthMudaliar\AppData\Local\Programs\Python\Python312\Lib\site-packages\supabase\_sync\client.py", line 109, in create
    client = cls(supabase_url, supabase_key, options)
             ^^^^^^^^^^^^^^^^^^^^^^^^^^^^^^^^^^^^^^^^
  File "C:\Users\SrikanthMudaliar\AppData\Local\Programs\Python\Python312\Lib\site-packages\supabase\_sync\client.py", line 63, in __init__
    raise SupabaseException("Invalid URL")
supabase._sync.client.SupabaseException: Invalid URL
===================================
SUPABASE URL: your-dev-supabase-url
===================================
Traceback (most recent call last):
  File "C:\Users\SrikanthMudaliar\AI-Cloud-Advisor\aws_cost_sync.py", line 9, in <module>
    from data.supabase_client import supabase_admin
  File "C:\Users\SrikanthMudaliar\AI-Cloud-Advisor\data\supabase_client.py", line 20, in <module>
    supabase: Client = create_client(
                       ^^^^^^^^^^^^^^
  File "C:\Users\SrikanthMudaliar\AppData\Local\Programs\Python\Python312\Lib\site-packages\supabase\_sync\client.py", line 380, in create_client
    return Client.create(
           ^^^^^^^^^^^^^^
  File "C:\Users\SrikanthMudaliar\AppData\Local\Programs\Python\Python312\Lib\site-packages\supabase\_sync\client.py", line 109, in create
    client = cls(supabase_url, supabase_key, options)
             ^^^^^^^^^^^^^^^^^^^^^^^^^^^^^^^^^^^^^^^^
  File "C:\Users\SrikanthMudaliar\AppData\Local\Programs\Python\Python312\Lib\site-packages\supabase\_sync\client.py", line 63, in __init__
    raise SupabaseException("Invalid URL")
supabase._sync.client.SupabaseException: Invalid URL
===================================
SUPABASE URL: your-dev-supabase-url
===================================
Traceback (most recent call last):
  File "C:\Users\SrikanthMudaliar\AI-Cloud-Advisor\aws_cost_sync.py", line 9, in <module>
    from data.supabase_client import supabase_admin
  File "C:\Users\SrikanthMudaliar\AI-Cloud-Advisor\data\supabase_client.py", line 20, in <module>
    supabase: Client = create_client(
                       ^^^^^^^^^^^^^^
  File "C:\Users\SrikanthMudaliar\AppData\Local\Programs\Python\Python312\Lib\site-packages\supabase\_sync\client.py", line 380, in create_client
    return Client.create(
           ^^^^^^^^^^^^^^
  File "C:\Users\SrikanthMudaliar\AppData\Local\Programs\Python\Python312\Lib\site-packages\supabase\_sync\client.py", line 109, in create
    client = cls(supabase_url, supabase_key, options)
             ^^^^^^^^^^^^^^^^^^^^^^^^^^^^^^^^^^^^^^^^
  File "C:\Users\SrikanthMudaliar\AppData\Local\Programs\Python\Python312\Lib\site-packages\supabase\_sync\client.py", line 63, in __init__
    raise SupabaseException("Invalid URL")
supabase._sync.client.SupabaseException: Invalid URL
===================================
SUPABASE URL: your-dev-supabase-url
===================================
Traceback (most recent call last):
  File "C:\Users\SrikanthMudaliar\AI-Cloud-Advisor\aws_cost_sync.py", line 9, in <module>
    from data.supabase_client import supabase_admin
  File "C:\Users\SrikanthMudaliar\AI-Cloud-Advisor\data\supabase_client.py", line 20, in <module>
    supabase: Client = create_client(
                       ^^^^^^^^^^^^^^
  File "C:\Users\SrikanthMudaliar\AppData\Local\Programs\Python\Python312\Lib\site-packages\supabase\_sync\client.py", line 380, in create_client
    return Client.create(
           ^^^^^^^^^^^^^^
  File "C:\Users\SrikanthMudaliar\AppData\Local\Programs\Python\Python312\Lib\site-packages\supabase\_sync\client.py", line 109, in create
    client = cls(supabase_url, supabase_key, options)
             ^^^^^^^^^^^^^^^^^^^^^^^^^^^^^^^^^^^^^^^^
  File "C:\Users\SrikanthMudaliar\AppData\Local\Programs\Python\Python312\Lib\site-packages\supabase\_sync\client.py", line 63, in __init__
    raise SupabaseException("Invalid URL")
supabase._sync.client.SupabaseException: Invalid URL
===================================
SUPABASE URL: your-dev-supabase-url
===================================
Traceback (most recent call last):
  File "C:\Users\SrikanthMudaliar\AI-Cloud-Advisor\aws_cost_sync.py", line 9, in <module>
    from data.supabase_client import supabase_admin
  File "C:\Users\SrikanthMudaliar\AI-Cloud-Advisor\data\supabase_client.py", line 20, in <module>
    supabase: Client = create_client(
                       ^^^^^^^^^^^^^^
  File "C:\Users\SrikanthMudaliar\AppData\Local\Programs\Python\Python312\Lib\site-packages\supabase\_sync\client.py", line 380, in create_client
    return Client.create(
           ^^^^^^^^^^^^^^
  File "C:\Users\SrikanthMudaliar\AppData\Local\Programs\Python\Python312\Lib\site-packages\supabase\_sync\client.py", line 109, in create
    client = cls(supabase_url, supabase_key, options)
             ^^^^^^^^^^^^^^^^^^^^^^^^^^^^^^^^^^^^^^^^
  File "C:\Users\SrikanthMudaliar\AppData\Local\Programs\Python\Python312\Lib\site-packages\supabase\_sync\client.py", line 63, in __init__
    raise SupabaseException("Invalid URL")
supabase._sync.client.SupabaseException: Invalid URL
===================================
SUPABASE URL: your-dev-supabase-url
===================================
Traceback (most recent call last):
  File "C:\Users\SrikanthMudaliar\AI-Cloud-Advisor\aws_cost_sync.py", line 9, in <module>
    from data.supabase_client import supabase_admin
  File "C:\Users\SrikanthMudaliar\AI-Cloud-Advisor\data\supabase_client.py", line 20, in <module>
    supabase: Client = create_client(
                       ^^^^^^^^^^^^^^
  File "C:\Users\SrikanthMudaliar\AppData\Local\Programs\Python\Python312\Lib\site-packages\supabase\_sync\client.py", line 380, in create_client
    return Client.create(
           ^^^^^^^^^^^^^^
  File "C:\Users\SrikanthMudaliar\AppData\Local\Programs\Python\Python312\Lib\site-packages\supabase\_sync\client.py", line 109, in create
    client = cls(supabase_url, supabase_key, options)
             ^^^^^^^^^^^^^^^^^^^^^^^^^^^^^^^^^^^^^^^^
  File "C:\Users\SrikanthMudaliar\AppData\Local\Programs\Python\Python312\Lib\site-packages\supabase\_sync\client.py", line 63, in __init__
    raise SupabaseException("Invalid URL")
supabase._sync.client.SupabaseException: Invalid URL
===================================
SUPABASE URL: your-dev-supabase-url
===================================
Traceback (most recent call last):
  File "C:\Users\SrikanthMudaliar\AI-Cloud-Advisor\aws_cost_sync.py", line 9, in <module>
    from data.supabase_client import supabase_admin
  File "C:\Users\SrikanthMudaliar\AI-Cloud-Advisor\data\supabase_client.py", line 20, in <module>
    supabase: Client = create_client(
                       ^^^^^^^^^^^^^^
  File "C:\Users\SrikanthMudaliar\AppData\Local\Programs\Python\Python312\Lib\site-packages\supabase\_sync\client.py", line 380, in create_client
    return Client.create(
           ^^^^^^^^^^^^^^
  File "C:\Users\SrikanthMudaliar\AppData\Local\Programs\Python\Python312\Lib\site-packages\supabase\_sync\client.py", line 109, in create
    client = cls(supabase_url, supabase_key, options)
             ^^^^^^^^^^^^^^^^^^^^^^^^^^^^^^^^^^^^^^^^
  File "C:\Users\SrikanthMudaliar\AppData\Local\Programs\Python\Python312\Lib\site-packages\supabase\_sync\client.py", line 63, in __init__
    raise SupabaseException("Invalid URL")
supabase._sync.client.SupabaseException: Invalid URL
===================================
SUPABASE URL: your-dev-supabase-url
===================================
Traceback (most recent call last):
  File "C:\Users\SrikanthMudaliar\AI-Cloud-Advisor\aws_cost_sync.py", line 9, in <module>
    from data.supabase_client import supabase_admin
  File "C:\Users\SrikanthMudaliar\AI-Cloud-Advisor\data\supabase_client.py", line 20, in <module>
    supabase: Client = create_client(
                       ^^^^^^^^^^^^^^
  File "C:\Users\SrikanthMudaliar\AppData\Local\Programs\Python\Python312\Lib\site-packages\supabase\_sync\client.py", line 380, in create_client
    return Client.create(
           ^^^^^^^^^^^^^^
  File "C:\Users\SrikanthMudaliar\AppData\Local\Programs\Python\Python312\Lib\site-packages\supabase\_sync\client.py", line 109, in create
    client = cls(supabase_url, supabase_key, options)
             ^^^^^^^^^^^^^^^^^^^^^^^^^^^^^^^^^^^^^^^^
  File "C:\Users\SrikanthMudaliar\AppData\Local\Programs\Python\Python312\Lib\site-packages\supabase\_sync\client.py", line 63, in __init__
    raise SupabaseException("Invalid URL")
supabase._sync.client.SupabaseException: Invalid URL
===================================
SUPABASE URL: your-dev-supabase-url
===================================
Traceback (most recent call last):
  File "C:\Users\SrikanthMudaliar\AI-Cloud-Advisor\aws_cost_sync.py", line 9, in <module>
    from data.supabase_client import supabase_admin
  File "C:\Users\SrikanthMudaliar\AI-Cloud-Advisor\data\supabase_client.py", line 20, in <module>
    supabase: Client = create_client(
                       ^^^^^^^^^^^^^^
  File "C:\Users\SrikanthMudaliar\AppData\Local\Programs\Python\Python312\Lib\site-packages\supabase\_sync\client.py", line 380, in create_client
    return Client.create(
           ^^^^^^^^^^^^^^
  File "C:\Users\SrikanthMudaliar\AppData\Local\Programs\Python\Python312\Lib\site-packages\supabase\_sync\client.py", line 109, in create
    client = cls(supabase_url, supabase_key, options)
             ^^^^^^^^^^^^^^^^^^^^^^^^^^^^^^^^^^^^^^^^
  File "C:\Users\SrikanthMudaliar\AppData\Local\Programs\Python\Python312\Lib\site-packages\supabase\_sync\client.py", line 63, in __init__
    raise SupabaseException("Invalid URL")
supabase._sync.client.SupabaseException: Invalid URL
===================================
SUPABASE URL: your-dev-supabase-url
===================================
Traceback (most recent call last):
  File "C:\Users\SrikanthMudaliar\AI-Cloud-Advisor\aws_cost_sync.py", line 9, in <module>
    from data.supabase_client import supabase_admin
  File "C:\Users\SrikanthMudaliar\AI-Cloud-Advisor\data\supabase_client.py", line 20, in <module>
    supabase: Client = create_client(
                       ^^^^^^^^^^^^^^
  File "C:\Users\SrikanthMudaliar\AppData\Local\Programs\Python\Python312\Lib\site-packages\supabase\_sync\client.py", line 380, in create_client
    return Client.create(
           ^^^^^^^^^^^^^^
  File "C:\Users\SrikanthMudaliar\AppData\Local\Programs\Python\Python312\Lib\site-packages\supabase\_sync\client.py", line 109, in create
    client = cls(supabase_url, supabase_key, options)
             ^^^^^^^^^^^^^^^^^^^^^^^^^^^^^^^^^^^^^^^^
  File "C:\Users\SrikanthMudaliar\AppData\Local\Programs\Python\Python312\Lib\site-packages\supabase\_sync\client.py", line 63, in __init__
    raise SupabaseException("Invalid URL")
supabase._sync.client.SupabaseException: Invalid URL
===================================
SUPABASE URL: your-dev-supabase-url
===================================
Traceback (most recent call last):
  File "C:\Users\SrikanthMudaliar\AI-Cloud-Advisor\aws_cost_sync.py", line 9, in <module>
    from data.supabase_client import supabase_admin
  File "C:\Users\SrikanthMudaliar\AI-Cloud-Advisor\data\supabase_client.py", line 20, in <module>
    supabase: Client = create_client(
                       ^^^^^^^^^^^^^^
  File "C:\Users\SrikanthMudaliar\AppData\Local\Programs\Python\Python312\Lib\site-packages\supabase\_sync\client.py", line 380, in create_client
    return Client.create(
           ^^^^^^^^^^^^^^
  File "C:\Users\SrikanthMudaliar\AppData\Local\Programs\Python\Python312\Lib\site-packages\supabase\_sync\client.py", line 109, in create
    client = cls(supabase_url, supabase_key, options)
             ^^^^^^^^^^^^^^^^^^^^^^^^^^^^^^^^^^^^^^^^
  File "C:\Users\SrikanthMudaliar\AppData\Local\Programs\Python\Python312\Lib\site-packages\supabase\_sync\client.py", line 63, in __init__
    raise SupabaseException("Invalid URL")
supabase._sync.client.SupabaseException: Invalid URL
===================================
SUPABASE URL: your-dev-supabase-url
===================================
Traceback (most recent call last):
  File "C:\Users\SrikanthMudaliar\AI-Cloud-Advisor\aws_cost_sync.py", line 9, in <module>
    from data.supabase_client import supabase_admin
  File "C:\Users\SrikanthMudaliar\AI-Cloud-Advisor\data\supabase_client.py", line 20, in <module>
    supabase: Client = create_client(
                       ^^^^^^^^^^^^^^
  File "C:\Users\SrikanthMudaliar\AppData\Local\Programs\Python\Python312\Lib\site-packages\supabase\_sync\client.py", line 380, in create_client
    return Client.create(
           ^^^^^^^^^^^^^^
  File "C:\Users\SrikanthMudaliar\AppData\Local\Programs\Python\Python312\Lib\site-packages\supabase\_sync\client.py", line 109, in create
    client = cls(supabase_url, supabase_key, options)
             ^^^^^^^^^^^^^^^^^^^^^^^^^^^^^^^^^^^^^^^^
  File "C:\Users\SrikanthMudaliar\AppData\Local\Programs\Python\Python312\Lib\site-packages\supabase\_sync\client.py", line 63, in __init__
    raise SupabaseException("Invalid URL")
supabase._sync.client.SupabaseException: Invalid URL
===================================
SUPABASE URL: your-dev-supabase-url
===================================
Traceback (most recent call last):
  File "C:\Users\SrikanthMudaliar\AI-Cloud-Advisor\aws_cost_sync.py", line 9, in <module>
    from data.supabase_client import supabase_admin
  File "C:\Users\SrikanthMudaliar\AI-Cloud-Advisor\data\supabase_client.py", line 20, in <module>
    supabase: Client = create_client(
                       ^^^^^^^^^^^^^^
  File "C:\Users\SrikanthMudaliar\AppData\Local\Programs\Python\Python312\Lib\site-packages\supabase\_sync\client.py", line 380, in create_client
    return Client.create(
           ^^^^^^^^^^^^^^
  File "C:\Users\SrikanthMudaliar\AppData\Local\Programs\Python\Python312\Lib\site-packages\supabase\_sync\client.py", line 109, in create
    client = cls(supabase_url, supabase_key, options)
             ^^^^^^^^^^^^^^^^^^^^^^^^^^^^^^^^^^^^^^^^
  File "C:\Users\SrikanthMudaliar\AppData\Local\Programs\Python\Python312\Lib\site-packages\supabase\_sync\client.py", line 63, in __init__
    raise SupabaseException("Invalid URL")
supabase._sync.client.SupabaseException: Invalid URL
===================================
SUPABASE URL: your-dev-supabase-url
===================================
Traceback (most recent call last):
  File "C:\Users\SrikanthMudaliar\AI-Cloud-Advisor\aws_cost_sync.py", line 9, in <module>
    from data.supabase_client import supabase_admin
  File "C:\Users\SrikanthMudaliar\AI-Cloud-Advisor\data\supabase_client.py", line 20, in <module>
    supabase: Client = create_client(
                       ^^^^^^^^^^^^^^
  File "C:\Users\SrikanthMudaliar\AppData\Local\Programs\Python\Python312\Lib\site-packages\supabase\_sync\client.py", line 380, in create_client
    return Client.create(
           ^^^^^^^^^^^^^^
  File "C:\Users\SrikanthMudaliar\AppData\Local\Programs\Python\Python312\Lib\site-packages\supabase\_sync\client.py", line 109, in create
    client = cls(supabase_url, supabase_key, options)
             ^^^^^^^^^^^^^^^^^^^^^^^^^^^^^^^^^^^^^^^^
  File "C:\Users\SrikanthMudaliar\AppData\Local\Programs\Python\Python312\Lib\site-packages\supabase\_sync\client.py", line 63, in __init__
    raise SupabaseException("Invalid URL")
supabase._sync.client.SupabaseException: Invalid URL
===================================
SUPABASE URL: your-dev-supabase-url
===================================
Traceback (most recent call last):
  File "C:\Users\SrikanthMudaliar\AI-Cloud-Advisor\aws_cost_sync.py", line 9, in <module>
    from data.supabase_client import supabase_admin
  File "C:\Users\SrikanthMudaliar\AI-Cloud-Advisor\data\supabase_client.py", line 20, in <module>
    supabase: Client = create_client(
                       ^^^^^^^^^^^^^^
  File "C:\Users\SrikanthMudaliar\AppData\Local\Programs\Python\Python312\Lib\site-packages\supabase\_sync\client.py", line 380, in create_client
    return Client.create(
           ^^^^^^^^^^^^^^
  File "C:\Users\SrikanthMudaliar\AppData\Local\Programs\Python\Python312\Lib\site-packages\supabase\_sync\client.py", line 109, in create
    client = cls(supabase_url, supabase_key, options)
             ^^^^^^^^^^^^^^^^^^^^^^^^^^^^^^^^^^^^^^^^
  File "C:\Users\SrikanthMudaliar\AppData\Local\Programs\Python\Python312\Lib\site-packages\supabase\_sync\client.py", line 63, in __init__
    raise SupabaseException("Invalid URL")
supabase._sync.client.SupabaseException: Invalid URL
===================================
SUPABASE URL: your-dev-supabase-url
===================================
Traceback (most recent call last):
  File "C:\Users\SrikanthMudaliar\AI-Cloud-Advisor\aws_cost_sync.py", line 9, in <module>
    from data.supabase_client import supabase_admin
  File "C:\Users\SrikanthMudaliar\AI-Cloud-Advisor\data\supabase_client.py", line 20, in <module>
    supabase: Client = create_client(
                       ^^^^^^^^^^^^^^
  File "C:\Users\SrikanthMudaliar\AppData\Local\Programs\Python\Python312\Lib\site-packages\supabase\_sync\client.py", line 380, in create_client
    return Client.create(
           ^^^^^^^^^^^^^^
  File "C:\Users\SrikanthMudaliar\AppData\Local\Programs\Python\Python312\Lib\site-packages\supabase\_sync\client.py", line 109, in create
    client = cls(supabase_url, supabase_key, options)
             ^^^^^^^^^^^^^^^^^^^^^^^^^^^^^^^^^^^^^^^^
  File "C:\Users\SrikanthMudaliar\AppData\Local\Programs\Python\Python312\Lib\site-packages\supabase\_sync\client.py", line 63, in __init__
    raise SupabaseException("Invalid URL")
supabase._sync.client.SupabaseException: Invalid URL
===================================
SUPABASE URL: your-dev-supabase-url
===================================
Traceback (most recent call last):
  File "C:\Users\SrikanthMudaliar\AI-Cloud-Advisor\aws_cost_sync.py", line 9, in <module>
    from data.supabase_client import supabase_admin
  File "C:\Users\SrikanthMudaliar\AI-Cloud-Advisor\data\supabase_client.py", line 20, in <module>
    supabase: Client = create_client(
                       ^^^^^^^^^^^^^^
  File "C:\Users\SrikanthMudaliar\AppData\Local\Programs\Python\Python312\Lib\site-packages\supabase\_sync\client.py", line 380, in create_client
    return Client.create(
           ^^^^^^^^^^^^^^
  File "C:\Users\SrikanthMudaliar\AppData\Local\Programs\Python\Python312\Lib\site-packages\supabase\_sync\client.py", line 109, in create
    client = cls(supabase_url, supabase_key, options)
             ^^^^^^^^^^^^^^^^^^^^^^^^^^^^^^^^^^^^^^^^
  File "C:\Users\SrikanthMudaliar\AppData\Local\Programs\Python\Python312\Lib\site-packages\supabase\_sync\client.py", line 63, in __init__
    raise SupabaseException("Invalid URL")
supabase._sync.client.SupabaseException: Invalid URL
===================================
SUPABASE URL: your-dev-supabase-url
===================================
Traceback (most recent call last):
  File "C:\Users\SrikanthMudaliar\AI-Cloud-Advisor\aws_cost_sync.py", line 9, in <module>
    from data.supabase_client import supabase_admin
  File "C:\Users\SrikanthMudaliar\AI-Cloud-Advisor\data\supabase_client.py", line 20, in <module>
    supabase: Client = create_client(
                       ^^^^^^^^^^^^^^
  File "C:\Users\SrikanthMudaliar\AppData\Local\Programs\Python\Python312\Lib\site-packages\supabase\_sync\client.py", line 380, in create_client
    return Client.create(
           ^^^^^^^^^^^^^^
  File "C:\Users\SrikanthMudaliar\AppData\Local\Programs\Python\Python312\Lib\site-packages\supabase\_sync\client.py", line 109, in create
    client = cls(supabase_url, supabase_key, options)
             ^^^^^^^^^^^^^^^^^^^^^^^^^^^^^^^^^^^^^^^^
  File "C:\Users\SrikanthMudaliar\AppData\Local\Programs\Python\Python312\Lib\site-packages\supabase\_sync\client.py", line 63, in __init__
    raise SupabaseException("Invalid URL")
supabase._sync.client.SupabaseException: Invalid URL
===================================
SUPABASE URL: your-dev-supabase-url
===================================
Traceback (most recent call last):
  File "C:\Users\SrikanthMudaliar\AI-Cloud-Advisor\aws_cost_sync.py", line 9, in <module>
    from data.supabase_client import supabase_admin
  File "C:\Users\SrikanthMudaliar\AI-Cloud-Advisor\data\supabase_client.py", line 20, in <module>
    supabase: Client = create_client(
                       ^^^^^^^^^^^^^^
  File "C:\Users\SrikanthMudaliar\AppData\Local\Programs\Python\Python312\Lib\site-packages\supabase\_sync\client.py", line 380, in create_client
    return Client.create(
           ^^^^^^^^^^^^^^
  File "C:\Users\SrikanthMudaliar\AppData\Local\Programs\Python\Python312\Lib\site-packages\supabase\_sync\client.py", line 109, in create
    client = cls(supabase_url, supabase_key, options)
             ^^^^^^^^^^^^^^^^^^^^^^^^^^^^^^^^^^^^^^^^
  File "C:\Users\SrikanthMudaliar\AppData\Local\Programs\Python\Python312\Lib\site-packages\supabase\_sync\client.py", line 63, in __init__
    raise SupabaseException("Invalid URL")
supabase._sync.client.SupabaseException: Invalid URL
===================================
SUPABASE URL: your-dev-supabase-url
===================================
Traceback (most recent call last):
  File "C:\Users\SrikanthMudaliar\AI-Cloud-Advisor\aws_cost_sync.py", line 9, in <module>
    from data.supabase_client import supabase_admin
  File "C:\Users\SrikanthMudaliar\AI-Cloud-Advisor\data\supabase_client.py", line 20, in <module>
    supabase: Client = create_client(
                       ^^^^^^^^^^^^^^
  File "C:\Users\SrikanthMudaliar\AppData\Local\Programs\Python\Python312\Lib\site-packages\supabase\_sync\client.py", line 380, in create_client
    return Client.create(
           ^^^^^^^^^^^^^^
  File "C:\Users\SrikanthMudaliar\AppData\Local\Programs\Python\Python312\Lib\site-packages\supabase\_sync\client.py", line 109, in create
    client = cls(supabase_url, supabase_key, options)
             ^^^^^^^^^^^^^^^^^^^^^^^^^^^^^^^^^^^^^^^^
  File "C:\Users\SrikanthMudaliar\AppData\Local\Programs\Python\Python312\Lib\site-packages\supabase\_sync\client.py", line 63, in __init__
    raise SupabaseException("Invalid URL")
supabase._sync.client.SupabaseException: Invalid URL
===================================
SUPABASE URL: your-dev-supabase-url
===================================
Traceback (most recent call last):
  File "C:\Users\SrikanthMudaliar\AI-Cloud-Advisor\aws_cost_sync.py", line 9, in <module>
    from data.supabase_client import supabase_admin
  File "C:\Users\SrikanthMudaliar\AI-Cloud-Advisor\data\supabase_client.py", line 20, in <module>
    supabase: Client = create_client(
                       ^^^^^^^^^^^^^^
  File "C:\Users\SrikanthMudaliar\AppData\Local\Programs\Python\Python312\Lib\site-packages\supabase\_sync\client.py", line 380, in create_client
    return Client.create(
           ^^^^^^^^^^^^^^
  File "C:\Users\SrikanthMudaliar\AppData\Local\Programs\Python\Python312\Lib\site-packages\supabase\_sync\client.py", line 109, in create
    client = cls(supabase_url, supabase_key, options)
             ^^^^^^^^^^^^^^^^^^^^^^^^^^^^^^^^^^^^^^^^
  File "C:\Users\SrikanthMudaliar\AppData\Local\Programs\Python\Python312\Lib\site-packages\supabase\_sync\client.py", line 63, in __init__
    raise SupabaseException("Invalid URL")
supabase._sync.client.SupabaseException: Invalid URL
===================================
SUPABASE URL: your-dev-supabase-url
===================================
Traceback (most recent call last):
  File "C:\Users\SrikanthMudaliar\AI-Cloud-Advisor\aws_cost_sync.py", line 9, in <module>
    from data.supabase_client import supabase_admin
  File "C:\Users\SrikanthMudaliar\AI-Cloud-Advisor\data\supabase_client.py", line 20, in <module>
    supabase: Client = create_client(
                       ^^^^^^^^^^^^^^
  File "C:\Users\SrikanthMudaliar\AppData\Local\Programs\Python\Python312\Lib\site-packages\supabase\_sync\client.py", line 380, in create_client
    return Client.create(
           ^^^^^^^^^^^^^^
  File "C:\Users\SrikanthMudaliar\AppData\Local\Programs\Python\Python312\Lib\site-packages\supabase\_sync\client.py", line 109, in create
    client = cls(supabase_url, supabase_key, options)
             ^^^^^^^^^^^^^^^^^^^^^^^^^^^^^^^^^^^^^^^^
  File "C:\Users\SrikanthMudaliar\AppData\Local\Programs\Python\Python312\Lib\site-packages\supabase\_sync\client.py", line 63, in __init__
    raise SupabaseException("Invalid URL")
supabase._sync.client.SupabaseException: Invalid URL
===================================
SUPABASE URL: your-dev-supabase-url
===================================
Traceback (most recent call last):
  File "C:\Users\SrikanthMudaliar\AI-Cloud-Advisor\aws_cost_sync.py", line 9, in <module>
    from data.supabase_client import supabase_admin
  File "C:\Users\SrikanthMudaliar\AI-Cloud-Advisor\data\supabase_client.py", line 20, in <module>
    supabase: Client = create_client(
                       ^^^^^^^^^^^^^^
  File "C:\Users\SrikanthMudaliar\AppData\Local\Programs\Python\Python312\Lib\site-packages\supabase\_sync\client.py", line 380, in create_client
    return Client.create(
           ^^^^^^^^^^^^^^
  File "C:\Users\SrikanthMudaliar\AppData\Local\Programs\Python\Python312\Lib\site-packages\supabase\_sync\client.py", line 109, in create
    client = cls(supabase_url, supabase_key, options)
             ^^^^^^^^^^^^^^^^^^^^^^^^^^^^^^^^^^^^^^^^
  File "C:\Users\SrikanthMudaliar\AppData\Local\Programs\Python\Python312\Lib\site-packages\supabase\_sync\client.py", line 63, in __init__
    raise SupabaseException("Invalid URL")
supabase._sync.client.SupabaseException: Invalid URL
===================================
SUPABASE URL: your-dev-supabase-url
===================================
Traceback (most recent call last):
  File "C:\Users\SrikanthMudaliar\AI-Cloud-Advisor\aws_cost_sync.py", line 9, in <module>
    from data.supabase_client import supabase_admin
  File "C:\Users\SrikanthMudaliar\AI-Cloud-Advisor\data\supabase_client.py", line 20, in <module>
    supabase: Client = create_client(
                       ^^^^^^^^^^^^^^
  File "C:\Users\SrikanthMudaliar\AppData\Local\Programs\Python\Python312\Lib\site-packages\supabase\_sync\client.py", line 380, in create_client
    return Client.create(
           ^^^^^^^^^^^^^^
  File "C:\Users\SrikanthMudaliar\AppData\Local\Programs\Python\Python312\Lib\site-packages\supabase\_sync\client.py", line 109, in create
    client = cls(supabase_url, supabase_key, options)
             ^^^^^^^^^^^^^^^^^^^^^^^^^^^^^^^^^^^^^^^^
  File "C:\Users\SrikanthMudaliar\AppData\Local\Programs\Python\Python312\Lib\site-packages\supabase\_sync\client.py", line 63, in __init__
    raise SupabaseException("Invalid URL")
supabase._sync.client.SupabaseException: Invalid URL
===================================
SUPABASE URL: your-dev-supabase-url
===================================
Traceback (most recent call last):
  File "C:\Users\SrikanthMudaliar\AI-Cloud-Advisor\aws_cost_sync.py", line 9, in <module>
    from data.supabase_client import supabase_admin
  File "C:\Users\SrikanthMudaliar\AI-Cloud-Advisor\data\supabase_client.py", line 20, in <module>
    supabase: Client = create_client(
                       ^^^^^^^^^^^^^^
  File "C:\Users\SrikanthMudaliar\AppData\Local\Programs\Python\Python312\Lib\site-packages\supabase\_sync\client.py", line 380, in create_client
    return Client.create(
           ^^^^^^^^^^^^^^
  File "C:\Users\SrikanthMudaliar\AppData\Local\Programs\Python\Python312\Lib\site-packages\supabase\_sync\client.py", line 109, in create
    client = cls(supabase_url, supabase_key, options)
             ^^^^^^^^^^^^^^^^^^^^^^^^^^^^^^^^^^^^^^^^
  File "C:\Users\SrikanthMudaliar\AppData\Local\Programs\Python\Python312\Lib\site-packages\supabase\_sync\client.py", line 63, in __init__
    raise SupabaseException("Invalid URL")
supabase._sync.client.SupabaseException: Invalid URL
===================================
SUPABASE URL: your-dev-supabase-url
===================================
Traceback (most recent call last):
  File "C:\Users\SrikanthMudaliar\AI-Cloud-Advisor\aws_cost_sync.py", line 9, in <module>
    from data.supabase_client import supabase_admin
  File "C:\Users\SrikanthMudaliar\AI-Cloud-Advisor\data\supabase_client.py", line 20, in <module>
    supabase: Client = create_client(
                       ^^^^^^^^^^^^^^
  File "C:\Users\SrikanthMudaliar\AppData\Local\Programs\Python\Python312\Lib\site-packages\supabase\_sync\client.py", line 380, in create_client
    return Client.create(
           ^^^^^^^^^^^^^^
  File "C:\Users\SrikanthMudaliar\AppData\Local\Programs\Python\Python312\Lib\site-packages\supabase\_sync\client.py", line 109, in create
    client = cls(supabase_url, supabase_key, options)
             ^^^^^^^^^^^^^^^^^^^^^^^^^^^^^^^^^^^^^^^^
  File "C:\Users\SrikanthMudaliar\AppData\Local\Programs\Python\Python312\Lib\site-packages\supabase\_sync\client.py", line 63, in __init__
    raise SupabaseException("Invalid URL")
supabase._sync.client.SupabaseException: Invalid URL
===================================
SUPABASE URL: your-dev-supabase-url
===================================
Traceback (most recent call last):
  File "C:\Users\SrikanthMudaliar\AI-Cloud-Advisor\aws_cost_sync.py", line 9, in <module>
    from data.supabase_client import supabase_admin
  File "C:\Users\SrikanthMudaliar\AI-Cloud-Advisor\data\supabase_client.py", line 20, in <module>
    supabase: Client = create_client(
                       ^^^^^^^^^^^^^^
  File "C:\Users\SrikanthMudaliar\AppData\Local\Programs\Python\Python312\Lib\site-packages\supabase\_sync\client.py", line 380, in create_client
    return Client.create(
           ^^^^^^^^^^^^^^
  File "C:\Users\SrikanthMudaliar\AppData\Local\Programs\Python\Python312\Lib\site-packages\supabase\_sync\client.py", line 109, in create
    client = cls(supabase_url, supabase_key, options)
             ^^^^^^^^^^^^^^^^^^^^^^^^^^^^^^^^^^^^^^^^
  File "C:\Users\SrikanthMudaliar\AppData\Local\Programs\Python\Python312\Lib\site-packages\supabase\_sync\client.py", line 63, in __init__
    raise SupabaseException("Invalid URL")
supabase._sync.client.SupabaseException: Invalid URL
===================================
SUPABASE URL: your-dev-supabase-url
===================================
Traceback (most recent call last):
  File "C:\Users\SrikanthMudaliar\AI-Cloud-Advisor\aws_cost_sync.py", line 9, in <module>
    from data.supabase_client import supabase_admin
  File "C:\Users\SrikanthMudaliar\AI-Cloud-Advisor\data\supabase_client.py", line 20, in <module>
    supabase: Client = create_client(
                       ^^^^^^^^^^^^^^
  File "C:\Users\SrikanthMudaliar\AppData\Local\Programs\Python\Python312\Lib\site-packages\supabase\_sync\client.py", line 380, in create_client
    return Client.create(
           ^^^^^^^^^^^^^^
  File "C:\Users\SrikanthMudaliar\AppData\Local\Programs\Python\Python312\Lib\site-packages\supabase\_sync\client.py", line 109, in create
    client = cls(supabase_url, supabase_key, options)
             ^^^^^^^^^^^^^^^^^^^^^^^^^^^^^^^^^^^^^^^^
  File "C:\Users\SrikanthMudaliar\AppData\Local\Programs\Python\Python312\Lib\site-packages\supabase\_sync\client.py", line 63, in __init__
    raise SupabaseException("Invalid URL")
supabase._sync.client.SupabaseException: Invalid URL
===================================
SUPABASE URL: your-dev-supabase-url
===================================
Traceback (most recent call last):
  File "C:\Users\SrikanthMudaliar\AI-Cloud-Advisor\aws_cost_sync.py", line 9, in <module>
    from data.supabase_client import supabase_admin
  File "C:\Users\SrikanthMudaliar\AI-Cloud-Advisor\data\supabase_client.py", line 20, in <module>
    supabase: Client = create_client(
                       ^^^^^^^^^^^^^^
  File "C:\Users\SrikanthMudaliar\AppData\Local\Programs\Python\Python312\Lib\site-packages\supabase\_sync\client.py", line 380, in create_client
    return Client.create(
           ^^^^^^^^^^^^^^
  File "C:\Users\SrikanthMudaliar\AppData\Local\Programs\Python\Python312\Lib\site-packages\supabase\_sync\client.py", line 109, in create
    client = cls(supabase_url, supabase_key, options)
             ^^^^^^^^^^^^^^^^^^^^^^^^^^^^^^^^^^^^^^^^
  File "C:\Users\SrikanthMudaliar\AppData\Local\Programs\Python\Python312\Lib\site-packages\supabase\_sync\client.py", line 63, in __init__
    raise SupabaseException("Invalid URL")
supabase._sync.client.SupabaseException: Invalid URL
===================================
SUPABASE URL: your-dev-supabase-url
===================================
Traceback (most recent call last):
  File "C:\Users\SrikanthMudaliar\AI-Cloud-Advisor\aws_cost_sync.py", line 9, in <module>
    from data.supabase_client import supabase_admin
  File "C:\Users\SrikanthMudaliar\AI-Cloud-Advisor\data\supabase_client.py", line 20, in <module>
    supabase: Client = create_client(
                       ^^^^^^^^^^^^^^
  File "C:\Users\SrikanthMudaliar\AppData\Local\Programs\Python\Python312\Lib\site-packages\supabase\_sync\client.py", line 380, in create_client
    return Client.create(
           ^^^^^^^^^^^^^^
  File "C:\Users\SrikanthMudaliar\AppData\Local\Programs\Python\Python312\Lib\site-packages\supabase\_sync\client.py", line 109, in create
    client = cls(supabase_url, supabase_key, options)
             ^^^^^^^^^^^^^^^^^^^^^^^^^^^^^^^^^^^^^^^^
  File "C:\Users\SrikanthMudaliar\AppData\Local\Programs\Python\Python312\Lib\site-packages\supabase\_sync\client.py", line 63, in __init__
    raise SupabaseException("Invalid URL")
supabase._sync.client.SupabaseException: Invalid URL
===================================
SUPABASE URL: your-dev-supabase-url
===================================
Traceback (most recent call last):
  File "C:\Users\SrikanthMudaliar\AI-Cloud-Advisor\aws_cost_sync.py", line 9, in <module>
    from data.supabase_client import supabase_admin
  File "C:\Users\SrikanthMudaliar\AI-Cloud-Advisor\data\supabase_client.py", line 20, in <module>
    supabase: Client = create_client(
                       ^^^^^^^^^^^^^^
  File "C:\Users\SrikanthMudaliar\AppData\Local\Programs\Python\Python312\Lib\site-packages\supabase\_sync\client.py", line 380, in create_client
    return Client.create(
           ^^^^^^^^^^^^^^
  File "C:\Users\SrikanthMudaliar\AppData\Local\Programs\Python\Python312\Lib\site-packages\supabase\_sync\client.py", line 109, in create
    client = cls(supabase_url, supabase_key, options)
             ^^^^^^^^^^^^^^^^^^^^^^^^^^^^^^^^^^^^^^^^
  File "C:\Users\SrikanthMudaliar\AppData\Local\Programs\Python\Python312\Lib\site-packages\supabase\_sync\client.py", line 63, in __init__
    raise SupabaseException("Invalid URL")
supabase._sync.client.SupabaseException: Invalid URL
===================================
SUPABASE URL: your-dev-supabase-url
===================================
Traceback (most recent call last):
  File "C:\Users\SrikanthMudaliar\AI-Cloud-Advisor\aws_cost_sync.py", line 9, in <module>
    from data.supabase_client import supabase_admin
  File "C:\Users\SrikanthMudaliar\AI-Cloud-Advisor\data\supabase_client.py", line 20, in <module>
    supabase: Client = create_client(
                       ^^^^^^^^^^^^^^
  File "C:\Users\SrikanthMudaliar\AppData\Local\Programs\Python\Python312\Lib\site-packages\supabase\_sync\client.py", line 380, in create_client
    return Client.create(
           ^^^^^^^^^^^^^^
  File "C:\Users\SrikanthMudaliar\AppData\Local\Programs\Python\Python312\Lib\site-packages\supabase\_sync\client.py", line 109, in create
    client = cls(supabase_url, supabase_key, options)
             ^^^^^^^^^^^^^^^^^^^^^^^^^^^^^^^^^^^^^^^^
  File "C:\Users\SrikanthMudaliar\AppData\Local\Programs\Python\Python312\Lib\site-packages\supabase\_sync\client.py", line 63, in __init__
    raise SupabaseException("Invalid URL")
supabase._sync.client.SupabaseException: Invalid URL
===================================
SUPABASE URL: your-dev-supabase-url
===================================
Traceback (most recent call last):
  File "C:\Users\SrikanthMudaliar\AI-Cloud-Advisor\aws_cost_sync.py", line 9, in <module>
    from data.supabase_client import supabase_admin
  File "C:\Users\SrikanthMudaliar\AI-Cloud-Advisor\data\supabase_client.py", line 20, in <module>
    supabase: Client = create_client(
                       ^^^^^^^^^^^^^^
  File "C:\Users\SrikanthMudaliar\AppData\Local\Programs\Python\Python312\Lib\site-packages\supabase\_sync\client.py", line 380, in create_client
    return Client.create(
           ^^^^^^^^^^^^^^
  File "C:\Users\SrikanthMudaliar\AppData\Local\Programs\Python\Python312\Lib\site-packages\supabase\_sync\client.py", line 109, in create
    client = cls(supabase_url, supabase_key, options)
             ^^^^^^^^^^^^^^^^^^^^^^^^^^^^^^^^^^^^^^^^
  File "C:\Users\SrikanthMudaliar\AppData\Local\Programs\Python\Python312\Lib\site-packages\supabase\_sync\client.py", line 63, in __init__
    raise SupabaseException("Invalid URL")
supabase._sync.client.SupabaseException: Invalid URL
===================================
SUPABASE URL: your-dev-supabase-url
===================================
Traceback (most recent call last):
  File "C:\Users\SrikanthMudaliar\AI-Cloud-Advisor\aws_cost_sync.py", line 9, in <module>
    from data.supabase_client import supabase_admin
  File "C:\Users\SrikanthMudaliar\AI-Cloud-Advisor\data\supabase_client.py", line 20, in <module>
    supabase: Client = create_client(
                       ^^^^^^^^^^^^^^
  File "C:\Users\SrikanthMudaliar\AppData\Local\Programs\Python\Python312\Lib\site-packages\supabase\_sync\client.py", line 380, in create_client
    return Client.create(
           ^^^^^^^^^^^^^^
  File "C:\Users\SrikanthMudaliar\AppData\Local\Programs\Python\Python312\Lib\site-packages\supabase\_sync\client.py", line 109, in create
    client = cls(supabase_url, supabase_key, options)
             ^^^^^^^^^^^^^^^^^^^^^^^^^^^^^^^^^^^^^^^^
  File "C:\Users\SrikanthMudaliar\AppData\Local\Programs\Python\Python312\Lib\site-packages\supabase\_sync\client.py", line 63, in __init__
    raise SupabaseException("Invalid URL")
supabase._sync.client.SupabaseException: Invalid URL
Traceback (most recent call last):
  File "C:\Users\SrikanthMudaliar\AI-Cloud-Advisor\aws_cost_sync.py", line 11, in <module>
    from core.transformers import (
ImportError: cannot import name 'COSTS_REQUIRED_FIELDS' from 'core.transformers' (unknown location)
Traceback (most recent call last):
  File "C:\Users\SrikanthMudaliar\AI-Cloud-Advisor\aws_cost_sync.py", line 11, in <module>
    from core.transformers import (
ImportError: cannot import name 'COSTS_REQUIRED_FIELDS' from 'core.transformers' (unknown location)
Traceback (most recent call last):
  File "C:\Users\SrikanthMudaliar\AI-Cloud-Advisor\aws_cost_sync.py", line 11, in <module>
    from core.transformers import (
ImportError: cannot import name 'COSTS_REQUIRED_FIELDS' from 'core.transformers' (unknown location)
Traceback (most recent call last):
  File "C:\Users\SrikanthMudaliar\AI-Cloud-Advisor\aws_cost_sync.py", line 11, in <module>
    from core.transformers import (
ImportError: cannot import name 'COSTS_REQUIRED_FIELDS' from 'core.transformers' (unknown location)
Traceback (most recent call last):
  File "C:\Users\SrikanthMudaliar\AI-Cloud-Advisor\aws_cost_sync.py", line 11, in <module>
    from core.transformers import (
ImportError: cannot import name 'COSTS_REQUIRED_FIELDS' from 'core.transformers' (unknown location)
Traceback (most recent call last):
  File "C:\Users\SrikanthMudaliar\AI-Cloud-Advisor\aws_cost_sync.py", line 11, in <module>
    from core.transformers import (
ImportError: cannot import name 'COSTS_REQUIRED_FIELDS' from 'core.transformers' (unknown location)
Traceback (most recent call last):
  File "C:\Users\SrikanthMudaliar\AI-Cloud-Advisor\aws_cost_sync.py", line 11, in <module>
    from core.transformers import (
ImportError: cannot import name 'COSTS_REQUIRED_FIELDS' from 'core.transformers' (unknown location)
Traceback (most recent call last):
  File "C:\Users\SrikanthMudaliar\AI-Cloud-Advisor\aws_cost_sync.py", line 11, in <module>
    from core.transformers import (
ImportError: cannot import name 'COSTS_REQUIRED_FIELDS' from 'core.transformers' (unknown location)
Traceback (most recent call last):
  File "C:\Users\SrikanthMudaliar\AI-Cloud-Advisor\aws_cost_sync.py", line 11, in <module>
    from core.transformers import (
ImportError: cannot import name 'COSTS_REQUIRED_FIELDS' from 'core.transformers' (unknown location)
Traceback (most recent call last):
  File "C:\Users\SrikanthMudaliar\AI-Cloud-Advisor\aws_cost_sync.py", line 11, in <module>
    from core.transformers import (
ImportError: cannot import name 'COSTS_REQUIRED_FIELDS' from 'core.transformers' (unknown location)
Traceback (most recent call last):
  File "C:\Users\SrikanthMudaliar\AI-Cloud-Advisor\aws_cost_sync.py", line 11, in <module>
    from core.transformers import (
ImportError: cannot import name 'COSTS_REQUIRED_FIELDS' from 'core.transformers' (unknown location)
Traceback (most recent call last):
  File "C:\Users\SrikanthMudaliar\AI-Cloud-Advisor\aws_cost_sync.py", line 11, in <module>
    from core.transformers import (
ImportError: cannot import name 'COSTS_REQUIRED_FIELDS' from 'core.transformers' (unknown location)
Traceback (most recent call last):
  File "C:\Users\SrikanthMudaliar\AI-Cloud-Advisor\aws_cost_sync.py", line 11, in <module>
    from core.transformers import (
ImportError: cannot import name 'COSTS_REQUIRED_FIELDS' from 'core.transformers' (unknown location)
Traceback (most recent call last):
  File "C:\Users\SrikanthMudaliar\AI-Cloud-Advisor\aws_cost_sync.py", line 11, in <module>
    from core.transformers import (
ImportError: cannot import name 'COSTS_REQUIRED_FIELDS' from 'core.transformers' (unknown location)
Traceback (most recent call last):
  File "C:\Users\SrikanthMudaliar\AI-Cloud-Advisor\aws_cost_sync.py", line 11, in <module>
    from core.transformers import (
ImportError: cannot import name 'COSTS_REQUIRED_FIELDS' from 'core.transformers' (unknown location)
Traceback (most recent call last):
  File "C:\Users\SrikanthMudaliar\AI-Cloud-Advisor\aws_cost_sync.py", line 11, in <module>
    from core.transformers import (
ImportError: cannot import name 'COSTS_REQUIRED_FIELDS' from 'core.transformers' (unknown location)
Traceback (most recent call last):
  File "C:\Users\SrikanthMudaliar\AI-Cloud-Advisor\aws_cost_sync.py", line 11, in <module>
    from core.transformers import (
ImportError: cannot import name 'COSTS_REQUIRED_FIELDS' from 'core.transformers' (unknown location)
Traceback (most recent call last):
  File "C:\Users\SrikanthMudaliar\AI-Cloud-Advisor\aws_cost_sync.py", line 11, in <module>
    from core.transformers import (
ImportError: cannot import name 'COSTS_REQUIRED_FIELDS' from 'core.transformers' (unknown location)
Traceback (most recent call last):
  File "C:\Users\SrikanthMudaliar\AI-Cloud-Advisor\aws_cost_sync.py", line 11, in <module>
    from core.transformers import (
ImportError: cannot import name 'COSTS_REQUIRED_FIELDS' from 'core.transformers' (unknown location)
Traceback (most recent call last):
  File "C:\Users\SrikanthMudaliar\AI-Cloud-Advisor\aws_cost_sync.py", line 11, in <module>
    from core.transformers import (
ImportError: cannot import name 'COSTS_REQUIRED_FIELDS' from 'core.transformers' (unknown location)
Traceback (most recent call last):
  File "C:\Users\SrikanthMudaliar\AI-Cloud-Advisor\aws_cost_sync.py", line 11, in <module>
    from core.transformers import (
ImportError: cannot import name 'COSTS_REQUIRED_FIELDS' from 'core.transformers' (unknown location)
Traceback (most recent call last):
  File "C:\Users\SrikanthMudaliar\AI-Cloud-Advisor\aws_cost_sync.py", line 11, in <module>
    from core.transformers import (
ImportError: cannot import name 'COSTS_REQUIRED_FIELDS' from 'core.transformers' (unknown location)
Traceback (most recent call last):
  File "C:\Users\SrikanthMudaliar\AI-Cloud-Advisor\aws_cost_sync.py", line 11, in <module>
    from core.transformers import (
ImportError: cannot import name 'COSTS_REQUIRED_FIELDS' from 'core.transformers' (unknown location)
Traceback (most recent call last):
  File "C:\Users\SrikanthMudaliar\AI-Cloud-Advisor\aws_cost_sync.py", line 11, in <module>
    from core.transformers import (
ImportError: cannot import name 'COSTS_REQUIRED_FIELDS' from 'core.transformers' (unknown location)
Traceback (most recent call last):
  File "C:\Users\SrikanthMudaliar\AI-Cloud-Advisor\aws_cost_sync.py", line 11, in <module>
    from core.transformers import (
ImportError: cannot import name 'COSTS_REQUIRED_FIELDS' from 'core.transformers' (unknown location)
Traceback (most recent call last):
  File "C:\Users\SrikanthMudaliar\AI-Cloud-Advisor\aws_cost_sync.py", line 11, in <module>
    from core.transformers import (
ImportError: cannot import name 'COSTS_REQUIRED_FIELDS' from 'core.transformers' (unknown location)
Traceback (most recent call last):
  File "C:\Users\SrikanthMudaliar\AI-Cloud-Advisor\aws_cost_sync.py", line 11, in <module>
    from core.transformers import (
ImportError: cannot import name 'COSTS_REQUIRED_FIELDS' from 'core.transformers' (unknown location)
Traceback (most recent call last):
  File "C:\Users\SrikanthMudaliar\AI-Cloud-Advisor\aws_cost_sync.py", line 11, in <module>
    from core.transformers import (
ImportError: cannot import name 'COSTS_REQUIRED_FIELDS' from 'core.transformers' (unknown location)
Traceback (most recent call last):
  File "C:\Users\SrikanthMudaliar\AI-Cloud-Advisor\aws_cost_sync.py", line 11, in <module>
    from core.transformers import (
ImportError: cannot import name 'COSTS_REQUIRED_FIELDS' from 'core.transformers' (unknown location)
Traceback (most recent call last):
  File "C:\Users\SrikanthMudaliar\AI-Cloud-Advisor\aws_cost_sync.py", line 11, in <module>
    from core.transformers import (
ImportError: cannot import name 'COSTS_REQUIRED_FIELDS' from 'core.transformers' (unknown location)
Traceback (most recent call last):
  File "C:\Users\SrikanthMudaliar\AI-Cloud-Advisor\aws_cost_sync.py", line 11, in <module>
    from core.transformers import (
ImportError: cannot import name 'COSTS_REQUIRED_FIELDS' from 'core.transformers' (unknown location)
Traceback (most recent call last):
  File "C:\Users\SrikanthMudaliar\AI-Cloud-Advisor\aws_cost_sync.py", line 11, in <module>
    from core.transformers import (
ImportError: cannot import name 'COSTS_REQUIRED_FIELDS' from 'core.transformers' (unknown location)
Traceback (most recent call last):
  File "C:\Users\SrikanthMudaliar\AI-Cloud-Advisor\aws_cost_sync.py", line 11, in <module>
    from core.transformers import (
ImportError: cannot import name 'COSTS_REQUIRED_FIELDS' from 'core.transformers' (unknown location)
Traceback (most recent call last):
  File "C:\Users\SrikanthMudaliar\AI-Cloud-Advisor\aws_cost_sync.py", line 11, in <module>
    from core.transformers import (
ImportError: cannot import name 'COSTS_REQUIRED_FIELDS' from 'core.transformers' (unknown location)
Traceback (most recent call last):
  File "C:\Users\SrikanthMudaliar\AI-Cloud-Advisor\aws_cost_sync.py", line 11, in <module>
    from core.transformers import (
ImportError: cannot import name 'COSTS_REQUIRED_FIELDS' from 'core.transformers' (unknown location)
Traceback (most recent call last):
  File "C:\Users\SrikanthMudaliar\AI-Cloud-Advisor\aws_cost_sync.py", line 11, in <module>
    from core.transformers import (
ImportError: cannot import name 'COSTS_REQUIRED_FIELDS' from 'core.transformers' (unknown location)
Traceback (most recent call last):
  File "C:\Users\SrikanthMudaliar\AI-Cloud-Advisor\aws_cost_sync.py", line 11, in <module>
    from core.transformers import (
ImportError: cannot import name 'COSTS_REQUIRED_FIELDS' from 'core.transformers' (unknown location)
Traceback (most recent call last):
  File "C:\Users\SrikanthMudaliar\AI-Cloud-Advisor\aws_cost_sync.py", line 11, in <module>
    from core.transformers import (
ImportError: cannot import name 'COSTS_REQUIRED_FIELDS' from 'core.transformers' (unknown location)
Traceback (most recent call last):
  File "C:\Users\SrikanthMudaliar\AI-Cloud-Advisor\aws_cost_sync.py", line 11, in <module>
    from core.transformers import (
ImportError: cannot import name 'COSTS_REQUIRED_FIELDS' from 'core.transformers' (unknown location)
Traceback (most recent call last):
  File "C:\Users\SrikanthMudaliar\AI-Cloud-Advisor\aws_cost_sync.py", line 11, in <module>
    from core.transformers import (
ImportError: cannot import name 'COSTS_REQUIRED_FIELDS' from 'core.transformers' (unknown location)
Traceback (most recent call last):
  File "C:\Users\SrikanthMudaliar\AI-Cloud-Advisor\aws_cost_sync.py", line 11, in <module>
    from core.transformers import (
ImportError: cannot import name 'COSTS_REQUIRED_FIELDS' from 'core.transformers' (unknown location)
Traceback (most recent call last):
  File "C:\Users\SrikanthMudaliar\AI-Cloud-Advisor\aws_cost_sync.py", line 11, in <module>
    from core.transformers import (
ImportError: cannot import name 'COSTS_REQUIRED_FIELDS' from 'core.transformers' (unknown location)
Traceback (most recent call last):
  File "C:\Users\SrikanthMudaliar\AI-Cloud-Advisor\aws_cost_sync.py", line 11, in <module>
    from core.transformers import (
ImportError: cannot import name 'COSTS_REQUIRED_FIELDS' from 'core.transformers' (unknown location)
Traceback (most recent call last):
  File "C:\Users\SrikanthMudaliar\AI-Cloud-Advisor\aws_cost_sync.py", line 11, in <module>
    from core.transformers import (
ImportError: cannot import name 'COSTS_REQUIRED_FIELDS' from 'core.transformers' (unknown location)
Traceback (most recent call last):
  File "C:\Users\SrikanthMudaliar\AI-Cloud-Advisor\aws_cost_sync.py", line 11, in <module>
    from core.transformers import (
ImportError: cannot import name 'COSTS_REQUIRED_FIELDS' from 'core.transformers' (unknown location)
Traceback (most recent call last):
  File "C:\Users\SrikanthMudaliar\AI-Cloud-Advisor\aws_cost_sync.py", line 11, in <module>
    from core.transformers import (
ImportError: cannot import name 'COSTS_REQUIRED_FIELDS' from 'core.transformers' (unknown location)
Traceback (most recent call last):
  File "C:\Users\SrikanthMudaliar\AI-Cloud-Advisor\aws_cost_sync.py", line 11, in <module>
    from core.transformers import (
ImportError: cannot import name 'COSTS_REQUIRED_FIELDS' from 'core.transformers' (unknown location)
Traceback (most recent call last):
  File "C:\Users\SrikanthMudaliar\AI-Cloud-Advisor\aws_cost_sync.py", line 11, in <module>
    from core.transformers import (
ImportError: cannot import name 'COSTS_REQUIRED_FIELDS' from 'core.transformers' (unknown location)
Traceback (most recent call last):
  File "C:\Users\SrikanthMudaliar\AI-Cloud-Advisor\aws_cost_sync.py", line 11, in <module>
    from core.transformers import (
ImportError: cannot import name 'COSTS_REQUIRED_FIELDS' from 'core.transformers' (unknown location)
Traceback (most recent call last):
  File "C:\Users\SrikanthMudaliar\AI-Cloud-Advisor\aws_cost_sync.py", line 11, in <module>
    from core.transformers import (
ImportError: cannot import name 'COSTS_REQUIRED_FIELDS' from 'core.transformers' (unknown location)
Traceback (most recent call last):
  File "C:\Users\SrikanthMudaliar\AI-Cloud-Advisor\aws_cost_sync.py", line 11, in <module>
    from core.transformers import (
ImportError: cannot import name 'COSTS_REQUIRED_FIELDS' from 'core.transformers' (unknown location)
Traceback (most recent call last):
  File "C:\Users\SrikanthMudaliar\AI-Cloud-Advisor\aws_cost_sync.py", line 11, in <module>
    from core.transformers import (
ImportError: cannot import name 'COSTS_REQUIRED_FIELDS' from 'core.transformers' (unknown location)
Traceback (most recent call last):
  File "C:\Users\SrikanthMudaliar\AI-Cloud-Advisor\aws_cost_sync.py", line 11, in <module>
    from core.transformers import (
ImportError: cannot import name 'COSTS_REQUIRED_FIELDS' from 'core.transformers' (unknown location)
Traceback (most recent call last):
  File "C:\Users\SrikanthMudaliar\AI-Cloud-Advisor\aws_cost_sync.py", line 11, in <module>
    from core.transformers import (
ImportError: cannot import name 'COSTS_REQUIRED_FIELDS' from 'core.transformers' (unknown location)
Traceback (most recent call last):
  File "C:\Users\SrikanthMudaliar\AI-Cloud-Advisor\aws_cost_sync.py", line 11, in <module>
    from core.transformers import (
ImportError: cannot import name 'COSTS_REQUIRED_FIELDS' from 'core.transformers' (unknown location)
Traceback (most recent call last):
  File "C:\Users\SrikanthMudaliar\AI-Cloud-Advisor\aws_cost_sync.py", line 11, in <module>
    from core.transformers import (
ImportError: cannot import name 'COSTS_REQUIRED_FIELDS' from 'core.transformers' (unknown location)
Traceback (most recent call last):
  File "C:\Users\SrikanthMudaliar\AI-Cloud-Advisor\aws_cost_sync.py", line 11, in <module>
    from core.transformers import (
ImportError: cannot import name 'COSTS_REQUIRED_FIELDS' from 'core.transformers' (unknown location)
Traceback (most recent call last):
  File "C:\Users\SrikanthMudaliar\AI-Cloud-Advisor\aws_cost_sync.py", line 11, in <module>
    from core.transformers import (
ImportError: cannot import name 'COSTS_REQUIRED_FIELDS' from 'core.transformers' (unknown location)
Traceback (most recent call last):
  File "C:\Users\SrikanthMudaliar\AI-Cloud-Advisor\aws_cost_sync.py", line 11, in <module>
    from core.transformers import (
ImportError: cannot import name 'COSTS_REQUIRED_FIELDS' from 'core.transformers' (unknown location)
Traceback (most recent call last):
  File "C:\Users\SrikanthMudaliar\AI-Cloud-Advisor\aws_cost_sync.py", line 11, in <module>
    from core.transformers import (
ImportError: cannot import name 'COSTS_REQUIRED_FIELDS' from 'core.transformers' (unknown location)
