Azure rows fetched: 4
{'id': 'subscriptions/49ce7e88-e929-4031-b5b2-c8b557e5da2d/providers/Microsoft.CostManagement/query/5bba8721-0ef2-4395-aab0-152fd1d72db0', 'name': '5bba8721-0ef2-4395-aab0-152fd1d72db0', 'type': 'Microsoft.CostManagement/query', 'columns': [{'name': 'Cost', 'type': 'Number'}, {'name': 'ServiceName', 'type': 'String'}, {'name': 'Currency', 'type': 'String'}], 'rows': [[0.000636027570068833, 'Bandwidth', 'INR'], [148.291603794127, 'Storage', 'INR'], [1899.2719132943, 'Virtual Machines', 'INR'], [99.9636357031246, 'Virtual Network', 'INR']]}
Prepared Azure records:
[{'cloud': 'azure', 'account_name': 'azure-main', 'service_name': 'Bandwidth', 'region': 'global', 'resource_id': None, 'usage_date': '2026-05-10', 'usage_quantity': 0, 'cost': 0.000636027570068833, 'currency': 'USD', 'environment': None, 'application': None, 'tags': None}, {'cloud': 'azure', 'account_name': 'azure-main', 'service_name': 'Storage', 'region': 'global', 'resource_id': None, 'usage_date': '2026-05-10', 'usage_quantity': 0, 'cost': 148.291603794127, 'currency': 'USD', 'environment': None, 'application': None, 'tags': None}, {'cloud': 'azure', 'account_name': 'azure-main', 'service_name': 'Virtual Machines', 'region': 'global', 'resource_id': None, 'usage_date': '2026-05-10', 'usage_quantity': 0, 'cost': 1899.2719132943, 'currency': 'USD', 'environment': None, 'application': None, 'tags': None}]
Azure upsert complete
data=[{'id': 62, 'cloud': 'azure', 'account_name': 'azure-main', 'service_name': 'Bandwidth', 'region': 'global', 'resource_id': None, 'usage_date': '2026-05-10', 'usage_quantity': 0, 'cost': 0.000636027570068833, 'currency': 'USD', 'environment': None, 'application': None, 'tags': None, 'created_at': '2026-05-10T07:19:13.49237'}, {'id': 63, 'cloud': 'azure', 'account_name': 'azure-main', 'service_name': 'Storage', 'region': 'global', 'resource_id': None, 'usage_date': '2026-05-10', 'usage_quantity': 0, 'cost': 148.291603794127, 'currency': 'USD', 'environment': None, 'application': None, 'tags': None, 'created_at': '2026-05-10T07:19:13.49237'}, {'id': 64, 'cloud': 'azure', 'account_name': 'azure-main', 'service_name': 'Virtual Machines', 'region': 'global', 'resource_id': None, 'usage_date': '2026-05-10', 'usage_quantity': 0, 'cost': 1899.2719132943, 'currency': 'USD', 'environment': None, 'application': None, 'tags': None, 'created_at': '2026-05-10T07:19:13.49237'}, {'id': 65, 'cloud': 'azure', 'account_name': 'azure-main', 'service_name': 'Virtual Network', 'region': 'global', 'resource_id': None, 'usage_date': '2026-05-10', 'usage_quantity': 0, 'cost': 99.9636357031246, 'currency': 'USD', 'environment': None, 'application': None, 'tags': None, 'created_at': '2026-05-10T07:19:13.49237'}] count=None
{
  "id": "subscriptions/49ce7e88-e929-4031-b5b2-c8b557e5da2d/providers/Microsoft.CostManagement/query/baf7827d-31c8-40b9-9984-8ff3c3f7d92f",
  "name": "baf7827d-31c8-40b9-9984-8ff3c3f7d92f",
  "type": "Microsoft.CostManagement/query",
  "columns": [
    {
      "name": "PreTaxCost",
      "type": "Number"
    },
    {
      "name": "ServiceName",
      "type": "String"
    },
    {
      "name": "Currency",
      "type": "String"
    }
  ],
  "rows": [
    [
      0.000636027570068833,
      "Bandwidth",
      "INR"
    ],
    [
      148.291603794127,
      "Storage",
      "INR"
    ],
    [
      1899.2719132943,
      "Virtual Machines",
      "INR"
    ],
    [
      99.9636357031246,
      "Virtual Network",
      "INR"
    ]
  ]
}
Azure rows fetched: 4
Prepared Azure records:
[{'cloud': 'azure', 'account_name': 'azure-main', 'service_name': 'Bandwidth', 'region': 'global', 'resource_id': None, 'usage_date': '2026-05-10', 'usage_quantity': 0, 'cost': 0.000636027570068833, 'currency': 'USD', 'environment': None, 'application': None, 'tags': None}, {'cloud': 'azure', 'account_name': 'azure-main', 'service_name': 'Storage', 'region': 'global', 'resource_id': None, 'usage_date': '2026-05-10', 'usage_quantity': 0, 'cost': 148.291603794127, 'currency': 'USD', 'environment': None, 'application': None, 'tags': None}, {'cloud': 'azure', 'account_name': 'azure-main', 'service_name': 'Virtual Machines', 'region': 'global', 'resource_id': None, 'usage_date': '2026-05-10', 'usage_quantity': 0, 'cost': 1899.2719132943, 'currency': 'USD', 'environment': None, 'application': None, 'tags': None}]
Azure upsert complete
data=[{'id': 62, 'cloud': 'azure', 'account_name': 'azure-main', 'service_name': 'Bandwidth', 'region': 'global', 'resource_id': None, 'usage_date': '2026-05-10', 'usage_quantity': 0, 'cost': 0.000636027570068833, 'currency': 'USD', 'environment': None, 'application': None, 'tags': None, 'created_at': '2026-05-10T07:19:13.49237'}, {'id': 63, 'cloud': 'azure', 'account_name': 'azure-main', 'service_name': 'Storage', 'region': 'global', 'resource_id': None, 'usage_date': '2026-05-10', 'usage_quantity': 0, 'cost': 148.291603794127, 'currency': 'USD', 'environment': None, 'application': None, 'tags': None, 'created_at': '2026-05-10T07:19:13.49237'}, {'id': 64, 'cloud': 'azure', 'account_name': 'azure-main', 'service_name': 'Virtual Machines', 'region': 'global', 'resource_id': None, 'usage_date': '2026-05-10', 'usage_quantity': 0, 'cost': 1899.2719132943, 'currency': 'USD', 'environment': None, 'application': None, 'tags': None, 'created_at': '2026-05-10T07:19:13.49237'}, {'id': 65, 'cloud': 'azure', 'account_name': 'azure-main', 'service_name': 'Virtual Network', 'region': 'global', 'resource_id': None, 'usage_date': '2026-05-10', 'usage_quantity': 0, 'cost': 99.9636357031246, 'currency': 'USD', 'environment': None, 'application': None, 'tags': None, 'created_at': '2026-05-10T07:19:13.49237'}] count=None
{
  "id": "subscriptions/49ce7e88-e929-4031-b5b2-c8b557e5da2d/providers/Microsoft.CostManagement/query/fc586bf6-9c47-492a-8d17-51bc70318a70",
  "name": "fc586bf6-9c47-492a-8d17-51bc70318a70",
  "type": "Microsoft.CostManagement/query",
  "columns": [
    {
      "name": "PreTaxCost",
      "type": "Number"
    },
    {
      "name": "ServiceName",
      "type": "String"
    },
    {
      "name": "Currency",
      "type": "String"
    }
  ],
  "rows": [
    [
      0.000648580745793876,
      "Bandwidth",
      "INR"
    ],
    [
      150.975142389487,
      "Storage",
      "INR"
    ],
    [
      1935.2004382943,
      "Virtual Machines",
      "INR"
    ],
    [
      101.854610703125,
      "Virtual Network",
      "INR"
    ]
  ]
}
Azure rows fetched: 4
Prepared Azure records:
[{'cloud': 'azure', 'account_name': 'azure-main', 'service_name': 'Bandwidth', 'region': 'global', 'resource_id': None, 'usage_date': '2026-05-10', 'usage_quantity': 0, 'cost': 0.000648580745793876, 'currency': 'USD', 'environment': None, 'application': None, 'tags': None}, {'cloud': 'azure', 'account_name': 'azure-main', 'service_name': 'Storage', 'region': 'global', 'resource_id': None, 'usage_date': '2026-05-10', 'usage_quantity': 0, 'cost': 150.975142389487, 'currency': 'USD', 'environment': None, 'application': None, 'tags': None}, {'cloud': 'azure', 'account_name': 'azure-main', 'service_name': 'Virtual Machines', 'region': 'global', 'resource_id': None, 'usage_date': '2026-05-10', 'usage_quantity': 0, 'cost': 1935.2004382943, 'currency': 'USD', 'environment': None, 'application': None, 'tags': None}]
Azure upsert complete
data=[{'id': 62, 'cloud': 'azure', 'account_name': 'azure-main', 'service_name': 'Bandwidth', 'region': 'global', 'resource_id': None, 'usage_date': '2026-05-10', 'usage_quantity': 0, 'cost': 0.000648580745793876, 'currency': 'USD', 'environment': None, 'application': None, 'tags': None, 'created_at': '2026-05-10T07:19:13.49237'}, {'id': 63, 'cloud': 'azure', 'account_name': 'azure-main', 'service_name': 'Storage', 'region': 'global', 'resource_id': None, 'usage_date': '2026-05-10', 'usage_quantity': 0, 'cost': 150.975142389487, 'currency': 'USD', 'environment': None, 'application': None, 'tags': None, 'created_at': '2026-05-10T07:19:13.49237'}, {'id': 64, 'cloud': 'azure', 'account_name': 'azure-main', 'service_name': 'Virtual Machines', 'region': 'global', 'resource_id': None, 'usage_date': '2026-05-10', 'usage_quantity': 0, 'cost': 1935.2004382943, 'currency': 'USD', 'environment': None, 'application': None, 'tags': None, 'created_at': '2026-05-10T07:19:13.49237'}, {'id': 65, 'cloud': 'azure', 'account_name': 'azure-main', 'service_name': 'Virtual Network', 'region': 'global', 'resource_id': None, 'usage_date': '2026-05-10', 'usage_quantity': 0, 'cost': 101.854610703125, 'currency': 'USD', 'environment': None, 'application': None, 'tags': None, 'created_at': '2026-05-10T07:19:13.49237'}] count=None
{
  "id": "subscriptions/49ce7e88-e929-4031-b5b2-c8b557e5da2d/providers/Microsoft.CostManagement/query/31b48302-c0ce-4add-b718-15e2f9b844b5",
  "name": "31b48302-c0ce-4add-b718-15e2f9b844b5",
  "type": "Microsoft.CostManagement/query",
  "columns": [
    {
      "name": "PreTaxCost",
      "type": "Number"
    },
    {
      "name": "ServiceName",
      "type": "String"
    },
    {
      "name": "Currency",
      "type": "String"
    }
  ],
  "rows": [
    [
      0.000648580745793876,
      "Bandwidth",
      "INR"
    ],
    [
      150.975142389487,
      "Storage",
      "INR"
    ],
    [
      1935.2004382943,
      "Virtual Machines",
      "INR"
    ],
    [
      101.854610703125,
      "Virtual Network",
      "INR"
    ]
  ]
}
Azure rows fetched: 4
Prepared Azure records:
[{'cloud': 'azure', 'account_name': 'azure-main', 'service_name': 'Bandwidth', 'region': 'global', 'resource_id': None, 'usage_date': '2026-05-10', 'usage_quantity': 0, 'cost': 0.000648580745793876, 'currency': 'USD', 'environment': None, 'application': None, 'tags': None}, {'cloud': 'azure', 'account_name': 'azure-main', 'service_name': 'Storage', 'region': 'global', 'resource_id': None, 'usage_date': '2026-05-10', 'usage_quantity': 0, 'cost': 150.975142389487, 'currency': 'USD', 'environment': None, 'application': None, 'tags': None}, {'cloud': 'azure', 'account_name': 'azure-main', 'service_name': 'Virtual Machines', 'region': 'global', 'resource_id': None, 'usage_date': '2026-05-10', 'usage_quantity': 0, 'cost': 1935.2004382943, 'currency': 'USD', 'environment': None, 'application': None, 'tags': None}]
Azure upsert complete
data=[{'id': 62, 'cloud': 'azure', 'account_name': 'azure-main', 'service_name': 'Bandwidth', 'region': 'global', 'resource_id': None, 'usage_date': '2026-05-10', 'usage_quantity': 0, 'cost': 0.000648580745793876, 'currency': 'USD', 'environment': None, 'application': None, 'tags': None, 'created_at': '2026-05-10T07:19:13.49237'}, {'id': 63, 'cloud': 'azure', 'account_name': 'azure-main', 'service_name': 'Storage', 'region': 'global', 'resource_id': None, 'usage_date': '2026-05-10', 'usage_quantity': 0, 'cost': 150.975142389487, 'currency': 'USD', 'environment': None, 'application': None, 'tags': None, 'created_at': '2026-05-10T07:19:13.49237'}, {'id': 64, 'cloud': 'azure', 'account_name': 'azure-main', 'service_name': 'Virtual Machines', 'region': 'global', 'resource_id': None, 'usage_date': '2026-05-10', 'usage_quantity': 0, 'cost': 1935.2004382943, 'currency': 'USD', 'environment': None, 'application': None, 'tags': None, 'created_at': '2026-05-10T07:19:13.49237'}, {'id': 65, 'cloud': 'azure', 'account_name': 'azure-main', 'service_name': 'Virtual Network', 'region': 'global', 'resource_id': None, 'usage_date': '2026-05-10', 'usage_quantity': 0, 'cost': 101.854610703125, 'currency': 'USD', 'environment': None, 'application': None, 'tags': None, 'created_at': '2026-05-10T07:19:13.49237'}] count=None
{
  "id": "subscriptions/49ce7e88-e929-4031-b5b2-c8b557e5da2d/providers/Microsoft.CostManagement/query/bab07442-04cf-4aab-b024-f6833b0c3759",
  "name": "bab07442-04cf-4aab-b024-f6833b0c3759",
  "type": "Microsoft.CostManagement/query",
  "columns": [
    {
      "name": "PreTaxCost",
      "type": "Number"
    },
    {
      "name": "ServiceName",
      "type": "String"
    },
    {
      "name": "Currency",
      "type": "String"
    }
  ],
  "rows": [
    [
      0.000655047533288595,
      "Bandwidth",
      "INR"
    ],
    [
      151.646027038327,
      "Storage",
      "INR"
    ],
    [
      1953.1647007943,
      "Virtual Machines",
      "INR"
    ],
    [
      102.800098203125,
      "Virtual Network",
      "INR"
    ]
  ]
}
Azure rows fetched: 4
Prepared Azure records:
[{'cloud': 'azure', 'account_name': 'azure-main', 'service_name': 'Bandwidth', 'region': 'global', 'resource_id': None, 'usage_date': '2026-05-10', 'usage_quantity': 0, 'cost': 0.000655047533288595, 'currency': 'USD', 'environment': None, 'application': None, 'tags': None}, {'cloud': 'azure', 'account_name': 'azure-main', 'service_name': 'Storage', 'region': 'global', 'resource_id': None, 'usage_date': '2026-05-10', 'usage_quantity': 0, 'cost': 151.646027038327, 'currency': 'USD', 'environment': None, 'application': None, 'tags': None}, {'cloud': 'azure', 'account_name': 'azure-main', 'service_name': 'Virtual Machines', 'region': 'global', 'resource_id': None, 'usage_date': '2026-05-10', 'usage_quantity': 0, 'cost': 1953.1647007943, 'currency': 'USD', 'environment': None, 'application': None, 'tags': None}]
Azure upsert complete
data=[{'id': 62, 'cloud': 'azure', 'account_name': 'azure-main', 'service_name': 'Bandwidth', 'region': 'global', 'resource_id': None, 'usage_date': '2026-05-10', 'usage_quantity': 0, 'cost': 0.000655047533288595, 'currency': 'USD', 'environment': None, 'application': None, 'tags': None, 'created_at': '2026-05-10T07:19:13.49237'}, {'id': 63, 'cloud': 'azure', 'account_name': 'azure-main', 'service_name': 'Storage', 'region': 'global', 'resource_id': None, 'usage_date': '2026-05-10', 'usage_quantity': 0, 'cost': 151.646027038327, 'currency': 'USD', 'environment': None, 'application': None, 'tags': None, 'created_at': '2026-05-10T07:19:13.49237'}, {'id': 64, 'cloud': 'azure', 'account_name': 'azure-main', 'service_name': 'Virtual Machines', 'region': 'global', 'resource_id': None, 'usage_date': '2026-05-10', 'usage_quantity': 0, 'cost': 1953.1647007943, 'currency': 'USD', 'environment': None, 'application': None, 'tags': None, 'created_at': '2026-05-10T07:19:13.49237'}, {'id': 65, 'cloud': 'azure', 'account_name': 'azure-main', 'service_name': 'Virtual Network', 'region': 'global', 'resource_id': None, 'usage_date': '2026-05-10', 'usage_quantity': 0, 'cost': 102.800098203125, 'currency': 'USD', 'environment': None, 'application': None, 'tags': None, 'created_at': '2026-05-10T07:19:13.49237'}] count=None
{
  "id": "subscriptions/49ce7e88-e929-4031-b5b2-c8b557e5da2d/providers/Microsoft.CostManagement/query/db193cf9-0fa6-491d-af5f-cce1fab4fc50",
  "name": "db193cf9-0fa6-491d-af5f-cce1fab4fc50",
  "type": "Microsoft.CostManagement/query",
  "columns": [
    {
      "name": "PreTaxCost",
      "type": "Number"
    },
    {
      "name": "ServiceName",
      "type": "String"
    },
    {
      "name": "Currency",
      "type": "String"
    }
  ],
  "rows": [
    [
      0.000655047533288595,
      "Bandwidth",
      "INR"
    ],
    [
      151.646027038327,
      "Storage",
      "INR"
    ],
    [
      1953.1647007943,
      "Virtual Machines",
      "INR"
    ],
    [
      102.800098203125,
      "Virtual Network",
      "INR"
    ]
  ]
}
Azure rows fetched: 4
Prepared Azure records:
[{'cloud': 'azure', 'account_name': 'azure-main', 'service_name': 'Bandwidth', 'region': 'global', 'resource_id': None, 'usage_date': '2026-05-10', 'usage_quantity': 0, 'cost': 0.000655047533288595, 'currency': 'USD', 'environment': None, 'application': None, 'tags': None}, {'cloud': 'azure', 'account_name': 'azure-main', 'service_name': 'Storage', 'region': 'global', 'resource_id': None, 'usage_date': '2026-05-10', 'usage_quantity': 0, 'cost': 151.646027038327, 'currency': 'USD', 'environment': None, 'application': None, 'tags': None}, {'cloud': 'azure', 'account_name': 'azure-main', 'service_name': 'Virtual Machines', 'region': 'global', 'resource_id': None, 'usage_date': '2026-05-10', 'usage_quantity': 0, 'cost': 1953.1647007943, 'currency': 'USD', 'environment': None, 'application': None, 'tags': None}]
Azure upsert complete
data=[{'id': 62, 'cloud': 'azure', 'account_name': 'azure-main', 'service_name': 'Bandwidth', 'region': 'global', 'resource_id': None, 'usage_date': '2026-05-10', 'usage_quantity': 0, 'cost': 0.000655047533288595, 'currency': 'USD', 'environment': None, 'application': None, 'tags': None, 'created_at': '2026-05-10T07:19:13.49237'}, {'id': 63, 'cloud': 'azure', 'account_name': 'azure-main', 'service_name': 'Storage', 'region': 'global', 'resource_id': None, 'usage_date': '2026-05-10', 'usage_quantity': 0, 'cost': 151.646027038327, 'currency': 'USD', 'environment': None, 'application': None, 'tags': None, 'created_at': '2026-05-10T07:19:13.49237'}, {'id': 64, 'cloud': 'azure', 'account_name': 'azure-main', 'service_name': 'Virtual Machines', 'region': 'global', 'resource_id': None, 'usage_date': '2026-05-10', 'usage_quantity': 0, 'cost': 1953.1647007943, 'currency': 'USD', 'environment': None, 'application': None, 'tags': None, 'created_at': '2026-05-10T07:19:13.49237'}, {'id': 65, 'cloud': 'azure', 'account_name': 'azure-main', 'service_name': 'Virtual Network', 'region': 'global', 'resource_id': None, 'usage_date': '2026-05-10', 'usage_quantity': 0, 'cost': 102.800098203125, 'currency': 'USD', 'environment': None, 'application': None, 'tags': None, 'created_at': '2026-05-10T07:19:13.49237'}] count=None
{
  "id": "subscriptions/49ce7e88-e929-4031-b5b2-c8b557e5da2d/providers/Microsoft.CostManagement/query/4a32aabd-6ac4-4b53-b3d6-72a1cf83938f",
  "name": "4a32aabd-6ac4-4b53-b3d6-72a1cf83938f",
  "type": "Microsoft.CostManagement/query",
  "columns": [
    {
      "name": "PreTaxCost",
      "type": "Number"
    },
    {
      "name": "ServiceName",
      "type": "String"
    },
    {
      "name": "Currency",
      "type": "String"
    }
  ],
  "rows": [
    [
      0.000661514320783314,
      "Bandwidth",
      "INR"
    ],
    [
      153.664495732972,
      "Storage",
      "INR"
    ],
    [
      1971.1289632943,
      "Virtual Machines",
      "INR"
    ],
    [
      103.745585703125,
      "Virtual Network",
      "INR"
    ]
  ]
}
Azure rows fetched: 4
Prepared Azure records:
[{'cloud': 'azure', 'account_name': 'azure-main', 'service_name': 'Bandwidth', 'region': 'global', 'resource_id': None, 'usage_date': '2026-05-10', 'usage_quantity': 0, 'cost': 0.000661514320783314, 'currency': 'USD', 'environment': None, 'application': None, 'tags': None}, {'cloud': 'azure', 'account_name': 'azure-main', 'service_name': 'Storage', 'region': 'global', 'resource_id': None, 'usage_date': '2026-05-10', 'usage_quantity': 0, 'cost': 153.664495732972, 'currency': 'USD', 'environment': None, 'application': None, 'tags': None}, {'cloud': 'azure', 'account_name': 'azure-main', 'service_name': 'Virtual Machines', 'region': 'global', 'resource_id': None, 'usage_date': '2026-05-10', 'usage_quantity': 0, 'cost': 1971.1289632943, 'currency': 'USD', 'environment': None, 'application': None, 'tags': None}]
Azure upsert complete
data=[{'id': 62, 'cloud': 'azure', 'account_name': 'azure-main', 'service_name': 'Bandwidth', 'region': 'global', 'resource_id': None, 'usage_date': '2026-05-10', 'usage_quantity': 0, 'cost': 0.000661514320783314, 'currency': 'USD', 'environment': None, 'application': None, 'tags': None, 'created_at': '2026-05-10T07:19:13.49237'}, {'id': 63, 'cloud': 'azure', 'account_name': 'azure-main', 'service_name': 'Storage', 'region': 'global', 'resource_id': None, 'usage_date': '2026-05-10', 'usage_quantity': 0, 'cost': 153.664495732972, 'currency': 'USD', 'environment': None, 'application': None, 'tags': None, 'created_at': '2026-05-10T07:19:13.49237'}, {'id': 64, 'cloud': 'azure', 'account_name': 'azure-main', 'service_name': 'Virtual Machines', 'region': 'global', 'resource_id': None, 'usage_date': '2026-05-10', 'usage_quantity': 0, 'cost': 1971.1289632943, 'currency': 'USD', 'environment': None, 'application': None, 'tags': None, 'created_at': '2026-05-10T07:19:13.49237'}, {'id': 65, 'cloud': 'azure', 'account_name': 'azure-main', 'service_name': 'Virtual Network', 'region': 'global', 'resource_id': None, 'usage_date': '2026-05-10', 'usage_quantity': 0, 'cost': 103.745585703125, 'currency': 'USD', 'environment': None, 'application': None, 'tags': None, 'created_at': '2026-05-10T07:19:13.49237'}] count=None
{
  "id": "subscriptions/49ce7e88-e929-4031-b5b2-c8b557e5da2d/providers/Microsoft.CostManagement/query/5dbcabb7-82e9-4b4b-bbbf-e7035ead5133",
  "name": "5dbcabb7-82e9-4b4b-bbbf-e7035ead5133",
  "type": "Microsoft.CostManagement/query",
  "columns": [
    {
      "name": "PreTaxCost",
      "type": "Number"
    },
    {
      "name": "ServiceName",
      "type": "String"
    },
    {
      "name": "Currency",
      "type": "String"
    }
  ],
  "rows": [
    [
      0.000661514320783314,
      "Bandwidth",
      "INR"
    ],
    [
      153.664495732972,
      "Storage",
      "INR"
    ],
    [
      1971.1289632943,
      "Virtual Machines",
      "INR"
    ],
    [
      103.745585703125,
      "Virtual Network",
      "INR"
    ]
  ]
}
Azure rows fetched: 4
Prepared Azure records:
[{'cloud': 'azure', 'account_name': 'azure-main', 'service_name': 'Bandwidth', 'region': 'global', 'resource_id': None, 'usage_date': '2026-05-10', 'usage_quantity': 0, 'cost': 0.000661514320783314, 'currency': 'USD', 'environment': None, 'application': None, 'tags': None}, {'cloud': 'azure', 'account_name': 'azure-main', 'service_name': 'Storage', 'region': 'global', 'resource_id': None, 'usage_date': '2026-05-10', 'usage_quantity': 0, 'cost': 153.664495732972, 'currency': 'USD', 'environment': None, 'application': None, 'tags': None}, {'cloud': 'azure', 'account_name': 'azure-main', 'service_name': 'Virtual Machines', 'region': 'global', 'resource_id': None, 'usage_date': '2026-05-10', 'usage_quantity': 0, 'cost': 1971.1289632943, 'currency': 'USD', 'environment': None, 'application': None, 'tags': None}]
Azure upsert complete
data=[{'id': 62, 'cloud': 'azure', 'account_name': 'azure-main', 'service_name': 'Bandwidth', 'region': 'global', 'resource_id': None, 'usage_date': '2026-05-10', 'usage_quantity': 0, 'cost': 0.000661514320783314, 'currency': 'USD', 'environment': None, 'application': None, 'tags': None, 'created_at': '2026-05-10T07:19:13.49237'}, {'id': 63, 'cloud': 'azure', 'account_name': 'azure-main', 'service_name': 'Storage', 'region': 'global', 'resource_id': None, 'usage_date': '2026-05-10', 'usage_quantity': 0, 'cost': 153.664495732972, 'currency': 'USD', 'environment': None, 'application': None, 'tags': None, 'created_at': '2026-05-10T07:19:13.49237'}, {'id': 64, 'cloud': 'azure', 'account_name': 'azure-main', 'service_name': 'Virtual Machines', 'region': 'global', 'resource_id': None, 'usage_date': '2026-05-10', 'usage_quantity': 0, 'cost': 1971.1289632943, 'currency': 'USD', 'environment': None, 'application': None, 'tags': None, 'created_at': '2026-05-10T07:19:13.49237'}, {'id': 65, 'cloud': 'azure', 'account_name': 'azure-main', 'service_name': 'Virtual Network', 'region': 'global', 'resource_id': None, 'usage_date': '2026-05-10', 'usage_quantity': 0, 'cost': 103.745585703125, 'currency': 'USD', 'environment': None, 'application': None, 'tags': None, 'created_at': '2026-05-10T07:19:13.49237'}] count=None
{
  "id": "subscriptions/49ce7e88-e929-4031-b5b2-c8b557e5da2d/providers/Microsoft.CostManagement/query/80a17785-381f-4563-a734-f9c31d4def68",
  "name": "80a17785-381f-4563-a734-f9c31d4def68",
  "type": "Microsoft.CostManagement/query",
  "columns": [
    {
      "name": "PreTaxCost",
      "type": "Number"
    },
    {
      "name": "ServiceName",
      "type": "String"
    },
    {
      "name": "Currency",
      "type": "String"
    }
  ],
  "rows": [
    [
      0.00069536985531449,
      "Bandwidth",
      "INR"
    ],
    [
      162.385996167892,
      "Storage",
      "INR"
    ],
    [
      2096.8788007943,
      "Virtual Machines",
      "INR"
    ],
    [
      110.363998203124,
      "Virtual Network",
      "INR"
    ]
  ]
}
Azure rows fetched: 4
Prepared Azure records:
[{'cloud': 'azure', 'account_name': 'azure-main', 'service_name': 'Bandwidth', 'region': 'global', 'resource_id': None, 'usage_date': '2026-05-11', 'usage_quantity': 0, 'cost': 0.00069536985531449, 'currency': 'USD', 'environment': None, 'application': None, 'tags': None}, {'cloud': 'azure', 'account_name': 'azure-main', 'service_name': 'Storage', 'region': 'global', 'resource_id': None, 'usage_date': '2026-05-11', 'usage_quantity': 0, 'cost': 162.385996167892, 'currency': 'USD', 'environment': None, 'application': None, 'tags': None}, {'cloud': 'azure', 'account_name': 'azure-main', 'service_name': 'Virtual Machines', 'region': 'global', 'resource_id': None, 'usage_date': '2026-05-11', 'usage_quantity': 0, 'cost': 2096.8788007943, 'currency': 'USD', 'environment': None, 'application': None, 'tags': None}]
Azure upsert complete
data=[{'id': 62, 'cloud': 'azure', 'account_name': 'azure-main', 'service_name': 'Bandwidth', 'region': 'global', 'resource_id': None, 'usage_date': '2026-05-11', 'usage_quantity': 0, 'cost': 0.00069536985531449, 'currency': 'USD', 'environment': None, 'application': None, 'tags': None, 'created_at': '2026-05-10T07:19:13.49237'}, {'id': 63, 'cloud': 'azure', 'account_name': 'azure-main', 'service_name': 'Storage', 'region': 'global', 'resource_id': None, 'usage_date': '2026-05-11', 'usage_quantity': 0, 'cost': 162.385996167892, 'currency': 'USD', 'environment': None, 'application': None, 'tags': None, 'created_at': '2026-05-10T07:19:13.49237'}, {'id': 64, 'cloud': 'azure', 'account_name': 'azure-main', 'service_name': 'Virtual Machines', 'region': 'global', 'resource_id': None, 'usage_date': '2026-05-11', 'usage_quantity': 0, 'cost': 2096.8788007943, 'currency': 'USD', 'environment': None, 'application': None, 'tags': None, 'created_at': '2026-05-10T07:19:13.49237'}, {'id': 65, 'cloud': 'azure', 'account_name': 'azure-main', 'service_name': 'Virtual Network', 'region': 'global', 'resource_id': None, 'usage_date': '2026-05-11', 'usage_quantity': 0, 'cost': 110.363998203124, 'currency': 'USD', 'environment': None, 'application': None, 'tags': None, 'created_at': '2026-05-10T07:19:13.49237'}] count=None
{
  "id": "subscriptions/49ce7e88-e929-4031-b5b2-c8b557e5da2d/providers/Microsoft.CostManagement/query/e89e61ae-dae4-415f-963a-47012fd89764",
  "name": "e89e61ae-dae4-415f-963a-47012fd89764",
  "type": "Microsoft.CostManagement/query",
  "columns": [
    {
      "name": "PreTaxCost",
      "type": "Number"
    },
    {
      "name": "ServiceName",
      "type": "String"
    },
    {
      "name": "Currency",
      "type": "String"
    }
  ],
  "rows": [
    [
      0.00069536985531449,
      "Bandwidth",
      "INR"
    ],
    [
      162.385996167892,
      "Storage",
      "INR"
    ],
    [
      2096.8788007943,
      "Virtual Machines",
      "INR"
    ],
    [
      110.363998203124,
      "Virtual Network",
      "INR"
    ]
  ]
}
Azure rows fetched: 4
Prepared Azure records:
[{'cloud': 'azure', 'account_name': 'azure-main', 'service_name': 'Bandwidth', 'region': 'global', 'resource_id': None, 'usage_date': '2026-05-11', 'usage_quantity': 0, 'cost': 0.00069536985531449, 'currency': 'USD', 'environment': None, 'application': None, 'tags': None}, {'cloud': 'azure', 'account_name': 'azure-main', 'service_name': 'Storage', 'region': 'global', 'resource_id': None, 'usage_date': '2026-05-11', 'usage_quantity': 0, 'cost': 162.385996167892, 'currency': 'USD', 'environment': None, 'application': None, 'tags': None}, {'cloud': 'azure', 'account_name': 'azure-main', 'service_name': 'Virtual Machines', 'region': 'global', 'resource_id': None, 'usage_date': '2026-05-11', 'usage_quantity': 0, 'cost': 2096.8788007943, 'currency': 'USD', 'environment': None, 'application': None, 'tags': None}]
Azure upsert complete
data=[{'id': 62, 'cloud': 'azure', 'account_name': 'azure-main', 'service_name': 'Bandwidth', 'region': 'global', 'resource_id': None, 'usage_date': '2026-05-11', 'usage_quantity': 0, 'cost': 0.00069536985531449, 'currency': 'USD', 'environment': None, 'application': None, 'tags': None, 'created_at': '2026-05-10T07:19:13.49237'}, {'id': 63, 'cloud': 'azure', 'account_name': 'azure-main', 'service_name': 'Storage', 'region': 'global', 'resource_id': None, 'usage_date': '2026-05-11', 'usage_quantity': 0, 'cost': 162.385996167892, 'currency': 'USD', 'environment': None, 'application': None, 'tags': None, 'created_at': '2026-05-10T07:19:13.49237'}, {'id': 64, 'cloud': 'azure', 'account_name': 'azure-main', 'service_name': 'Virtual Machines', 'region': 'global', 'resource_id': None, 'usage_date': '2026-05-11', 'usage_quantity': 0, 'cost': 2096.8788007943, 'currency': 'USD', 'environment': None, 'application': None, 'tags': None, 'created_at': '2026-05-10T07:19:13.49237'}, {'id': 65, 'cloud': 'azure', 'account_name': 'azure-main', 'service_name': 'Virtual Network', 'region': 'global', 'resource_id': None, 'usage_date': '2026-05-11', 'usage_quantity': 0, 'cost': 110.363998203124, 'currency': 'USD', 'environment': None, 'application': None, 'tags': None, 'created_at': '2026-05-10T07:19:13.49237'}] count=None
{
  "id": "subscriptions/49ce7e88-e929-4031-b5b2-c8b557e5da2d/providers/Microsoft.CostManagement/query/17bd86b6-77b9-4fa7-9686-f777bfb50913",
  "name": "17bd86b6-77b9-4fa7-9686-f777bfb50913",
  "type": "Microsoft.CostManagement/query",
  "columns": [
    {
      "name": "PreTaxCost",
      "type": "Number"
    },
    {
      "name": "ServiceName",
      "type": "String"
    },
    {
      "name": "Currency",
      "type": "String"
    }
  ],
  "rows": [
    [
      0.00069536985531449,
      "Bandwidth",
      "INR"
    ],
    [
      162.385996167892,
      "Storage",
      "INR"
    ],
    [
      2096.8788007943,
      "Virtual Machines",
      "INR"
    ],
    [
      110.363998203124,
      "Virtual Network",
      "INR"
    ]
  ]
}
Azure rows fetched: 4
Prepared Azure records:
[{'cloud': 'azure', 'account_name': 'azure-main', 'service_name': 'Bandwidth', 'region': 'global', 'resource_id': None, 'usage_date': '2026-05-11', 'usage_quantity': 0, 'cost': 0.00069536985531449, 'currency': 'USD', 'environment': None, 'application': None, 'tags': None}, {'cloud': 'azure', 'account_name': 'azure-main', 'service_name': 'Storage', 'region': 'global', 'resource_id': None, 'usage_date': '2026-05-11', 'usage_quantity': 0, 'cost': 162.385996167892, 'currency': 'USD', 'environment': None, 'application': None, 'tags': None}, {'cloud': 'azure', 'account_name': 'azure-main', 'service_name': 'Virtual Machines', 'region': 'global', 'resource_id': None, 'usage_date': '2026-05-11', 'usage_quantity': 0, 'cost': 2096.8788007943, 'currency': 'USD', 'environment': None, 'application': None, 'tags': None}]
Azure upsert complete
data=[{'id': 62, 'cloud': 'azure', 'account_name': 'azure-main', 'service_name': 'Bandwidth', 'region': 'global', 'resource_id': None, 'usage_date': '2026-05-11', 'usage_quantity': 0, 'cost': 0.00069536985531449, 'currency': 'USD', 'environment': None, 'application': None, 'tags': None, 'created_at': '2026-05-10T07:19:13.49237'}, {'id': 63, 'cloud': 'azure', 'account_name': 'azure-main', 'service_name': 'Storage', 'region': 'global', 'resource_id': None, 'usage_date': '2026-05-11', 'usage_quantity': 0, 'cost': 162.385996167892, 'currency': 'USD', 'environment': None, 'application': None, 'tags': None, 'created_at': '2026-05-10T07:19:13.49237'}, {'id': 64, 'cloud': 'azure', 'account_name': 'azure-main', 'service_name': 'Virtual Machines', 'region': 'global', 'resource_id': None, 'usage_date': '2026-05-11', 'usage_quantity': 0, 'cost': 2096.8788007943, 'currency': 'USD', 'environment': None, 'application': None, 'tags': None, 'created_at': '2026-05-10T07:19:13.49237'}, {'id': 65, 'cloud': 'azure', 'account_name': 'azure-main', 'service_name': 'Virtual Network', 'region': 'global', 'resource_id': None, 'usage_date': '2026-05-11', 'usage_quantity': 0, 'cost': 110.363998203124, 'currency': 'USD', 'environment': None, 'application': None, 'tags': None, 'created_at': '2026-05-10T07:19:13.49237'}] count=None
{
  "id": "subscriptions/49ce7e88-e929-4031-b5b2-c8b557e5da2d/providers/Microsoft.CostManagement/query/e9897ad7-9341-4c56-910a-8cf241bb6122",
  "name": "e9897ad7-9341-4c56-910a-8cf241bb6122",
  "type": "Microsoft.CostManagement/query",
  "columns": [
    {
      "name": "PreTaxCost",
      "type": "Number"
    },
    {
      "name": "ServiceName",
      "type": "String"
    },
    {
      "name": "Currency",
      "type": "String"
    }
  ],
  "rows": [
    [
      0.00069536985531449,
      "Bandwidth",
      "INR"
    ],
    [
      162.385996167892,
      "Storage",
      "INR"
    ],
    [
      2096.8788007943,
      "Virtual Machines",
      "INR"
    ],
    [
      110.363998203124,
      "Virtual Network",
      "INR"
    ]
  ]
}
Azure rows fetched: 4
Prepared Azure records:
[{'cloud': 'azure', 'account_name': 'azure-main', 'service_name': 'Bandwidth', 'region': 'global', 'resource_id': None, 'usage_date': '2026-05-11', 'usage_quantity': 0, 'cost': 0.00069536985531449, 'currency': 'USD', 'environment': None, 'application': None, 'tags': None}, {'cloud': 'azure', 'account_name': 'azure-main', 'service_name': 'Storage', 'region': 'global', 'resource_id': None, 'usage_date': '2026-05-11', 'usage_quantity': 0, 'cost': 162.385996167892, 'currency': 'USD', 'environment': None, 'application': None, 'tags': None}, {'cloud': 'azure', 'account_name': 'azure-main', 'service_name': 'Virtual Machines', 'region': 'global', 'resource_id': None, 'usage_date': '2026-05-11', 'usage_quantity': 0, 'cost': 2096.8788007943, 'currency': 'USD', 'environment': None, 'application': None, 'tags': None}]
Azure upsert complete
data=[{'id': 62, 'cloud': 'azure', 'account_name': 'azure-main', 'service_name': 'Bandwidth', 'region': 'global', 'resource_id': None, 'usage_date': '2026-05-11', 'usage_quantity': 0, 'cost': 0.00069536985531449, 'currency': 'USD', 'environment': None, 'application': None, 'tags': None, 'created_at': '2026-05-10T07:19:13.49237'}, {'id': 63, 'cloud': 'azure', 'account_name': 'azure-main', 'service_name': 'Storage', 'region': 'global', 'resource_id': None, 'usage_date': '2026-05-11', 'usage_quantity': 0, 'cost': 162.385996167892, 'currency': 'USD', 'environment': None, 'application': None, 'tags': None, 'created_at': '2026-05-10T07:19:13.49237'}, {'id': 64, 'cloud': 'azure', 'account_name': 'azure-main', 'service_name': 'Virtual Machines', 'region': 'global', 'resource_id': None, 'usage_date': '2026-05-11', 'usage_quantity': 0, 'cost': 2096.8788007943, 'currency': 'USD', 'environment': None, 'application': None, 'tags': None, 'created_at': '2026-05-10T07:19:13.49237'}, {'id': 65, 'cloud': 'azure', 'account_name': 'azure-main', 'service_name': 'Virtual Network', 'region': 'global', 'resource_id': None, 'usage_date': '2026-05-11', 'usage_quantity': 0, 'cost': 110.363998203124, 'currency': 'USD', 'environment': None, 'application': None, 'tags': None, 'created_at': '2026-05-10T07:19:13.49237'}] count=None
{
  "id": "subscriptions/49ce7e88-e929-4031-b5b2-c8b557e5da2d/providers/Microsoft.CostManagement/query/c8daf8ec-9668-4ce8-84ef-70764b6d914a",
  "name": "c8daf8ec-9668-4ce8-84ef-70764b6d914a",
  "type": "Microsoft.CostManagement/query",
  "columns": [
    {
      "name": "PreTaxCost",
      "type": "Number"
    },
    {
      "name": "ServiceName",
      "type": "String"
    },
    {
      "name": "Currency",
      "type": "String"
    }
  ],
  "rows": [
    [
      0.00070335823986679,
      "Bandwidth",
      "INR"
    ],
    [
      163.727765465572,
      "Storage",
      "INR"
    ],
    [
      2114.8430632943,
      "Virtual Machines",
      "INR"
    ],
    [
      110.836741953124,
      "Virtual Network",
      "INR"
    ]
  ]
}
Azure rows fetched: 4
Prepared Azure records:
[{'cloud': 'azure', 'account_name': 'azure-main', 'service_name': 'Bandwidth', 'region': 'global', 'resource_id': None, 'usage_date': '2026-05-11', 'usage_quantity': 0, 'cost': 0.00070335823986679, 'currency': 'USD', 'environment': None, 'application': None, 'tags': None}, {'cloud': 'azure', 'account_name': 'azure-main', 'service_name': 'Storage', 'region': 'global', 'resource_id': None, 'usage_date': '2026-05-11', 'usage_quantity': 0, 'cost': 163.727765465572, 'currency': 'USD', 'environment': None, 'application': None, 'tags': None}, {'cloud': 'azure', 'account_name': 'azure-main', 'service_name': 'Virtual Machines', 'region': 'global', 'resource_id': None, 'usage_date': '2026-05-11', 'usage_quantity': 0, 'cost': 2114.8430632943, 'currency': 'USD', 'environment': None, 'application': None, 'tags': None}]
Azure upsert complete
data=[{'id': 62, 'cloud': 'azure', 'account_name': 'azure-main', 'service_name': 'Bandwidth', 'region': 'global', 'resource_id': None, 'usage_date': '2026-05-11', 'usage_quantity': 0, 'cost': 0.00070335823986679, 'currency': 'USD', 'environment': None, 'application': None, 'tags': None, 'created_at': '2026-05-10T07:19:13.49237'}, {'id': 63, 'cloud': 'azure', 'account_name': 'azure-main', 'service_name': 'Storage', 'region': 'global', 'resource_id': None, 'usage_date': '2026-05-11', 'usage_quantity': 0, 'cost': 163.727765465572, 'currency': 'USD', 'environment': None, 'application': None, 'tags': None, 'created_at': '2026-05-10T07:19:13.49237'}, {'id': 64, 'cloud': 'azure', 'account_name': 'azure-main', 'service_name': 'Virtual Machines', 'region': 'global', 'resource_id': None, 'usage_date': '2026-05-11', 'usage_quantity': 0, 'cost': 2114.8430632943, 'currency': 'USD', 'environment': None, 'application': None, 'tags': None, 'created_at': '2026-05-10T07:19:13.49237'}, {'id': 65, 'cloud': 'azure', 'account_name': 'azure-main', 'service_name': 'Virtual Network', 'region': 'global', 'resource_id': None, 'usage_date': '2026-05-11', 'usage_quantity': 0, 'cost': 110.836741953124, 'currency': 'USD', 'environment': None, 'application': None, 'tags': None, 'created_at': '2026-05-10T07:19:13.49237'}] count=None
{
  "id": "subscriptions/49ce7e88-e929-4031-b5b2-c8b557e5da2d/providers/Microsoft.CostManagement/query/dd48f1a3-f74c-466a-bd2c-109fc954a893",
  "name": "dd48f1a3-f74c-466a-bd2c-109fc954a893",
  "type": "Microsoft.CostManagement/query",
  "columns": [
    {
      "name": "PreTaxCost",
      "type": "Number"
    },
    {
      "name": "ServiceName",
      "type": "String"
    },
    {
      "name": "Currency",
      "type": "String"
    }
  ],
  "rows": [
    [
      0.000708683829568323,
      "Bandwidth",
      "INR"
    ],
    [
      165.069534763252,
      "Storage",
      "INR"
    ],
    [
      2123.8251945443,
      "Virtual Machines",
      "INR"
    ],
    [
      112.254973203124,
      "Virtual Network",
      "INR"
    ]
  ]
}
Azure rows fetched: 4
Prepared Azure records:
[{'cloud': 'azure', 'account_name': 'azure-main', 'service_name': 'Bandwidth', 'region': 'global', 'resource_id': None, 'usage_date': '2026-05-11', 'usage_quantity': 0, 'cost': 0.000708683829568323, 'currency': 'USD', 'environment': None, 'application': None, 'tags': None}, {'cloud': 'azure', 'account_name': 'azure-main', 'service_name': 'Storage', 'region': 'global', 'resource_id': None, 'usage_date': '2026-05-11', 'usage_quantity': 0, 'cost': 165.069534763252, 'currency': 'USD', 'environment': None, 'application': None, 'tags': None}, {'cloud': 'azure', 'account_name': 'azure-main', 'service_name': 'Virtual Machines', 'region': 'global', 'resource_id': None, 'usage_date': '2026-05-11', 'usage_quantity': 0, 'cost': 2123.8251945443, 'currency': 'USD', 'environment': None, 'application': None, 'tags': None}]
Azure upsert complete
data=[{'id': 62, 'cloud': 'azure', 'account_name': 'azure-main', 'service_name': 'Bandwidth', 'region': 'global', 'resource_id': None, 'usage_date': '2026-05-11', 'usage_quantity': 0, 'cost': 0.000708683829568323, 'currency': 'USD', 'environment': None, 'application': None, 'tags': None, 'created_at': '2026-05-10T07:19:13.49237'}, {'id': 63, 'cloud': 'azure', 'account_name': 'azure-main', 'service_name': 'Storage', 'region': 'global', 'resource_id': None, 'usage_date': '2026-05-11', 'usage_quantity': 0, 'cost': 165.069534763252, 'currency': 'USD', 'environment': None, 'application': None, 'tags': None, 'created_at': '2026-05-10T07:19:13.49237'}, {'id': 64, 'cloud': 'azure', 'account_name': 'azure-main', 'service_name': 'Virtual Machines', 'region': 'global', 'resource_id': None, 'usage_date': '2026-05-11', 'usage_quantity': 0, 'cost': 2123.8251945443, 'currency': 'USD', 'environment': None, 'application': None, 'tags': None, 'created_at': '2026-05-10T07:19:13.49237'}, {'id': 65, 'cloud': 'azure', 'account_name': 'azure-main', 'service_name': 'Virtual Network', 'region': 'global', 'resource_id': None, 'usage_date': '2026-05-11', 'usage_quantity': 0, 'cost': 112.254973203124, 'currency': 'USD', 'environment': None, 'application': None, 'tags': None, 'created_at': '2026-05-10T07:19:13.49237'}] count=None
{
  "id": "subscriptions/49ce7e88-e929-4031-b5b2-c8b557e5da2d/providers/Microsoft.CostManagement/query/68784c3e-9891-409d-b74a-0c5fed376078",
  "name": "68784c3e-9891-409d-b74a-0c5fed376078",
  "type": "Microsoft.CostManagement/query",
  "columns": [
    {
      "name": "PreTaxCost",
      "type": "Number"
    },
    {
      "name": "ServiceName",
      "type": "String"
    },
    {
      "name": "Currency",
      "type": "String"
    }
  ],
  "rows": [
    [
      0.000708683829568323,
      "Bandwidth",
      "INR"
    ],
    [
      165.069534763252,
      "Storage",
      "INR"
    ],
    [
      2123.8251945443,
      "Virtual Machines",
      "INR"
    ],
    [
      112.254973203124,
      "Virtual Network",
      "INR"
    ]
  ]
}
Azure rows fetched: 4
Prepared Azure records:
[{'cloud': 'azure', 'account_name': 'azure-main', 'service_name': 'Bandwidth', 'region': 'global', 'resource_id': None, 'usage_date': '2026-05-11', 'usage_quantity': 0, 'cost': 0.000708683829568323, 'currency': 'USD', 'environment': None, 'application': None, 'tags': None}, {'cloud': 'azure', 'account_name': 'azure-main', 'service_name': 'Storage', 'region': 'global', 'resource_id': None, 'usage_date': '2026-05-11', 'usage_quantity': 0, 'cost': 165.069534763252, 'currency': 'USD', 'environment': None, 'application': None, 'tags': None}, {'cloud': 'azure', 'account_name': 'azure-main', 'service_name': 'Virtual Machines', 'region': 'global', 'resource_id': None, 'usage_date': '2026-05-11', 'usage_quantity': 0, 'cost': 2123.8251945443, 'currency': 'USD', 'environment': None, 'application': None, 'tags': None}]
Azure upsert complete
data=[{'id': 62, 'cloud': 'azure', 'account_name': 'azure-main', 'service_name': 'Bandwidth', 'region': 'global', 'resource_id': None, 'usage_date': '2026-05-11', 'usage_quantity': 0, 'cost': 0.000708683829568323, 'currency': 'USD', 'environment': None, 'application': None, 'tags': None, 'created_at': '2026-05-10T07:19:13.49237'}, {'id': 63, 'cloud': 'azure', 'account_name': 'azure-main', 'service_name': 'Storage', 'region': 'global', 'resource_id': None, 'usage_date': '2026-05-11', 'usage_quantity': 0, 'cost': 165.069534763252, 'currency': 'USD', 'environment': None, 'application': None, 'tags': None, 'created_at': '2026-05-10T07:19:13.49237'}, {'id': 64, 'cloud': 'azure', 'account_name': 'azure-main', 'service_name': 'Virtual Machines', 'region': 'global', 'resource_id': None, 'usage_date': '2026-05-11', 'usage_quantity': 0, 'cost': 2123.8251945443, 'currency': 'USD', 'environment': None, 'application': None, 'tags': None, 'created_at': '2026-05-10T07:19:13.49237'}, {'id': 65, 'cloud': 'azure', 'account_name': 'azure-main', 'service_name': 'Virtual Network', 'region': 'global', 'resource_id': None, 'usage_date': '2026-05-11', 'usage_quantity': 0, 'cost': 112.254973203124, 'currency': 'USD', 'environment': None, 'application': None, 'tags': None, 'created_at': '2026-05-10T07:19:13.49237'}] count=None
{
  "id": "subscriptions/49ce7e88-e929-4031-b5b2-c8b557e5da2d/providers/Microsoft.CostManagement/query/9b163288-fae8-4fc5-a52d-55316cebdfc3",
  "name": "9b163288-fae8-4fc5-a52d-55316cebdfc3",
  "type": "Microsoft.CostManagement/query",
  "columns": [
    {
      "name": "PreTaxCost",
      "type": "Number"
    },
    {
      "name": "ServiceName",
      "type": "String"
    },
    {
      "name": "Currency",
      "type": "String"
    }
  ],
  "rows": [
    [
      0.000708683829568323,
      "Bandwidth",
      "INR"
    ],
    [
      165.069534763252,
      "Storage",
      "INR"
    ],
    [
      2123.8251945443,
      "Virtual Machines",
      "INR"
    ],
    [
      112.254973203124,
      "Virtual Network",
      "INR"
    ]
  ]
}
Azure rows fetched: 4
Prepared Azure records:
[{'cloud': 'azure', 'account_name': 'azure-main', 'service_name': 'Bandwidth', 'region': 'global', 'resource_id': None, 'usage_date': '2026-05-11', 'usage_quantity': 0, 'cost': 0.000708683829568323, 'currency': 'USD', 'environment': None, 'application': None, 'tags': None}, {'cloud': 'azure', 'account_name': 'azure-main', 'service_name': 'Storage', 'region': 'global', 'resource_id': None, 'usage_date': '2026-05-11', 'usage_quantity': 0, 'cost': 165.069534763252, 'currency': 'USD', 'environment': None, 'application': None, 'tags': None}, {'cloud': 'azure', 'account_name': 'azure-main', 'service_name': 'Virtual Machines', 'region': 'global', 'resource_id': None, 'usage_date': '2026-05-11', 'usage_quantity': 0, 'cost': 2123.8251945443, 'currency': 'USD', 'environment': None, 'application': None, 'tags': None}]
Azure upsert complete
data=[{'id': 62, 'cloud': 'azure', 'account_name': 'azure-main', 'service_name': 'Bandwidth', 'region': 'global', 'resource_id': None, 'usage_date': '2026-05-11', 'usage_quantity': 0, 'cost': 0.000708683829568323, 'currency': 'USD', 'environment': None, 'application': None, 'tags': None, 'created_at': '2026-05-10T07:19:13.49237'}, {'id': 63, 'cloud': 'azure', 'account_name': 'azure-main', 'service_name': 'Storage', 'region': 'global', 'resource_id': None, 'usage_date': '2026-05-11', 'usage_quantity': 0, 'cost': 165.069534763252, 'currency': 'USD', 'environment': None, 'application': None, 'tags': None, 'created_at': '2026-05-10T07:19:13.49237'}, {'id': 64, 'cloud': 'azure', 'account_name': 'azure-main', 'service_name': 'Virtual Machines', 'region': 'global', 'resource_id': None, 'usage_date': '2026-05-11', 'usage_quantity': 0, 'cost': 2123.8251945443, 'currency': 'USD', 'environment': None, 'application': None, 'tags': None, 'created_at': '2026-05-10T07:19:13.49237'}, {'id': 65, 'cloud': 'azure', 'account_name': 'azure-main', 'service_name': 'Virtual Network', 'region': 'global', 'resource_id': None, 'usage_date': '2026-05-11', 'usage_quantity': 0, 'cost': 112.254973203124, 'currency': 'USD', 'environment': None, 'application': None, 'tags': None, 'created_at': '2026-05-10T07:19:13.49237'}] count=None
{
  "id": "subscriptions/49ce7e88-e929-4031-b5b2-c8b557e5da2d/providers/Microsoft.CostManagement/query/ce0f4e55-260d-47ba-9c32-100071964abe",
  "name": "ce0f4e55-260d-47ba-9c32-100071964abe",
  "type": "Microsoft.CostManagement/query",
  "columns": [
    {
      "name": "PreTaxCost",
      "type": "Number"
    },
    {
      "name": "ServiceName",
      "type": "String"
    },
    {
      "name": "Currency",
      "type": "String"
    }
  ],
  "rows": [
    [
      0.000763080924376842,
      "Bandwidth",
      "INR"
    ],
    [
      179.828997037732,
      "Storage",
      "INR"
    ],
    [
      2330.4142132943,
      "Virtual Machines",
      "INR"
    ],
    [
      122.655335703124,
      "Virtual Network",
      "INR"
    ]
  ]
}
Azure rows fetched: 4
Prepared Azure records:
[{'cloud': 'azure', 'account_name': 'azure-main', 'service_name': 'Bandwidth', 'region': 'global', 'resource_id': None, 'usage_date': '2026-05-12', 'usage_quantity': 0, 'cost': 0.000763080924376842, 'currency': 'USD', 'environment': None, 'application': None, 'tags': None}, {'cloud': 'azure', 'account_name': 'azure-main', 'service_name': 'Storage', 'region': 'global', 'resource_id': None, 'usage_date': '2026-05-12', 'usage_quantity': 0, 'cost': 179.828997037732, 'currency': 'USD', 'environment': None, 'application': None, 'tags': None}, {'cloud': 'azure', 'account_name': 'azure-main', 'service_name': 'Virtual Machines', 'region': 'global', 'resource_id': None, 'usage_date': '2026-05-12', 'usage_quantity': 0, 'cost': 2330.4142132943, 'currency': 'USD', 'environment': None, 'application': None, 'tags': None}]
Azure upsert complete
data=[{'id': 62, 'cloud': 'azure', 'account_name': 'azure-main', 'service_name': 'Bandwidth', 'region': 'global', 'resource_id': None, 'usage_date': '2026-05-12', 'usage_quantity': 0, 'cost': 0.000763080924376842, 'currency': 'USD', 'environment': None, 'application': None, 'tags': None, 'created_at': '2026-05-10T07:19:13.49237'}, {'id': 63, 'cloud': 'azure', 'account_name': 'azure-main', 'service_name': 'Storage', 'region': 'global', 'resource_id': None, 'usage_date': '2026-05-12', 'usage_quantity': 0, 'cost': 179.828997037732, 'currency': 'USD', 'environment': None, 'application': None, 'tags': None, 'created_at': '2026-05-10T07:19:13.49237'}, {'id': 64, 'cloud': 'azure', 'account_name': 'azure-main', 'service_name': 'Virtual Machines', 'region': 'global', 'resource_id': None, 'usage_date': '2026-05-12', 'usage_quantity': 0, 'cost': 2330.4142132943, 'currency': 'USD', 'environment': None, 'application': None, 'tags': None, 'created_at': '2026-05-10T07:19:13.49237'}, {'id': 65, 'cloud': 'azure', 'account_name': 'azure-main', 'service_name': 'Virtual Network', 'region': 'global', 'resource_id': None, 'usage_date': '2026-05-12', 'usage_quantity': 0, 'cost': 122.655335703124, 'currency': 'USD', 'environment': None, 'application': None, 'tags': None, 'created_at': '2026-05-10T07:19:13.49237'}] count=None
{
  "id": "subscriptions/49ce7e88-e929-4031-b5b2-c8b557e5da2d/providers/Microsoft.CostManagement/query/68497b33-fd47-4084-a8d9-05418099f0af",
  "name": "68497b33-fd47-4084-a8d9-05418099f0af",
  "type": "Microsoft.CostManagement/query",
  "columns": [
    {
      "name": "PreTaxCost",
      "type": "Number"
    },
    {
      "name": "ServiceName",
      "type": "String"
    },
    {
      "name": "Currency",
      "type": "String"
    }
  ],
  "rows": [
    [
      0.00076878691334277,
      "Bandwidth",
      "INR"
    ],
    [
      181.841650984252,
      "Storage",
      "INR"
    ],
    [
      2348.3784757943,
      "Virtual Machines",
      "INR"
    ],
    [
      123.600823203124,
      "Virtual Network",
      "INR"
    ]
  ]
}
Azure rows fetched: 4
Prepared Azure records:
[{'cloud': 'azure', 'account_name': 'azure-main', 'service_name': 'Bandwidth', 'region': 'global', 'resource_id': None, 'usage_date': '2026-05-12', 'usage_quantity': 0, 'cost': 0.00076878691334277, 'currency': 'USD', 'environment': None, 'application': None, 'tags': None}, {'cloud': 'azure', 'account_name': 'azure-main', 'service_name': 'Storage', 'region': 'global', 'resource_id': None, 'usage_date': '2026-05-12', 'usage_quantity': 0, 'cost': 181.841650984252, 'currency': 'USD', 'environment': None, 'application': None, 'tags': None}, {'cloud': 'azure', 'account_name': 'azure-main', 'service_name': 'Virtual Machines', 'region': 'global', 'resource_id': None, 'usage_date': '2026-05-12', 'usage_quantity': 0, 'cost': 2348.3784757943, 'currency': 'USD', 'environment': None, 'application': None, 'tags': None}]
Azure upsert complete
data=[{'id': 62, 'cloud': 'azure', 'account_name': 'azure-main', 'service_name': 'Bandwidth', 'region': 'global', 'resource_id': None, 'usage_date': '2026-05-12', 'usage_quantity': 0, 'cost': 0.00076878691334277, 'currency': 'USD', 'environment': None, 'application': None, 'tags': None, 'created_at': '2026-05-10T07:19:13.49237'}, {'id': 63, 'cloud': 'azure', 'account_name': 'azure-main', 'service_name': 'Storage', 'region': 'global', 'resource_id': None, 'usage_date': '2026-05-12', 'usage_quantity': 0, 'cost': 181.841650984252, 'currency': 'USD', 'environment': None, 'application': None, 'tags': None, 'created_at': '2026-05-10T07:19:13.49237'}, {'id': 64, 'cloud': 'azure', 'account_name': 'azure-main', 'service_name': 'Virtual Machines', 'region': 'global', 'resource_id': None, 'usage_date': '2026-05-12', 'usage_quantity': 0, 'cost': 2348.3784757943, 'currency': 'USD', 'environment': None, 'application': None, 'tags': None, 'created_at': '2026-05-10T07:19:13.49237'}, {'id': 65, 'cloud': 'azure', 'account_name': 'azure-main', 'service_name': 'Virtual Network', 'region': 'global', 'resource_id': None, 'usage_date': '2026-05-12', 'usage_quantity': 0, 'cost': 123.600823203124, 'currency': 'USD', 'environment': None, 'application': None, 'tags': None, 'created_at': '2026-05-10T07:19:13.49237'}] count=None
{
  "id": "subscriptions/49ce7e88-e929-4031-b5b2-c8b557e5da2d/providers/Microsoft.CostManagement/query/7ae5a9a2-44ee-447d-beba-5eaca0164ee9",
  "name": "7ae5a9a2-44ee-447d-beba-5eaca0164ee9",
  "type": "Microsoft.CostManagement/query",
  "columns": [
    {
      "name": "PreTaxCost",
      "type": "Number"
    },
    {
      "name": "ServiceName",
      "type": "String"
    },
    {
      "name": "Currency",
      "type": "String"
    }
  ],
  "rows": [
    [
      0.00076878691334277,
      "Bandwidth",
      "INR"
    ],
    [
      181.841650984252,
      "Storage",
      "INR"
    ],
    [
      2348.3784757943,
      "Virtual Machines",
      "INR"
    ],
    [
      123.600823203124,
      "Virtual Network",
      "INR"
    ]
  ]
}
Azure rows fetched: 4
Prepared Azure records:
[{'cloud': 'azure', 'account_name': 'azure-main', 'service_name': 'Bandwidth', 'region': 'global', 'resource_id': None, 'usage_date': '2026-05-12', 'usage_quantity': 0, 'cost': 0.00076878691334277, 'currency': 'USD', 'environment': None, 'application': None, 'tags': None}, {'cloud': 'azure', 'account_name': 'azure-main', 'service_name': 'Storage', 'region': 'global', 'resource_id': None, 'usage_date': '2026-05-12', 'usage_quantity': 0, 'cost': 181.841650984252, 'currency': 'USD', 'environment': None, 'application': None, 'tags': None}, {'cloud': 'azure', 'account_name': 'azure-main', 'service_name': 'Virtual Machines', 'region': 'global', 'resource_id': None, 'usage_date': '2026-05-12', 'usage_quantity': 0, 'cost': 2348.3784757943, 'currency': 'USD', 'environment': None, 'application': None, 'tags': None}]
Azure upsert complete
data=[{'id': 62, 'cloud': 'azure', 'account_name': 'azure-main', 'service_name': 'Bandwidth', 'region': 'global', 'resource_id': None, 'usage_date': '2026-05-12', 'usage_quantity': 0, 'cost': 0.00076878691334277, 'currency': 'USD', 'environment': None, 'application': None, 'tags': None, 'created_at': '2026-05-10T07:19:13.49237'}, {'id': 63, 'cloud': 'azure', 'account_name': 'azure-main', 'service_name': 'Storage', 'region': 'global', 'resource_id': None, 'usage_date': '2026-05-12', 'usage_quantity': 0, 'cost': 181.841650984252, 'currency': 'USD', 'environment': None, 'application': None, 'tags': None, 'created_at': '2026-05-10T07:19:13.49237'}, {'id': 64, 'cloud': 'azure', 'account_name': 'azure-main', 'service_name': 'Virtual Machines', 'region': 'global', 'resource_id': None, 'usage_date': '2026-05-12', 'usage_quantity': 0, 'cost': 2348.3784757943, 'currency': 'USD', 'environment': None, 'application': None, 'tags': None, 'created_at': '2026-05-10T07:19:13.49237'}, {'id': 65, 'cloud': 'azure', 'account_name': 'azure-main', 'service_name': 'Virtual Network', 'region': 'global', 'resource_id': None, 'usage_date': '2026-05-12', 'usage_quantity': 0, 'cost': 123.600823203124, 'currency': 'USD', 'environment': None, 'application': None, 'tags': None, 'created_at': '2026-05-10T07:19:13.49237'}] count=None
{
  "id": "subscriptions/49ce7e88-e929-4031-b5b2-c8b557e5da2d/providers/Microsoft.CostManagement/query/5b7619c6-dae1-4ff5-965d-693e7f6ba7bf",
  "name": "5b7619c6-dae1-4ff5-965d-693e7f6ba7bf",
  "type": "Microsoft.CostManagement/query",
  "columns": [
    {
      "name": "PreTaxCost",
      "type": "Number"
    },
    {
      "name": "ServiceName",
      "type": "String"
    },
    {
      "name": "Currency",
      "type": "String"
    }
  ],
  "rows": [
    [
      0.000783242085389789,
      "Bandwidth",
      "INR"
    ],
    [
      184.525189579612,
      "Storage",
      "INR"
    ],
    [
      2393.2891320443,
      "Virtual Machines",
      "INR"
    ],
    [
      125.964541953124,
      "Virtual Network",
      "INR"
    ]
  ]
}
Azure rows fetched: 4
Prepared Azure records:
[{'cloud': 'azure', 'account_name': 'azure-main', 'service_name': 'Bandwidth', 'region': 'global', 'resource_id': None, 'usage_date': '2026-05-12', 'usage_quantity': 0, 'cost': 0.000783242085389789, 'currency': 'USD', 'environment': None, 'application': None, 'tags': None}, {'cloud': 'azure', 'account_name': 'azure-main', 'service_name': 'Storage', 'region': 'global', 'resource_id': None, 'usage_date': '2026-05-12', 'usage_quantity': 0, 'cost': 184.525189579612, 'currency': 'USD', 'environment': None, 'application': None, 'tags': None}, {'cloud': 'azure', 'account_name': 'azure-main', 'service_name': 'Virtual Machines', 'region': 'global', 'resource_id': None, 'usage_date': '2026-05-12', 'usage_quantity': 0, 'cost': 2393.2891320443, 'currency': 'USD', 'environment': None, 'application': None, 'tags': None}]
Azure upsert complete
data=[{'id': 62, 'cloud': 'azure', 'account_name': 'azure-main', 'service_name': 'Bandwidth', 'region': 'global', 'resource_id': None, 'usage_date': '2026-05-12', 'usage_quantity': 0, 'cost': 0.000783242085389789, 'currency': 'USD', 'environment': None, 'application': None, 'tags': None, 'created_at': '2026-05-10T07:19:13.49237'}, {'id': 63, 'cloud': 'azure', 'account_name': 'azure-main', 'service_name': 'Storage', 'region': 'global', 'resource_id': None, 'usage_date': '2026-05-12', 'usage_quantity': 0, 'cost': 184.525189579612, 'currency': 'USD', 'environment': None, 'application': None, 'tags': None, 'created_at': '2026-05-10T07:19:13.49237'}, {'id': 64, 'cloud': 'azure', 'account_name': 'azure-main', 'service_name': 'Virtual Machines', 'region': 'global', 'resource_id': None, 'usage_date': '2026-05-12', 'usage_quantity': 0, 'cost': 2393.2891320443, 'currency': 'USD', 'environment': None, 'application': None, 'tags': None, 'created_at': '2026-05-10T07:19:13.49237'}, {'id': 65, 'cloud': 'azure', 'account_name': 'azure-main', 'service_name': 'Virtual Network', 'region': 'global', 'resource_id': None, 'usage_date': '2026-05-12', 'usage_quantity': 0, 'cost': 125.964541953124, 'currency': 'USD', 'environment': None, 'application': None, 'tags': None, 'created_at': '2026-05-10T07:19:13.49237'}] count=None
Traceback (most recent call last):
  File "C:\Users\SrikanthMudaliar\AI-Cloud-Advisor\azure_cost_sync.py", line 47, in <module>
    query_result = cost_client.query.usage(
                   ^^^^^^^^^^^^^^^^^^^^^^^^
  File "C:\Users\SrikanthMudaliar\AppData\Local\Programs\Python\Python312\Lib\site-packages\azure\core\tracing\decorator.py", line 119, in wrapper_use_tracer
    return func(*args, **kwargs)
           ^^^^^^^^^^^^^^^^^^^^^
  File "C:\Users\SrikanthMudaliar\AppData\Local\Programs\Python\Python312\Lib\site-packages\azure\mgmt\costmanagement\operations\_query_operations.py", line 278, in usage
    raise HttpResponseError(response=response, model=error, error_format=ARMErrorFormat)
azure.core.exceptions.HttpResponseError: (429) Too many requests. Please retry.
Code: 429
Message: Too many requests. Please retry.
{
  "id": "subscriptions/49ce7e88-e929-4031-b5b2-c8b557e5da2d/providers/Microsoft.CostManagement/query/70ae0e0b-fefa-4457-a7c5-383c94bcb4ff",
  "name": "70ae0e0b-fefa-4457-a7c5-383c94bcb4ff",
  "type": "Microsoft.CostManagement/query",
  "columns": [
    {
      "name": "PreTaxCost",
      "type": "Number"
    },
    {
      "name": "ServiceName",
      "type": "String"
    },
    {
      "name": "Currency",
      "type": "String"
    }
  ],
  "rows": [
    [
      0.000783242085389789,
      "Bandwidth",
      "INR"
    ],
    [
      184.525189579612,
      "Storage",
      "INR"
    ],
    [
      2393.2891320443,
      "Virtual Machines",
      "INR"
    ],
    [
      125.964541953124,
      "Virtual Network",
      "INR"
    ]
  ]
}
Azure rows fetched: 4
Prepared Azure records:
[{'cloud': 'azure', 'account_name': 'azure-main', 'service_name': 'Bandwidth', 'region': 'global', 'resource_id': None, 'usage_date': '2026-05-12', 'usage_quantity': 0, 'cost': 0.000783242085389789, 'currency': 'USD', 'environment': None, 'application': None, 'tags': None}, {'cloud': 'azure', 'account_name': 'azure-main', 'service_name': 'Storage', 'region': 'global', 'resource_id': None, 'usage_date': '2026-05-12', 'usage_quantity': 0, 'cost': 184.525189579612, 'currency': 'USD', 'environment': None, 'application': None, 'tags': None}, {'cloud': 'azure', 'account_name': 'azure-main', 'service_name': 'Virtual Machines', 'region': 'global', 'resource_id': None, 'usage_date': '2026-05-12', 'usage_quantity': 0, 'cost': 2393.2891320443, 'currency': 'USD', 'environment': None, 'application': None, 'tags': None}]
Azure upsert complete
data=[{'id': 62, 'cloud': 'azure', 'account_name': 'azure-main', 'service_name': 'Bandwidth', 'region': 'global', 'resource_id': None, 'usage_date': '2026-05-12', 'usage_quantity': 0, 'cost': 0.000783242085389789, 'currency': 'USD', 'environment': None, 'application': None, 'tags': None, 'created_at': '2026-05-10T07:19:13.49237'}, {'id': 63, 'cloud': 'azure', 'account_name': 'azure-main', 'service_name': 'Storage', 'region': 'global', 'resource_id': None, 'usage_date': '2026-05-12', 'usage_quantity': 0, 'cost': 184.525189579612, 'currency': 'USD', 'environment': None, 'application': None, 'tags': None, 'created_at': '2026-05-10T07:19:13.49237'}, {'id': 64, 'cloud': 'azure', 'account_name': 'azure-main', 'service_name': 'Virtual Machines', 'region': 'global', 'resource_id': None, 'usage_date': '2026-05-12', 'usage_quantity': 0, 'cost': 2393.2891320443, 'currency': 'USD', 'environment': None, 'application': None, 'tags': None, 'created_at': '2026-05-10T07:19:13.49237'}, {'id': 65, 'cloud': 'azure', 'account_name': 'azure-main', 'service_name': 'Virtual Network', 'region': 'global', 'resource_id': None, 'usage_date': '2026-05-12', 'usage_quantity': 0, 'cost': 125.964541953124, 'currency': 'USD', 'environment': None, 'application': None, 'tags': None, 'created_at': '2026-05-10T07:19:13.49237'}] count=None
{
  "id": "subscriptions/49ce7e88-e929-4031-b5b2-c8b557e5da2d/providers/Microsoft.CostManagement/query/ba85d4eb-785a-46e4-a993-8afff3e08a7e",
  "name": "ba85d4eb-785a-46e4-a993-8afff3e08a7e",
  "type": "Microsoft.CostManagement/query",
  "columns": [
    {
      "name": "PreTaxCost",
      "type": "Number"
    },
    {
      "name": "ServiceName",
      "type": "String"
    },
    {
      "name": "Currency",
      "type": "String"
    }
  ],
  "rows": [
    [
      0.000783242085389789,
      "Bandwidth",
      "INR"
    ],
    [
      184.525189579612,
      "Storage",
      "INR"
    ],
    [
      2393.2891320443,
      "Virtual Machines",
      "INR"
    ],
    [
      125.964541953124,
      "Virtual Network",
      "INR"
    ]
  ]
}
Azure rows fetched: 4
Prepared Azure records:
[{'cloud': 'azure', 'account_name': 'azure-main', 'service_name': 'Bandwidth', 'region': 'global', 'resource_id': None, 'usage_date': '2026-05-12', 'usage_quantity': 0, 'cost': 0.000783242085389789, 'currency': 'USD', 'environment': None, 'application': None, 'tags': None}, {'cloud': 'azure', 'account_name': 'azure-main', 'service_name': 'Storage', 'region': 'global', 'resource_id': None, 'usage_date': '2026-05-12', 'usage_quantity': 0, 'cost': 184.525189579612, 'currency': 'USD', 'environment': None, 'application': None, 'tags': None}, {'cloud': 'azure', 'account_name': 'azure-main', 'service_name': 'Virtual Machines', 'region': 'global', 'resource_id': None, 'usage_date': '2026-05-12', 'usage_quantity': 0, 'cost': 2393.2891320443, 'currency': 'USD', 'environment': None, 'application': None, 'tags': None}]
Azure upsert complete
data=[{'id': 62, 'cloud': 'azure', 'account_name': 'azure-main', 'service_name': 'Bandwidth', 'region': 'global', 'resource_id': None, 'usage_date': '2026-05-12', 'usage_quantity': 0, 'cost': 0.000783242085389789, 'currency': 'USD', 'environment': None, 'application': None, 'tags': None, 'created_at': '2026-05-10T07:19:13.49237'}, {'id': 63, 'cloud': 'azure', 'account_name': 'azure-main', 'service_name': 'Storage', 'region': 'global', 'resource_id': None, 'usage_date': '2026-05-12', 'usage_quantity': 0, 'cost': 184.525189579612, 'currency': 'USD', 'environment': None, 'application': None, 'tags': None, 'created_at': '2026-05-10T07:19:13.49237'}, {'id': 64, 'cloud': 'azure', 'account_name': 'azure-main', 'service_name': 'Virtual Machines', 'region': 'global', 'resource_id': None, 'usage_date': '2026-05-12', 'usage_quantity': 0, 'cost': 2393.2891320443, 'currency': 'USD', 'environment': None, 'application': None, 'tags': None, 'created_at': '2026-05-10T07:19:13.49237'}, {'id': 65, 'cloud': 'azure', 'account_name': 'azure-main', 'service_name': 'Virtual Network', 'region': 'global', 'resource_id': None, 'usage_date': '2026-05-12', 'usage_quantity': 0, 'cost': 125.964541953124, 'currency': 'USD', 'environment': None, 'application': None, 'tags': None, 'created_at': '2026-05-10T07:19:13.49237'}] count=None
{
  "id": "subscriptions/49ce7e88-e929-4031-b5b2-c8b557e5da2d/providers/Microsoft.CostManagement/query/ea222838-1ae3-4ed6-a913-80bbc8334f45",
  "name": "ea222838-1ae3-4ed6-a913-80bbc8334f45",
  "type": "Microsoft.CostManagement/query",
  "columns": [
    {
      "name": "PreTaxCost",
      "type": "Number"
    },
    {
      "name": "ServiceName",
      "type": "String"
    },
    {
      "name": "Currency",
      "type": "String"
    }
  ],
  "rows": [
    [
      0.000785144081711766,
      "Bandwidth",
      "INR"
    ],
    [
      185.866958877292,
      "Storage",
      "INR"
    ],
    [
      2402.2712632943,
      "Virtual Machines",
      "INR"
    ],
    [
      126.437285703124,
      "Virtual Network",
      "INR"
    ]
  ]
}
Azure rows fetched: 4
Prepared Azure records:
[{'cloud': 'azure', 'account_name': 'azure-main', 'service_name': 'Bandwidth', 'region': 'global', 'resource_id': None, 'usage_date': '2026-05-12', 'usage_quantity': 0, 'cost': 0.000785144081711766, 'currency': 'USD', 'environment': None, 'application': None, 'tags': None}, {'cloud': 'azure', 'account_name': 'azure-main', 'service_name': 'Storage', 'region': 'global', 'resource_id': None, 'usage_date': '2026-05-12', 'usage_quantity': 0, 'cost': 185.866958877292, 'currency': 'USD', 'environment': None, 'application': None, 'tags': None}, {'cloud': 'azure', 'account_name': 'azure-main', 'service_name': 'Virtual Machines', 'region': 'global', 'resource_id': None, 'usage_date': '2026-05-12', 'usage_quantity': 0, 'cost': 2402.2712632943, 'currency': 'USD', 'environment': None, 'application': None, 'tags': None}]
Traceback (most recent call last):
  File "C:\Users\SrikanthMudaliar\AI-Cloud-Advisor\azure_cost_sync.py", line 130, in <module>
    .execute()
     ^^^^^^^^^
  File "C:\Users\SrikanthMudaliar\AppData\Local\Programs\Python\Python312\Lib\site-packages\postgrest\_sync\request_builder.py", line 53, in execute
    raise APIError(dict(json_obj))
postgrest.exceptions.APIError: {'message': 'there is no unique or exclusion constraint matching the ON CONFLICT specification', 'code': '42P10', 'hint': None, 'details': None}
{
  "id": "subscriptions/49ce7e88-e929-4031-b5b2-c8b557e5da2d/providers/Microsoft.CostManagement/query/6931165d-0faa-4441-84b1-1e9a5e547751",
  "name": "6931165d-0faa-4441-84b1-1e9a5e547751",
  "type": "Microsoft.CostManagement/query",
  "columns": [
    {
      "name": "PreTaxCost",
      "type": "Number"
    },
    {
      "name": "ServiceName",
      "type": "String"
    },
    {
      "name": "Currency",
      "type": "String"
    }
  ],
  "rows": [
    [
      0.000785144081711766,
      "Bandwidth",
      "INR"
    ],
    [
      185.866958877292,
      "Storage",
      "INR"
    ],
    [
      2402.2712632943,
      "Virtual Machines",
      "INR"
    ],
    [
      126.437285703124,
      "Virtual Network",
      "INR"
    ]
  ]
}
Azure rows fetched: 4
Prepared Azure records:
[{'cloud': 'azure', 'account_name': 'azure-main', 'service_name': 'Bandwidth', 'region': 'global', 'resource_id': None, 'usage_date': '2026-05-12', 'usage_quantity': 0, 'cost': 0.000785144081711766, 'currency': 'USD', 'environment': None, 'application': None, 'tags': None}, {'cloud': 'azure', 'account_name': 'azure-main', 'service_name': 'Storage', 'region': 'global', 'resource_id': None, 'usage_date': '2026-05-12', 'usage_quantity': 0, 'cost': 185.866958877292, 'currency': 'USD', 'environment': None, 'application': None, 'tags': None}, {'cloud': 'azure', 'account_name': 'azure-main', 'service_name': 'Virtual Machines', 'region': 'global', 'resource_id': None, 'usage_date': '2026-05-12', 'usage_quantity': 0, 'cost': 2402.2712632943, 'currency': 'USD', 'environment': None, 'application': None, 'tags': None}]
Traceback (most recent call last):
  File "C:\Users\SrikanthMudaliar\AI-Cloud-Advisor\azure_cost_sync.py", line 130, in <module>
    .execute()
     ^^^^^^^^^
  File "C:\Users\SrikanthMudaliar\AppData\Local\Programs\Python\Python312\Lib\site-packages\postgrest\_sync\request_builder.py", line 53, in execute
    raise APIError(dict(json_obj))
postgrest.exceptions.APIError: {'message': 'there is no unique or exclusion constraint matching the ON CONFLICT specification', 'code': '42P10', 'hint': None, 'details': None}
{
  "id": "subscriptions/49ce7e88-e929-4031-b5b2-c8b557e5da2d/providers/Microsoft.CostManagement/query/0ac52143-2996-4d26-bb88-535bde3561e1",
  "name": "0ac52143-2996-4d26-bb88-535bde3561e1",
  "type": "Microsoft.CostManagement/query",
  "columns": [
    {
      "name": "PreTaxCost",
      "type": "Number"
    },
    {
      "name": "ServiceName",
      "type": "String"
    },
    {
      "name": "Currency",
      "type": "String"
    }
  ],
  "rows": [
    [
      0.000785144081711766,
      "Bandwidth",
      "INR"
    ],
    [
      185.866958877292,
      "Storage",
      "INR"
    ],
    [
      2402.2712632943,
      "Virtual Machines",
      "INR"
    ],
    [
      126.437285703124,
      "Virtual Network",
      "INR"
    ]
  ]
}
Azure rows fetched: 4
Prepared Azure records:
[{'cloud': 'azure', 'account_name': 'azure-main', 'service_name': 'Bandwidth', 'region': 'global', 'resource_id': None, 'usage_date': '2026-05-12', 'usage_quantity': 0, 'cost': 0.000785144081711766, 'currency': 'USD', 'environment': None, 'application': None, 'tags': None}, {'cloud': 'azure', 'account_name': 'azure-main', 'service_name': 'Storage', 'region': 'global', 'resource_id': None, 'usage_date': '2026-05-12', 'usage_quantity': 0, 'cost': 185.866958877292, 'currency': 'USD', 'environment': None, 'application': None, 'tags': None}, {'cloud': 'azure', 'account_name': 'azure-main', 'service_name': 'Virtual Machines', 'region': 'global', 'resource_id': None, 'usage_date': '2026-05-12', 'usage_quantity': 0, 'cost': 2402.2712632943, 'currency': 'USD', 'environment': None, 'application': None, 'tags': None}]
Traceback (most recent call last):
  File "C:\Users\SrikanthMudaliar\AI-Cloud-Advisor\azure_cost_sync.py", line 130, in <module>
    .execute()
     ^^^^^^^^^
  File "C:\Users\SrikanthMudaliar\AppData\Local\Programs\Python\Python312\Lib\site-packages\postgrest\_sync\request_builder.py", line 53, in execute
    raise APIError(dict(json_obj))
postgrest.exceptions.APIError: {'message': 'there is no unique or exclusion constraint matching the ON CONFLICT specification', 'code': '42P10', 'hint': None, 'details': None}
{
  "id": "subscriptions/49ce7e88-e929-4031-b5b2-c8b557e5da2d/providers/Microsoft.CostManagement/query/b2caf9e7-ae1e-4da5-9d9c-192394536f30",
  "name": "b2caf9e7-ae1e-4da5-9d9c-192394536f30",
  "type": "Microsoft.CostManagement/query",
  "columns": [
    {
      "name": "PreTaxCost",
      "type": "Number"
    },
    {
      "name": "ServiceName",
      "type": "String"
    },
    {
      "name": "Currency",
      "type": "String"
    }
  ],
  "rows": [
    [
      0.000790850070677694,
      "Bandwidth",
      "INR"
    ],
    [
      186.537843526132,
      "Storage",
      "INR"
    ],
    [
      2420.2355257943,
      "Virtual Machines",
      "INR"
    ],
    [
      126.910029453124,
      "Virtual Network",
      "INR"
    ]
  ]
}
Azure rows fetched: 4
Prepared Azure records:
[{'cloud': 'azure', 'account_name': 'azure-main', 'service_name': 'Bandwidth', 'region': 'global', 'resource_id': None, 'usage_date': '2026-05-12', 'usage_quantity': 0, 'cost': 0.000790850070677694, 'currency': 'USD', 'environment': None, 'application': None, 'tags': None}, {'cloud': 'azure', 'account_name': 'azure-main', 'service_name': 'Storage', 'region': 'global', 'resource_id': None, 'usage_date': '2026-05-12', 'usage_quantity': 0, 'cost': 186.537843526132, 'currency': 'USD', 'environment': None, 'application': None, 'tags': None}, {'cloud': 'azure', 'account_name': 'azure-main', 'service_name': 'Virtual Machines', 'region': 'global', 'resource_id': None, 'usage_date': '2026-05-12', 'usage_quantity': 0, 'cost': 2420.2355257943, 'currency': 'USD', 'environment': None, 'application': None, 'tags': None}]
Traceback (most recent call last):
  File "C:\Users\SrikanthMudaliar\AI-Cloud-Advisor\azure_cost_sync.py", line 130, in <module>
    .execute()
     ^^^^^^^^^
  File "C:\Users\SrikanthMudaliar\AppData\Local\Programs\Python\Python312\Lib\site-packages\postgrest\_sync\request_builder.py", line 53, in execute
    raise APIError(dict(json_obj))
postgrest.exceptions.APIError: {'message': 'there is no unique or exclusion constraint matching the ON CONFLICT specification', 'code': '42P10', 'hint': None, 'details': None}
{
  "id": "subscriptions/49ce7e88-e929-4031-b5b2-c8b557e5da2d/providers/Microsoft.CostManagement/query/653dc242-fdf7-4398-b298-6f2a25070f66",
  "name": "653dc242-fdf7-4398-b298-6f2a25070f66",
  "type": "Microsoft.CostManagement/query",
  "columns": [
    {
      "name": "PreTaxCost",
      "type": "Number"
    },
    {
      "name": "ServiceName",
      "type": "String"
    },
    {
      "name": "Currency",
      "type": "String"
    }
  ],
  "rows": [
    [
      0.000790850070677694,
      "Bandwidth",
      "INR"
    ],
    [
      186.537843526132,
      "Storage",
      "INR"
    ],
    [
      2420.2355257943,
      "Virtual Machines",
      "INR"
    ],
    [
      126.910029453124,
      "Virtual Network",
      "INR"
    ]
  ]
}
Azure rows fetched: 4
Prepared Azure records:
[{'cloud': 'azure', 'account_name': 'azure-main', 'service_name': 'Bandwidth', 'region': 'global', 'resource_id': None, 'usage_date': '2026-05-12', 'usage_quantity': 0, 'cost': 0.000790850070677694, 'currency': 'USD', 'environment': None, 'application': None, 'tags': None}, {'cloud': 'azure', 'account_name': 'azure-main', 'service_name': 'Storage', 'region': 'global', 'resource_id': None, 'usage_date': '2026-05-12', 'usage_quantity': 0, 'cost': 186.537843526132, 'currency': 'USD', 'environment': None, 'application': None, 'tags': None}, {'cloud': 'azure', 'account_name': 'azure-main', 'service_name': 'Virtual Machines', 'region': 'global', 'resource_id': None, 'usage_date': '2026-05-12', 'usage_quantity': 0, 'cost': 2420.2355257943, 'currency': 'USD', 'environment': None, 'application': None, 'tags': None}]
Traceback (most recent call last):
  File "C:\Users\SrikanthMudaliar\AI-Cloud-Advisor\azure_cost_sync.py", line 130, in <module>
    .execute()
     ^^^^^^^^^
  File "C:\Users\SrikanthMudaliar\AppData\Local\Programs\Python\Python312\Lib\site-packages\postgrest\_sync\request_builder.py", line 53, in execute
    raise APIError(dict(json_obj))
postgrest.exceptions.APIError: {'message': 'there is no unique or exclusion constraint matching the ON CONFLICT specification', 'code': '42P10', 'hint': None, 'details': None}
{
  "id": "subscriptions/49ce7e88-e929-4031-b5b2-c8b557e5da2d/providers/Microsoft.CostManagement/query/bbc46c64-6292-4274-86d5-562bc2e6a137",
  "name": "bbc46c64-6292-4274-86d5-562bc2e6a137",
  "type": "Microsoft.CostManagement/query",
  "columns": [
    {
      "name": "PreTaxCost",
      "type": "Number"
    },
    {
      "name": "ServiceName",
      "type": "String"
    },
    {
      "name": "Currency",
      "type": "String"
    }
  ],
  "rows": [
    [
      0.000790850070677694,
      "Bandwidth",
      "INR"
    ],
    [
      186.537843526132,
      "Storage",
      "INR"
    ],
    [
      2420.2355257943,
      "Virtual Machines",
      "INR"
    ],
    [
      126.910029453124,
      "Virtual Network",
      "INR"
    ]
  ]
}
Azure rows fetched: 4
Prepared Azure records:
[{'cloud': 'azure', 'account_name': 'azure-main', 'service_name': 'Bandwidth', 'region': 'global', 'resource_id': None, 'usage_date': '2026-05-12', 'usage_quantity': 0, 'cost': 0.000790850070677694, 'currency': 'USD', 'environment': None, 'application': None, 'tags': None}, {'cloud': 'azure', 'account_name': 'azure-main', 'service_name': 'Storage', 'region': 'global', 'resource_id': None, 'usage_date': '2026-05-12', 'usage_quantity': 0, 'cost': 186.537843526132, 'currency': 'USD', 'environment': None, 'application': None, 'tags': None}, {'cloud': 'azure', 'account_name': 'azure-main', 'service_name': 'Virtual Machines', 'region': 'global', 'resource_id': None, 'usage_date': '2026-05-12', 'usage_quantity': 0, 'cost': 2420.2355257943, 'currency': 'USD', 'environment': None, 'application': None, 'tags': None}]
Traceback (most recent call last):
  File "C:\Users\SrikanthMudaliar\AI-Cloud-Advisor\azure_cost_sync.py", line 130, in <module>
    .execute()
     ^^^^^^^^^
  File "C:\Users\SrikanthMudaliar\AppData\Local\Programs\Python\Python312\Lib\site-packages\postgrest\_sync\request_builder.py", line 53, in execute
    raise APIError(dict(json_obj))
postgrest.exceptions.APIError: {'message': 'there is no unique or exclusion constraint matching the ON CONFLICT specification', 'code': '42P10', 'hint': None, 'details': None}
{
  "id": "subscriptions/49ce7e88-e929-4031-b5b2-c8b557e5da2d/providers/Microsoft.CostManagement/query/45f22116-9b69-4074-ac1b-72aa85c25703",
  "name": "45f22116-9b69-4074-ac1b-72aa85c25703",
  "type": "Microsoft.CostManagement/query",
  "columns": [
    {
      "name": "PreTaxCost",
      "type": "Number"
    },
    {
      "name": "ServiceName",
      "type": "String"
    },
    {
      "name": "Currency",
      "type": "String"
    }
  ],
  "rows": [
    [
      0.000815576022863384,
      "Bandwidth",
      "INR"
    ],
    [
      192.575805365692,
      "Storage",
      "INR"
    ],
    [
      2492.0925757943,
      "Virtual Machines",
      "INR"
    ],
    [
      130.691979453124,
      "Virtual Network",
      "INR"
    ]
  ]
}
Azure rows fetched: 4
Prepared Azure records:
[{'cloud': 'azure', 'account_name': 'azure-main', 'service_name': 'Bandwidth', 'region': 'global', 'resource_id': None, 'usage_date': '2026-05-13', 'usage_quantity': 0, 'cost': 0.000815576022863384, 'currency': 'USD', 'environment': None, 'application': None, 'tags': None}, {'cloud': 'azure', 'account_name': 'azure-main', 'service_name': 'Storage', 'region': 'global', 'resource_id': None, 'usage_date': '2026-05-13', 'usage_quantity': 0, 'cost': 192.575805365692, 'currency': 'USD', 'environment': None, 'application': None, 'tags': None}, {'cloud': 'azure', 'account_name': 'azure-main', 'service_name': 'Virtual Machines', 'region': 'global', 'resource_id': None, 'usage_date': '2026-05-13', 'usage_quantity': 0, 'cost': 2492.0925757943, 'currency': 'USD', 'environment': None, 'application': None, 'tags': None}]
Traceback (most recent call last):
  File "C:\Users\SrikanthMudaliar\AI-Cloud-Advisor\azure_cost_sync.py", line 130, in <module>
    .execute()
     ^^^^^^^^^
  File "C:\Users\SrikanthMudaliar\AppData\Local\Programs\Python\Python312\Lib\site-packages\postgrest\_sync\request_builder.py", line 53, in execute
    raise APIError(dict(json_obj))
postgrest.exceptions.APIError: {'message': 'there is no unique or exclusion constraint matching the ON CONFLICT specification', 'code': '42P10', 'hint': None, 'details': None}
{
  "id": "subscriptions/49ce7e88-e929-4031-b5b2-c8b557e5da2d/providers/Microsoft.CostManagement/query/1d6c017b-0dcf-40db-81aa-36cc91a72171",
  "name": "1d6c017b-0dcf-40db-81aa-36cc91a72171",
  "type": "Microsoft.CostManagement/query",
  "columns": [
    {
      "name": "PreTaxCost",
      "type": "Number"
    },
    {
      "name": "ServiceName",
      "type": "String"
    },
    {
      "name": "Currency",
      "type": "String"
    }
  ],
  "rows": [
    [
      0.000815576022863384,
      "Bandwidth",
      "INR"
    ],
    [
      192.575805365692,
      "Storage",
      "INR"
    ],
    [
      2492.0925757943,
      "Virtual Machines",
      "INR"
    ],
    [
      130.691979453124,
      "Virtual Network",
      "INR"
    ]
  ]
}
Azure rows fetched: 4
Prepared Azure records:
[{'cloud': 'azure', 'account_name': 'azure-main', 'service_name': 'Bandwidth', 'region': 'global', 'resource_id': None, 'usage_date': '2026-05-13', 'usage_quantity': 0, 'cost': 0.000815576022863384, 'currency': 'USD', 'environment': None, 'application': None, 'tags': None}, {'cloud': 'azure', 'account_name': 'azure-main', 'service_name': 'Storage', 'region': 'global', 'resource_id': None, 'usage_date': '2026-05-13', 'usage_quantity': 0, 'cost': 192.575805365692, 'currency': 'USD', 'environment': None, 'application': None, 'tags': None}, {'cloud': 'azure', 'account_name': 'azure-main', 'service_name': 'Virtual Machines', 'region': 'global', 'resource_id': None, 'usage_date': '2026-05-13', 'usage_quantity': 0, 'cost': 2492.0925757943, 'currency': 'USD', 'environment': None, 'application': None, 'tags': None}]
Traceback (most recent call last):
  File "C:\Users\SrikanthMudaliar\AI-Cloud-Advisor\azure_cost_sync.py", line 130, in <module>
    .execute()
     ^^^^^^^^^
  File "C:\Users\SrikanthMudaliar\AppData\Local\Programs\Python\Python312\Lib\site-packages\postgrest\_sync\request_builder.py", line 53, in execute
    raise APIError(dict(json_obj))
postgrest.exceptions.APIError: {'message': 'there is no unique or exclusion constraint matching the ON CONFLICT specification', 'code': '42P10', 'hint': None, 'details': None}
{
  "id": "subscriptions/49ce7e88-e929-4031-b5b2-c8b557e5da2d/providers/Microsoft.CostManagement/query/1cc770b7-3fa1-43ed-af4b-c50fe48ab322",
  "name": "1cc770b7-3fa1-43ed-af4b-c50fe48ab322",
  "type": "Microsoft.CostManagement/query",
  "columns": [
    {
      "name": "PreTaxCost",
      "type": "Number"
    },
    {
      "name": "ServiceName",
      "type": "String"
    },
    {
      "name": "Currency",
      "type": "String"
    }
  ],
  "rows": [
    [
      0.000819380015507337,
      "Bandwidth",
      "INR"
    ],
    [
      193.917574663372,
      "Storage",
      "INR"
    ],
    [
      2510.05683829429,
      "Virtual Machines",
      "INR"
    ],
    [
      132.110210703124,
      "Virtual Network",
      "INR"
    ]
  ]
}
Azure rows fetched: 4
Prepared Azure records:
[{'cloud': 'azure', 'account_name': 'azure-main', 'service_name': 'Bandwidth', 'region': 'global', 'resource_id': None, 'usage_date': '2026-05-13', 'usage_quantity': 0, 'cost': 0.000819380015507337, 'currency': 'USD', 'environment': None, 'application': None, 'tags': None}, {'cloud': 'azure', 'account_name': 'azure-main', 'service_name': 'Storage', 'region': 'global', 'resource_id': None, 'usage_date': '2026-05-13', 'usage_quantity': 0, 'cost': 193.917574663372, 'currency': 'USD', 'environment': None, 'application': None, 'tags': None}, {'cloud': 'azure', 'account_name': 'azure-main', 'service_name': 'Virtual Machines', 'region': 'global', 'resource_id': None, 'usage_date': '2026-05-13', 'usage_quantity': 0, 'cost': 2510.05683829429, 'currency': 'USD', 'environment': None, 'application': None, 'tags': None}]
Traceback (most recent call last):
  File "C:\Users\SrikanthMudaliar\AI-Cloud-Advisor\azure_cost_sync.py", line 130, in <module>
    .execute()
     ^^^^^^^^^
  File "C:\Users\SrikanthMudaliar\AppData\Local\Programs\Python\Python312\Lib\site-packages\postgrest\_sync\request_builder.py", line 53, in execute
    raise APIError(dict(json_obj))
postgrest.exceptions.APIError: {'message': 'there is no unique or exclusion constraint matching the ON CONFLICT specification', 'code': '42P10', 'hint': None, 'details': None}
{
  "id": "subscriptions/49ce7e88-e929-4031-b5b2-c8b557e5da2d/providers/Microsoft.CostManagement/query/0b9aef04-2642-4dd1-8ba6-0e46f402631b",
  "name": "0b9aef04-2642-4dd1-8ba6-0e46f402631b",
  "type": "Microsoft.CostManagement/query",
  "columns": [
    {
      "name": "PreTaxCost",
      "type": "Number"
    },
    {
      "name": "ServiceName",
      "type": "String"
    },
    {
      "name": "Currency",
      "type": "String"
    }
  ],
  "rows": [
    [
      0.000819380015507337,
      "Bandwidth",
      "INR"
    ],
    [
      193.917574663372,
      "Storage",
      "INR"
    ],
    [
      2510.05683829429,
      "Virtual Machines",
      "INR"
    ],
    [
      132.110210703124,
      "Virtual Network",
      "INR"
    ]
  ]
}
Azure rows fetched: 4
Prepared Azure records:
[{'cloud': 'azure', 'account_name': 'azure-main', 'service_name': 'Bandwidth', 'region': 'global', 'resource_id': None, 'usage_date': '2026-05-13', 'usage_quantity': 0, 'cost': 0.000819380015507337, 'currency': 'USD', 'environment': None, 'application': None, 'tags': None}, {'cloud': 'azure', 'account_name': 'azure-main', 'service_name': 'Storage', 'region': 'global', 'resource_id': None, 'usage_date': '2026-05-13', 'usage_quantity': 0, 'cost': 193.917574663372, 'currency': 'USD', 'environment': None, 'application': None, 'tags': None}, {'cloud': 'azure', 'account_name': 'azure-main', 'service_name': 'Virtual Machines', 'region': 'global', 'resource_id': None, 'usage_date': '2026-05-13', 'usage_quantity': 0, 'cost': 2510.05683829429, 'currency': 'USD', 'environment': None, 'application': None, 'tags': None}]
Traceback (most recent call last):
  File "C:\Users\SrikanthMudaliar\AI-Cloud-Advisor\azure_cost_sync.py", line 130, in <module>
    .execute()
     ^^^^^^^^^
  File "C:\Users\SrikanthMudaliar\AppData\Local\Programs\Python\Python312\Lib\site-packages\postgrest\_sync\request_builder.py", line 53, in execute
    raise APIError(dict(json_obj))
postgrest.exceptions.APIError: {'message': 'there is no unique or exclusion constraint matching the ON CONFLICT specification', 'code': '42P10', 'hint': None, 'details': None}
Traceback (most recent call last):
  File "C:\Users\SrikanthMudaliar\AI-Cloud-Advisor\azure_cost_sync.py", line 47, in <module>
    query_result = cost_client.query.usage(
                   ^^^^^^^^^^^^^^^^^^^^^^^^
  File "C:\Users\SrikanthMudaliar\AppData\Local\Programs\Python\Python312\Lib\site-packages\azure\core\tracing\decorator.py", line 119, in wrapper_use_tracer
    return func(*args, **kwargs)
           ^^^^^^^^^^^^^^^^^^^^^
  File "C:\Users\SrikanthMudaliar\AppData\Local\Programs\Python\Python312\Lib\site-packages\azure\mgmt\costmanagement\operations\_query_operations.py", line 269, in usage
    pipeline_response: PipelineResponse = self._client._pipeline.run(  # pylint: disable=protected-access
                                          ^^^^^^^^^^^^^^^^^^^^^^^^^^^^^^^^^^^^^^^^^^^^^^^^^^^^^^^^^^^^^^^
  File "C:\Users\SrikanthMudaliar\AppData\Local\Programs\Python\Python312\Lib\site-packages\azure\core\pipeline\_base.py", line 242, in run
    return first_node.send(pipeline_request)
           ^^^^^^^^^^^^^^^^^^^^^^^^^^^^^^^^^
  File "C:\Users\SrikanthMudaliar\AppData\Local\Programs\Python\Python312\Lib\site-packages\azure\core\pipeline\_base.py", line 98, in send
    response = self.next.send(request)
               ^^^^^^^^^^^^^^^^^^^^^^^
  File "C:\Users\SrikanthMudaliar\AppData\Local\Programs\Python\Python312\Lib\site-packages\azure\core\pipeline\_base.py", line 98, in send
    response = self.next.send(request)
               ^^^^^^^^^^^^^^^^^^^^^^^
  File "C:\Users\SrikanthMudaliar\AppData\Local\Programs\Python\Python312\Lib\site-packages\azure\core\pipeline\_base.py", line 98, in send
    response = self.next.send(request)
               ^^^^^^^^^^^^^^^^^^^^^^^
  [Previous line repeated 2 more times]
  File "C:\Users\SrikanthMudaliar\AppData\Local\Programs\Python\Python312\Lib\site-packages\azure\mgmt\core\policies\_base.py", line 95, in send
    response = self.next.send(request)
               ^^^^^^^^^^^^^^^^^^^^^^^
  File "C:\Users\SrikanthMudaliar\AppData\Local\Programs\Python\Python312\Lib\site-packages\azure\core\pipeline\policies\_redirect.py", line 205, in send
    response = self.next.send(request)
               ^^^^^^^^^^^^^^^^^^^^^^^
  File "C:\Users\SrikanthMudaliar\AppData\Local\Programs\Python\Python312\Lib\site-packages\azure\core\pipeline\policies\_retry.py", line 567, in send
    raise err
  File "C:\Users\SrikanthMudaliar\AppData\Local\Programs\Python\Python312\Lib\site-packages\azure\core\pipeline\policies\_retry.py", line 545, in send
    response = self.next.send(request)
               ^^^^^^^^^^^^^^^^^^^^^^^
  File "C:\Users\SrikanthMudaliar\AppData\Local\Programs\Python\Python312\Lib\site-packages\azure\core\pipeline\policies\_authentication.py", line 194, in send
    response = self.next.send(request)
               ^^^^^^^^^^^^^^^^^^^^^^^
  File "C:\Users\SrikanthMudaliar\AppData\Local\Programs\Python\Python312\Lib\site-packages\azure\core\pipeline\_base.py", line 98, in send
    response = self.next.send(request)
               ^^^^^^^^^^^^^^^^^^^^^^^
  File "C:\Users\SrikanthMudaliar\AppData\Local\Programs\Python\Python312\Lib\site-packages\azure\core\pipeline\_base.py", line 98, in send
    response = self.next.send(request)
               ^^^^^^^^^^^^^^^^^^^^^^^
  File "C:\Users\SrikanthMudaliar\AppData\Local\Programs\Python\Python312\Lib\site-packages\azure\core\pipeline\_base.py", line 98, in send
    response = self.next.send(request)
               ^^^^^^^^^^^^^^^^^^^^^^^
  [Previous line repeated 2 more times]
  File "C:\Users\SrikanthMudaliar\AppData\Local\Programs\Python\Python312\Lib\site-packages\azure\core\pipeline\_base.py", line 130, in send
    self._sender.send(request.http_request, **request.context.options),
    ^^^^^^^^^^^^^^^^^^^^^^^^^^^^^^^^^^^^^^^^^^^^^^^^^^^^^^^^^^^^^^^^^^
  File "C:\Users\SrikanthMudaliar\AppData\Local\Programs\Python\Python312\Lib\site-packages\azure\core\pipeline\transport\_requests_basic.py", line 428, in send
    raise error
azure.core.exceptions.ServiceResponseError: ('Connection aborted.', ConnectionResetError(10054, 'An existing connection was forcibly closed by the remote host', None, 10054, None))
{
  "id": "subscriptions/49ce7e88-e929-4031-b5b2-c8b557e5da2d/providers/Microsoft.CostManagement/query/c814eb4f-9569-4c89-9dc2-edfbc571e388",
  "name": "c814eb4f-9569-4c89-9dc2-edfbc571e388",
  "type": "Microsoft.CostManagement/query",
  "columns": [
    {
      "name": "PreTaxCost",
      "type": "Number"
    },
    {
      "name": "ServiceName",
      "type": "String"
    },
    {
      "name": "Currency",
      "type": "String"
    }
  ],
  "rows": [
    [
      0.000819380015507337,
      "Bandwidth",
      "INR"
    ],
    [
      193.917574663372,
      "Storage",
      "INR"
    ],
    [
      2510.05683829429,
      "Virtual Machines",
      "INR"
    ],
    [
      132.110210703124,
      "Virtual Network",
      "INR"
    ]
  ]
}
Azure rows fetched: 4
Prepared Azure records:
[{'cloud': 'azure', 'account_name': 'azure-main', 'service_name': 'Bandwidth', 'region': 'global', 'resource_id': None, 'usage_date': '2026-05-13', 'usage_quantity': 0, 'cost': 0.000819380015507337, 'currency': 'USD', 'environment': None, 'application': None, 'tags': None}, {'cloud': 'azure', 'account_name': 'azure-main', 'service_name': 'Storage', 'region': 'global', 'resource_id': None, 'usage_date': '2026-05-13', 'usage_quantity': 0, 'cost': 193.917574663372, 'currency': 'USD', 'environment': None, 'application': None, 'tags': None}, {'cloud': 'azure', 'account_name': 'azure-main', 'service_name': 'Virtual Machines', 'region': 'global', 'resource_id': None, 'usage_date': '2026-05-13', 'usage_quantity': 0, 'cost': 2510.05683829429, 'currency': 'USD', 'environment': None, 'application': None, 'tags': None}]
Traceback (most recent call last):
  File "C:\Users\SrikanthMudaliar\AI-Cloud-Advisor\azure_cost_sync.py", line 130, in <module>
    .execute()
     ^^^^^^^^^
  File "C:\Users\SrikanthMudaliar\AppData\Local\Programs\Python\Python312\Lib\site-packages\postgrest\_sync\request_builder.py", line 53, in execute
    raise APIError(dict(json_obj))
postgrest.exceptions.APIError: {'message': 'there is no unique or exclusion constraint matching the ON CONFLICT specification', 'code': '42P10', 'hint': None, 'details': None}
{
  "id": "subscriptions/49ce7e88-e929-4031-b5b2-c8b557e5da2d/providers/Microsoft.CostManagement/query/90046930-3e1e-46ba-b0a7-561818d1baac",
  "name": "90046930-3e1e-46ba-b0a7-561818d1baac",
  "type": "Microsoft.CostManagement/query",
  "columns": [
    {
      "name": "PreTaxCost",
      "type": "Number"
    },
    {
      "name": "ServiceName",
      "type": "String"
    },
    {
      "name": "Currency",
      "type": "String"
    }
  ],
  "rows": [
    [
      0.000822423209622499,
      "Bandwidth",
      "INR"
    ],
    [
      195.259343961052,
      "Storage",
      "INR"
    ],
    [
      2528.0211007943,
      "Virtual Machines",
      "INR"
    ],
    [
      133.055698203124,
      "Virtual Network",
      "INR"
    ]
  ]
}
Azure rows fetched: 4
Prepared Azure records:
[{'cloud': 'azure', 'account_name': 'azure-main', 'service_name': 'Bandwidth', 'region': 'global', 'resource_id': None, 'usage_date': '2026-05-13', 'usage_quantity': 0, 'cost': 0.000822423209622499, 'currency': 'USD', 'environment': None, 'application': None, 'tags': None}, {'cloud': 'azure', 'account_name': 'azure-main', 'service_name': 'Storage', 'region': 'global', 'resource_id': None, 'usage_date': '2026-05-13', 'usage_quantity': 0, 'cost': 195.259343961052, 'currency': 'USD', 'environment': None, 'application': None, 'tags': None}, {'cloud': 'azure', 'account_name': 'azure-main', 'service_name': 'Virtual Machines', 'region': 'global', 'resource_id': None, 'usage_date': '2026-05-13', 'usage_quantity': 0, 'cost': 2528.0211007943, 'currency': 'USD', 'environment': None, 'application': None, 'tags': None}]
Traceback (most recent call last):
  File "C:\Users\SrikanthMudaliar\AI-Cloud-Advisor\azure_cost_sync.py", line 130, in <module>
    .execute()
     ^^^^^^^^^
  File "C:\Users\SrikanthMudaliar\AppData\Local\Programs\Python\Python312\Lib\site-packages\postgrest\_sync\request_builder.py", line 53, in execute
    raise APIError(dict(json_obj))
postgrest.exceptions.APIError: {'message': 'there is no unique or exclusion constraint matching the ON CONFLICT specification', 'code': '42P10', 'hint': None, 'details': None}
{
  "id": "subscriptions/49ce7e88-e929-4031-b5b2-c8b557e5da2d/providers/Microsoft.CostManagement/query/7f5f20d7-c0a6-4820-9276-7a359a00b305",
  "name": "7f5f20d7-c0a6-4820-9276-7a359a00b305",
  "type": "Microsoft.CostManagement/query",
  "columns": [
    {
      "name": "PreTaxCost",
      "type": "Number"
    },
    {
      "name": "ServiceName",
      "type": "String"
    },
    {
      "name": "Currency",
      "type": "String"
    }
  ],
  "rows": [
    [
      0.000822423209622499,
      "Bandwidth",
      "INR"
    ],
    [
      195.259343961052,
      "Storage",
      "INR"
    ],
    [
      2528.0211007943,
      "Virtual Machines",
      "INR"
    ],
    [
      133.055698203124,
      "Virtual Network",
      "INR"
    ]
  ]
}
Azure rows fetched: 4
Prepared Azure records:
[{'cloud': 'azure', 'account_name': 'azure-main', 'service_name': 'Bandwidth', 'region': 'global', 'resource_id': None, 'usage_date': '2026-05-13', 'usage_quantity': 0, 'cost': 0.000822423209622499, 'currency': 'USD', 'environment': None, 'application': None, 'tags': None}, {'cloud': 'azure', 'account_name': 'azure-main', 'service_name': 'Storage', 'region': 'global', 'resource_id': None, 'usage_date': '2026-05-13', 'usage_quantity': 0, 'cost': 195.259343961052, 'currency': 'USD', 'environment': None, 'application': None, 'tags': None}, {'cloud': 'azure', 'account_name': 'azure-main', 'service_name': 'Virtual Machines', 'region': 'global', 'resource_id': None, 'usage_date': '2026-05-13', 'usage_quantity': 0, 'cost': 2528.0211007943, 'currency': 'USD', 'environment': None, 'application': None, 'tags': None}]
Traceback (most recent call last):
  File "C:\Users\SrikanthMudaliar\AI-Cloud-Advisor\azure_cost_sync.py", line 130, in <module>
    .execute()
     ^^^^^^^^^
  File "C:\Users\SrikanthMudaliar\AppData\Local\Programs\Python\Python312\Lib\site-packages\postgrest\_sync\request_builder.py", line 53, in execute
    raise APIError(dict(json_obj))
postgrest.exceptions.APIError: {'message': 'there is no unique or exclusion constraint matching the ON CONFLICT specification', 'code': '42P10', 'hint': None, 'details': None}
{
  "id": "subscriptions/49ce7e88-e929-4031-b5b2-c8b557e5da2d/providers/Microsoft.CostManagement/query/499687ae-cb85-45c9-a306-686920388ad0",
  "name": "499687ae-cb85-45c9-a306-686920388ad0",
  "type": "Microsoft.CostManagement/query",
  "columns": [
    {
      "name": "PreTaxCost",
      "type": "Number"
    },
    {
      "name": "ServiceName",
      "type": "String"
    },
    {
      "name": "Currency",
      "type": "String"
    }
  ],
  "rows": [
    [
      0.000822423209622499,
      "Bandwidth",
      "INR"
    ],
    [
      195.259343961052,
      "Storage",
      "INR"
    ],
    [
      2528.0211007943,
      "Virtual Machines",
      "INR"
    ],
    [
      133.055698203124,
      "Virtual Network",
      "INR"
    ]
  ]
}
Azure rows fetched: 4
Prepared Azure records:
[{'cloud': 'azure', 'account_name': 'azure-main', 'service_name': 'Bandwidth', 'region': 'global', 'resource_id': None, 'usage_date': '2026-05-13', 'usage_quantity': 0, 'cost': 0.000822423209622499, 'currency': 'USD', 'environment': None, 'application': None, 'tags': None}, {'cloud': 'azure', 'account_name': 'azure-main', 'service_name': 'Storage', 'region': 'global', 'resource_id': None, 'usage_date': '2026-05-13', 'usage_quantity': 0, 'cost': 195.259343961052, 'currency': 'USD', 'environment': None, 'application': None, 'tags': None}, {'cloud': 'azure', 'account_name': 'azure-main', 'service_name': 'Virtual Machines', 'region': 'global', 'resource_id': None, 'usage_date': '2026-05-13', 'usage_quantity': 0, 'cost': 2528.0211007943, 'currency': 'USD', 'environment': None, 'application': None, 'tags': None}]
Traceback (most recent call last):
  File "C:\Users\SrikanthMudaliar\AI-Cloud-Advisor\azure_cost_sync.py", line 130, in <module>
    .execute()
     ^^^^^^^^^
  File "C:\Users\SrikanthMudaliar\AppData\Local\Programs\Python\Python312\Lib\site-packages\postgrest\_sync\request_builder.py", line 53, in execute
    raise APIError(dict(json_obj))
postgrest.exceptions.APIError: {'message': 'there is no unique or exclusion constraint matching the ON CONFLICT specification', 'code': '42P10', 'hint': None, 'details': None}
{
  "id": "subscriptions/49ce7e88-e929-4031-b5b2-c8b557e5da2d/providers/Microsoft.CostManagement/query/d7093f7f-4362-46ae-8d1d-6beb0aad4cf9",
  "name": "d7093f7f-4362-46ae-8d1d-6beb0aad4cf9",
  "type": "Microsoft.CostManagement/query",
  "columns": [
    {
      "name": "PreTaxCost",
      "type": "Number"
    },
    {
      "name": "ServiceName",
      "type": "String"
    },
    {
      "name": "Currency",
      "type": "String"
    }
  ],
  "rows": [
    [
      0.000822423209622499,
      "Bandwidth",
      "INR"
    ],
    [
      195.259343961052,
      "Storage",
      "INR"
    ],
    [
      2528.0211007943,
      "Virtual Machines",
      "INR"
    ],
    [
      133.055698203124,
      "Virtual Network",
      "INR"
    ]
  ]
}
Azure rows fetched: 4
Prepared Azure records:
[{'cloud': 'azure', 'account_name': 'azure-main', 'service_name': 'Bandwidth', 'region': 'global', 'resource_id': None, 'usage_date': '2026-05-13', 'usage_quantity': 0, 'cost': 0.000822423209622499, 'currency': 'USD', 'environment': None, 'application': None, 'tags': None}, {'cloud': 'azure', 'account_name': 'azure-main', 'service_name': 'Storage', 'region': 'global', 'resource_id': None, 'usage_date': '2026-05-13', 'usage_quantity': 0, 'cost': 195.259343961052, 'currency': 'USD', 'environment': None, 'application': None, 'tags': None}, {'cloud': 'azure', 'account_name': 'azure-main', 'service_name': 'Virtual Machines', 'region': 'global', 'resource_id': None, 'usage_date': '2026-05-13', 'usage_quantity': 0, 'cost': 2528.0211007943, 'currency': 'USD', 'environment': None, 'application': None, 'tags': None}]
Traceback (most recent call last):
  File "C:\Users\SrikanthMudaliar\AI-Cloud-Advisor\azure_cost_sync.py", line 130, in <module>
    .execute()
     ^^^^^^^^^
  File "C:\Users\SrikanthMudaliar\AppData\Local\Programs\Python\Python312\Lib\site-packages\postgrest\_sync\request_builder.py", line 53, in execute
    raise APIError(dict(json_obj))
postgrest.exceptions.APIError: {'message': 'there is no unique or exclusion constraint matching the ON CONFLICT specification', 'code': '42P10', 'hint': None, 'details': None}
{
  "id": "subscriptions/49ce7e88-e929-4031-b5b2-c8b557e5da2d/providers/Microsoft.CostManagement/query/95abf063-969e-469a-86a3-026d4744e164",
  "name": "95abf063-969e-469a-86a3-026d4744e164",
  "type": "Microsoft.CostManagement/query",
  "columns": [
    {
      "name": "PreTaxCost",
      "type": "Number"
    },
    {
      "name": "ServiceName",
      "type": "String"
    },
    {
      "name": "Currency",
      "type": "String"
    }
  ],
  "rows": [
    [
      0.000866169125027951,
      "Bandwidth",
      "INR"
    ],
    [
      206.664382991332,
      "Storage",
      "INR"
    ],
    [
      2689.69946329429,
      "Virtual Machines",
      "INR"
    ],
    [
      141.565085703124,
      "Virtual Network",
      "INR"
    ]
  ]
}
Azure rows fetched: 4
Prepared Azure records:
[{'cloud': 'azure', 'account_name': 'azure-main', 'service_name': 'Bandwidth', 'region': 'global', 'resource_id': None, 'usage_date': '2026-05-14', 'usage_quantity': 0, 'cost': 0.000866169125027951, 'currency': 'USD', 'environment': None, 'application': None, 'tags': None}, {'cloud': 'azure', 'account_name': 'azure-main', 'service_name': 'Storage', 'region': 'global', 'resource_id': None, 'usage_date': '2026-05-14', 'usage_quantity': 0, 'cost': 206.664382991332, 'currency': 'USD', 'environment': None, 'application': None, 'tags': None}, {'cloud': 'azure', 'account_name': 'azure-main', 'service_name': 'Virtual Machines', 'region': 'global', 'resource_id': None, 'usage_date': '2026-05-14', 'usage_quantity': 0, 'cost': 2689.69946329429, 'currency': 'USD', 'environment': None, 'application': None, 'tags': None}]
Traceback (most recent call last):
  File "C:\Users\SrikanthMudaliar\AI-Cloud-Advisor\azure_cost_sync.py", line 130, in <module>
    .execute()
     ^^^^^^^^^
  File "C:\Users\SrikanthMudaliar\AppData\Local\Programs\Python\Python312\Lib\site-packages\postgrest\_sync\request_builder.py", line 53, in execute
    raise APIError(dict(json_obj))
postgrest.exceptions.APIError: {'message': 'there is no unique or exclusion constraint matching the ON CONFLICT specification', 'code': '42P10', 'hint': None, 'details': None}
{
  "id": "subscriptions/49ce7e88-e929-4031-b5b2-c8b557e5da2d/providers/Microsoft.CostManagement/query/bd245fe3-db14-40cd-88d4-edf5fecee533",
  "name": "bd245fe3-db14-40cd-88d4-edf5fecee533",
  "type": "Microsoft.CostManagement/query",
  "columns": [
    {
      "name": "PreTaxCost",
      "type": "Number"
    },
    {
      "name": "ServiceName",
      "type": "String"
    },
    {
      "name": "Currency",
      "type": "String"
    }
  ],
  "rows": [
    [
      0.000866169125027951,
      "Bandwidth",
      "INR"
    ],
    [
      206.664382991332,
      "Storage",
      "INR"
    ],
    [
      2689.69946329429,
      "Virtual Machines",
      "INR"
    ],
    [
      141.565085703124,
      "Virtual Network",
      "INR"
    ]
  ]
}
Azure rows fetched: 4
Prepared Azure records:
[{'cloud': 'azure', 'account_name': 'azure-main', 'service_name': 'Bandwidth', 'region': 'global', 'resource_id': None, 'usage_date': '2026-05-14', 'usage_quantity': 0, 'cost': 0.000866169125027951, 'currency': 'USD', 'environment': None, 'application': None, 'tags': None}, {'cloud': 'azure', 'account_name': 'azure-main', 'service_name': 'Storage', 'region': 'global', 'resource_id': None, 'usage_date': '2026-05-14', 'usage_quantity': 0, 'cost': 206.664382991332, 'currency': 'USD', 'environment': None, 'application': None, 'tags': None}, {'cloud': 'azure', 'account_name': 'azure-main', 'service_name': 'Virtual Machines', 'region': 'global', 'resource_id': None, 'usage_date': '2026-05-14', 'usage_quantity': 0, 'cost': 2689.69946329429, 'currency': 'USD', 'environment': None, 'application': None, 'tags': None}]
Traceback (most recent call last):
  File "C:\Users\SrikanthMudaliar\AI-Cloud-Advisor\azure_cost_sync.py", line 130, in <module>
    .execute()
     ^^^^^^^^^
  File "C:\Users\SrikanthMudaliar\AppData\Local\Programs\Python\Python312\Lib\site-packages\postgrest\_sync\request_builder.py", line 53, in execute
    raise APIError(dict(json_obj))
postgrest.exceptions.APIError: {'message': 'there is no unique or exclusion constraint matching the ON CONFLICT specification', 'code': '42P10', 'hint': None, 'details': None}
{
  "id": "subscriptions/49ce7e88-e929-4031-b5b2-c8b557e5da2d/providers/Microsoft.CostManagement/query/a42669f5-83f1-4037-af0e-7ee6c3c0112e",
  "name": "a42669f5-83f1-4037-af0e-7ee6c3c0112e",
  "type": "Microsoft.CostManagement/query",
  "columns": [
    {
      "name": "PreTaxCost",
      "type": "Number"
    },
    {
      "name": "ServiceName",
      "type": "String"
    },
    {
      "name": "Currency",
      "type": "String"
    }
  ],
  "rows": [
    [
      0.000868071121349927,
      "Bandwidth",
      "INR"
    ],
    [
      208.006152289012,
      "Storage",
      "INR"
    ],
    [
      2698.68159454429,
      "Virtual Machines",
      "INR"
    ],
    [
      142.037829453124,
      "Virtual Network",
      "INR"
    ]
  ]
}
Azure rows fetched: 4
Prepared Azure records:
[{'cloud': 'azure', 'account_name': 'azure-main', 'service_name': 'Bandwidth', 'region': 'global', 'resource_id': None, 'usage_date': '2026-05-14', 'usage_quantity': 0, 'cost': 0.000868071121349927, 'currency': 'USD', 'environment': None, 'application': None, 'tags': None}, {'cloud': 'azure', 'account_name': 'azure-main', 'service_name': 'Storage', 'region': 'global', 'resource_id': None, 'usage_date': '2026-05-14', 'usage_quantity': 0, 'cost': 208.006152289012, 'currency': 'USD', 'environment': None, 'application': None, 'tags': None}, {'cloud': 'azure', 'account_name': 'azure-main', 'service_name': 'Virtual Machines', 'region': 'global', 'resource_id': None, 'usage_date': '2026-05-14', 'usage_quantity': 0, 'cost': 2698.68159454429, 'currency': 'USD', 'environment': None, 'application': None, 'tags': None}]
Traceback (most recent call last):
  File "C:\Users\SrikanthMudaliar\AI-Cloud-Advisor\azure_cost_sync.py", line 130, in <module>
    .execute()
     ^^^^^^^^^
  File "C:\Users\SrikanthMudaliar\AppData\Local\Programs\Python\Python312\Lib\site-packages\postgrest\_sync\request_builder.py", line 53, in execute
    raise APIError(dict(json_obj))
postgrest.exceptions.APIError: {'message': 'there is no unique or exclusion constraint matching the ON CONFLICT specification', 'code': '42P10', 'hint': None, 'details': None}
{
  "id": "subscriptions/49ce7e88-e929-4031-b5b2-c8b557e5da2d/providers/Microsoft.CostManagement/query/a59d4c2d-0450-47d1-9941-7e9b82af1f98",
  "name": "a59d4c2d-0450-47d1-9941-7e9b82af1f98",
  "type": "Microsoft.CostManagement/query",
  "columns": [
    {
      "name": "PreTaxCost",
      "type": "Number"
    },
    {
      "name": "ServiceName",
      "type": "String"
    },
    {
      "name": "Currency",
      "type": "String"
    }
  ],
  "rows": [
    [
      0.000868071121349927,
      "Bandwidth",
      "INR"
    ],
    [
      208.006152289012,
      "Storage",
      "INR"
    ],
    [
      2698.68159454429,
      "Virtual Machines",
      "INR"
    ],
    [
      142.037829453124,
      "Virtual Network",
      "INR"
    ]
  ]
}
Azure rows fetched: 4
Prepared Azure records:
[{'cloud': 'azure', 'account_name': 'azure-main', 'service_name': 'Bandwidth', 'region': 'global', 'resource_id': None, 'usage_date': '2026-05-14', 'usage_quantity': 0, 'cost': 0.000868071121349927, 'currency': 'USD', 'environment': None, 'application': None, 'tags': None}, {'cloud': 'azure', 'account_name': 'azure-main', 'service_name': 'Storage', 'region': 'global', 'resource_id': None, 'usage_date': '2026-05-14', 'usage_quantity': 0, 'cost': 208.006152289012, 'currency': 'USD', 'environment': None, 'application': None, 'tags': None}, {'cloud': 'azure', 'account_name': 'azure-main', 'service_name': 'Virtual Machines', 'region': 'global', 'resource_id': None, 'usage_date': '2026-05-14', 'usage_quantity': 0, 'cost': 2698.68159454429, 'currency': 'USD', 'environment': None, 'application': None, 'tags': None}]
Traceback (most recent call last):
  File "C:\Users\SrikanthMudaliar\AI-Cloud-Advisor\azure_cost_sync.py", line 130, in <module>
    .execute()
     ^^^^^^^^^
  File "C:\Users\SrikanthMudaliar\AppData\Local\Programs\Python\Python312\Lib\site-packages\postgrest\_sync\request_builder.py", line 53, in execute
    raise APIError(dict(json_obj))
postgrest.exceptions.APIError: {'message': 'there is no unique or exclusion constraint matching the ON CONFLICT specification', 'code': '42P10', 'hint': None, 'details': None}
{
  "id": "subscriptions/49ce7e88-e929-4031-b5b2-c8b557e5da2d/providers/Microsoft.CostManagement/query/727e4c0d-e464-4cdd-a036-768d30b1ba09",
  "name": "727e4c0d-e464-4cdd-a036-768d30b1ba09",
  "type": "Microsoft.CostManagement/query",
  "columns": [
    {
      "name": "PreTaxCost",
      "type": "Number"
    },
    {
      "name": "ServiceName",
      "type": "String"
    },
    {
      "name": "Currency",
      "type": "String"
    }
  ],
  "rows": [
    [
      0.000892036275006827,
      "Bandwidth",
      "INR"
    ],
    [
      213.373229479732,
      "Storage",
      "INR"
    ],
    [
      2770.53864454429,
      "Virtual Machines",
      "INR"
    ],
    [
      145.819779453124,
      "Virtual Network",
      "INR"
    ]
  ]
}
Azure rows fetched: 4
Prepared Azure records:
[{'cloud': 'azure', 'account_name': 'azure-main', 'service_name': 'Bandwidth', 'region': 'global', 'resource_id': None, 'usage_date': '2026-05-14', 'usage_quantity': 0, 'cost': 0.000892036275006827, 'currency': 'USD', 'environment': None, 'application': None, 'tags': None}, {'cloud': 'azure', 'account_name': 'azure-main', 'service_name': 'Storage', 'region': 'global', 'resource_id': None, 'usage_date': '2026-05-14', 'usage_quantity': 0, 'cost': 213.373229479732, 'currency': 'USD', 'environment': None, 'application': None, 'tags': None}, {'cloud': 'azure', 'account_name': 'azure-main', 'service_name': 'Virtual Machines', 'region': 'global', 'resource_id': None, 'usage_date': '2026-05-14', 'usage_quantity': 0, 'cost': 2770.53864454429, 'currency': 'USD', 'environment': None, 'application': None, 'tags': None}]
Traceback (most recent call last):
  File "C:\Users\SrikanthMudaliar\AI-Cloud-Advisor\azure_cost_sync.py", line 130, in <module>
    .execute()
     ^^^^^^^^^
  File "C:\Users\SrikanthMudaliar\AppData\Local\Programs\Python\Python312\Lib\site-packages\postgrest\_sync\request_builder.py", line 53, in execute
    raise APIError(dict(json_obj))
postgrest.exceptions.APIError: {'message': 'there is no unique or exclusion constraint matching the ON CONFLICT specification', 'code': '42P10', 'hint': None, 'details': None}
{
  "id": "subscriptions/49ce7e88-e929-4031-b5b2-c8b557e5da2d/providers/Microsoft.CostManagement/query/8a8cf3cc-f3a3-49f6-bc01-6af9f49969e6",
  "name": "8a8cf3cc-f3a3-49f6-bc01-6af9f49969e6",
  "type": "Microsoft.CostManagement/query",
  "columns": [
    {
      "name": "PreTaxCost",
      "type": "Number"
    },
    {
      "name": "ServiceName",
      "type": "String"
    },
    {
      "name": "Currency",
      "type": "String"
    }
  ],
  "rows": [
    [
      0.000892036275006827,
      "Bandwidth",
      "INR"
    ],
    [
      213.373229479732,
      "Storage",
      "INR"
    ],
    [
      2770.53864454429,
      "Virtual Machines",
      "INR"
    ],
    [
      145.819779453124,
      "Virtual Network",
      "INR"
    ]
  ]
}
Azure rows fetched: 4
Prepared Azure records:
[{'cloud': 'azure', 'account_name': 'azure-main', 'service_name': 'Bandwidth', 'region': 'global', 'resource_id': None, 'usage_date': '2026-05-14', 'usage_quantity': 0, 'cost': 0.000892036275006827, 'currency': 'USD', 'environment': None, 'application': None, 'tags': None}, {'cloud': 'azure', 'account_name': 'azure-main', 'service_name': 'Storage', 'region': 'global', 'resource_id': None, 'usage_date': '2026-05-14', 'usage_quantity': 0, 'cost': 213.373229479732, 'currency': 'USD', 'environment': None, 'application': None, 'tags': None}, {'cloud': 'azure', 'account_name': 'azure-main', 'service_name': 'Virtual Machines', 'region': 'global', 'resource_id': None, 'usage_date': '2026-05-14', 'usage_quantity': 0, 'cost': 2770.53864454429, 'currency': 'USD', 'environment': None, 'application': None, 'tags': None}]
Traceback (most recent call last):
  File "C:\Users\SrikanthMudaliar\AI-Cloud-Advisor\azure_cost_sync.py", line 130, in <module>
    .execute()
     ^^^^^^^^^
  File "C:\Users\SrikanthMudaliar\AppData\Local\Programs\Python\Python312\Lib\site-packages\postgrest\_sync\request_builder.py", line 53, in execute
    raise APIError(dict(json_obj))
postgrest.exceptions.APIError: {'message': 'there is no unique or exclusion constraint matching the ON CONFLICT specification', 'code': '42P10', 'hint': None, 'details': None}
{
  "id": "subscriptions/49ce7e88-e929-4031-b5b2-c8b557e5da2d/providers/Microsoft.CostManagement/query/115ead8b-4165-4379-909d-e8a0ade4b66d",
  "name": "115ead8b-4165-4379-909d-e8a0ade4b66d",
  "type": "Microsoft.CostManagement/query",
  "columns": [
    {
      "name": "PreTaxCost",
      "type": "Number"
    },
    {
      "name": "ServiceName",
      "type": "String"
    },
    {
      "name": "Currency",
      "type": "String"
    }
  ],
  "rows": [
    [
      0.000892036275006827,
      "Bandwidth",
      "INR"
    ],
    [
      213.373229479732,
      "Storage",
      "INR"
    ],
    [
      2770.53864454429,
      "Virtual Machines",
      "INR"
    ],
    [
      145.819779453124,
      "Virtual Network",
      "INR"
    ]
  ]
}
Azure rows fetched: 4
Prepared Azure records:
[{'cloud': 'azure', 'account_name': 'azure-main', 'service_name': 'Bandwidth', 'region': 'global', 'resource_id': None, 'usage_date': '2026-05-14', 'usage_quantity': 0, 'cost': 0.000892036275006827, 'currency': 'USD', 'environment': None, 'application': None, 'tags': None}, {'cloud': 'azure', 'account_name': 'azure-main', 'service_name': 'Storage', 'region': 'global', 'resource_id': None, 'usage_date': '2026-05-14', 'usage_quantity': 0, 'cost': 213.373229479732, 'currency': 'USD', 'environment': None, 'application': None, 'tags': None}, {'cloud': 'azure', 'account_name': 'azure-main', 'service_name': 'Virtual Machines', 'region': 'global', 'resource_id': None, 'usage_date': '2026-05-14', 'usage_quantity': 0, 'cost': 2770.53864454429, 'currency': 'USD', 'environment': None, 'application': None, 'tags': None}]
Traceback (most recent call last):
  File "C:\Users\SrikanthMudaliar\AI-Cloud-Advisor\azure_cost_sync.py", line 130, in <module>
    .execute()
     ^^^^^^^^^
  File "C:\Users\SrikanthMudaliar\AppData\Local\Programs\Python\Python312\Lib\site-packages\postgrest\_sync\request_builder.py", line 53, in execute
    raise APIError(dict(json_obj))
postgrest.exceptions.APIError: {'message': 'there is no unique or exclusion constraint matching the ON CONFLICT specification', 'code': '42P10', 'hint': None, 'details': None}
{
  "id": "subscriptions/49ce7e88-e929-4031-b5b2-c8b557e5da2d/providers/Microsoft.CostManagement/query/ebbab7a4-6672-4d80-a6cd-112a7f5adf4b",
  "name": "ebbab7a4-6672-4d80-a6cd-112a7f5adf4b",
  "type": "Microsoft.CostManagement/query",
  "columns": [
    {
      "name": "PreTaxCost",
      "type": "Number"
    },
    {
      "name": "ServiceName",
      "type": "String"
    },
    {
      "name": "Currency",
      "type": "String"
    }
  ],
  "rows": [
    [
      0.000892036275006827,
      "Bandwidth",
      "INR"
    ],
    [
      213.373229479732,
      "Storage",
      "INR"
    ],
    [
      2770.53864454429,
      "Virtual Machines",
      "INR"
    ],
    [
      145.819779453124,
      "Virtual Network",
      "INR"
    ]
  ]
}
Azure rows fetched: 4
Prepared Azure records:
[{'cloud': 'azure', 'account_name': 'azure-main', 'service_name': 'Bandwidth', 'region': 'global', 'resource_id': None, 'usage_date': '2026-05-14', 'usage_quantity': 0, 'cost': 0.000892036275006827, 'currency': 'USD', 'environment': None, 'application': None, 'tags': None}, {'cloud': 'azure', 'account_name': 'azure-main', 'service_name': 'Storage', 'region': 'global', 'resource_id': None, 'usage_date': '2026-05-14', 'usage_quantity': 0, 'cost': 213.373229479732, 'currency': 'USD', 'environment': None, 'application': None, 'tags': None}, {'cloud': 'azure', 'account_name': 'azure-main', 'service_name': 'Virtual Machines', 'region': 'global', 'resource_id': None, 'usage_date': '2026-05-14', 'usage_quantity': 0, 'cost': 2770.53864454429, 'currency': 'USD', 'environment': None, 'application': None, 'tags': None}]
Traceback (most recent call last):
  File "C:\Users\SrikanthMudaliar\AI-Cloud-Advisor\azure_cost_sync.py", line 130, in <module>
    .execute()
     ^^^^^^^^^
  File "C:\Users\SrikanthMudaliar\AppData\Local\Programs\Python\Python312\Lib\site-packages\postgrest\_sync\request_builder.py", line 53, in execute
    raise APIError(dict(json_obj))
postgrest.exceptions.APIError: {'message': 'there is no unique or exclusion constraint matching the ON CONFLICT specification', 'code': '42P10', 'hint': None, 'details': None}
{
  "id": "subscriptions/49ce7e88-e929-4031-b5b2-c8b557e5da2d/providers/Microsoft.CostManagement/query/5d97fa95-cefd-46a8-b75d-a140874e1444",
  "name": "5d97fa95-cefd-46a8-b75d-a140874e1444",
  "type": "Microsoft.CostManagement/query",
  "columns": [
    {
      "name": "PreTaxCost",
      "type": "Number"
    },
    {
      "name": "ServiceName",
      "type": "String"
    },
    {
      "name": "Currency",
      "type": "String"
    }
  ],
  "rows": [
    [
      0.000892036275006827,
      "Bandwidth",
      "INR"
    ],
    [
      213.373229479732,
      "Storage",
      "INR"
    ],
    [
      2770.53864454429,
      "Virtual Machines",
      "INR"
    ],
    [
      145.819779453124,
      "Virtual Network",
      "INR"
    ]
  ]
}
Azure rows fetched: 4
Prepared Azure records:
[{'cloud': 'azure', 'account_name': 'azure-main', 'service_name': 'Bandwidth', 'region': 'global', 'resource_id': None, 'usage_date': '2026-05-14', 'usage_quantity': 0, 'cost': 0.000892036275006827, 'currency': 'USD', 'environment': None, 'application': None, 'tags': None}, {'cloud': 'azure', 'account_name': 'azure-main', 'service_name': 'Storage', 'region': 'global', 'resource_id': None, 'usage_date': '2026-05-14', 'usage_quantity': 0, 'cost': 213.373229479732, 'currency': 'USD', 'environment': None, 'application': None, 'tags': None}, {'cloud': 'azure', 'account_name': 'azure-main', 'service_name': 'Virtual Machines', 'region': 'global', 'resource_id': None, 'usage_date': '2026-05-14', 'usage_quantity': 0, 'cost': 2770.53864454429, 'currency': 'USD', 'environment': None, 'application': None, 'tags': None}]
Traceback (most recent call last):
  File "C:\Users\SrikanthMudaliar\AI-Cloud-Advisor\azure_cost_sync.py", line 130, in <module>
    .execute()
     ^^^^^^^^^
  File "C:\Users\SrikanthMudaliar\AppData\Local\Programs\Python\Python312\Lib\site-packages\postgrest\_sync\request_builder.py", line 53, in execute
    raise APIError(dict(json_obj))
postgrest.exceptions.APIError: {'message': 'there is no unique or exclusion constraint matching the ON CONFLICT specification', 'code': '42P10', 'hint': None, 'details': None}
{
  "id": "subscriptions/49ce7e88-e929-4031-b5b2-c8b557e5da2d/providers/Microsoft.CostManagement/query/52e155bc-f227-40b7-8d07-c309c6f65921",
  "name": "52e155bc-f227-40b7-8d07-c309c6f65921",
  "type": "Microsoft.CostManagement/query",
  "columns": [
    {
      "name": "PreTaxCost",
      "type": "Number"
    },
    {
      "name": "ServiceName",
      "type": "String"
    },
    {
      "name": "Currency",
      "type": "String"
    }
  ],
  "rows": [
    [
      0.000896220666915174,
      "Bandwidth",
      "INR"
    ],
    [
      215.385883426252,
      "Storage",
      "INR"
    ],
    [
      2788.50290704429,
      "Virtual Machines",
      "INR"
    ],
    [
      147.238010703124,
      "Virtual Network",
      "INR"
    ]
  ]
}
Azure rows fetched: 4
Prepared Azure records:
[{'cloud': 'azure', 'account_name': 'azure-main', 'service_name': 'Bandwidth', 'region': 'global', 'resource_id': None, 'usage_date': '2026-05-14', 'usage_quantity': 0, 'cost': 0.000896220666915174, 'currency': 'USD', 'environment': None, 'application': None, 'tags': None}, {'cloud': 'azure', 'account_name': 'azure-main', 'service_name': 'Storage', 'region': 'global', 'resource_id': None, 'usage_date': '2026-05-14', 'usage_quantity': 0, 'cost': 215.385883426252, 'currency': 'USD', 'environment': None, 'application': None, 'tags': None}, {'cloud': 'azure', 'account_name': 'azure-main', 'service_name': 'Virtual Machines', 'region': 'global', 'resource_id': None, 'usage_date': '2026-05-14', 'usage_quantity': 0, 'cost': 2788.50290704429, 'currency': 'USD', 'environment': None, 'application': None, 'tags': None}]
Traceback (most recent call last):
  File "C:\Users\SrikanthMudaliar\AI-Cloud-Advisor\azure_cost_sync.py", line 130, in <module>
    .execute()
     ^^^^^^^^^
  File "C:\Users\SrikanthMudaliar\AppData\Local\Programs\Python\Python312\Lib\site-packages\postgrest\_sync\request_builder.py", line 53, in execute
    raise APIError(dict(json_obj))
postgrest.exceptions.APIError: {'message': 'there is no unique or exclusion constraint matching the ON CONFLICT specification', 'code': '42P10', 'hint': None, 'details': None}
{
  "id": "subscriptions/49ce7e88-e929-4031-b5b2-c8b557e5da2d/providers/Microsoft.CostManagement/query/0a461c93-68c5-4773-ab4a-e49c6cf7dc3e",
  "name": "0a461c93-68c5-4773-ab4a-e49c6cf7dc3e",
  "type": "Microsoft.CostManagement/query",
  "columns": [
    {
      "name": "PreTaxCost",
      "type": "Number"
    },
    {
      "name": "ServiceName",
      "type": "String"
    },
    {
      "name": "Currency",
      "type": "String"
    }
  ],
  "rows": [
    [
      0.000903067853674288,
      "Bandwidth",
      "INR"
    ],
    [
      216.727652723932,
      "Storage",
      "INR"
    ],
    [
      2806.46716954429,
      "Virtual Machines",
      "INR"
    ],
    [
      147.710754453124,
      "Virtual Network",
      "INR"
    ]
  ]
}
Azure rows fetched: 4
Prepared Azure records:
[{'cloud': 'azure', 'account_name': 'azure-main', 'service_name': 'Bandwidth', 'region': 'global', 'resource_id': None, 'usage_date': '2026-05-14', 'usage_quantity': 0, 'cost': 0.000903067853674288, 'currency': 'USD', 'environment': None, 'application': None, 'tags': None}, {'cloud': 'azure', 'account_name': 'azure-main', 'service_name': 'Storage', 'region': 'global', 'resource_id': None, 'usage_date': '2026-05-14', 'usage_quantity': 0, 'cost': 216.727652723932, 'currency': 'USD', 'environment': None, 'application': None, 'tags': None}, {'cloud': 'azure', 'account_name': 'azure-main', 'service_name': 'Virtual Machines', 'region': 'global', 'resource_id': None, 'usage_date': '2026-05-14', 'usage_quantity': 0, 'cost': 2806.46716954429, 'currency': 'USD', 'environment': None, 'application': None, 'tags': None}]
Traceback (most recent call last):
  File "C:\Users\SrikanthMudaliar\AI-Cloud-Advisor\azure_cost_sync.py", line 130, in <module>
    .execute()
     ^^^^^^^^^
  File "C:\Users\SrikanthMudaliar\AppData\Local\Programs\Python\Python312\Lib\site-packages\postgrest\_sync\request_builder.py", line 53, in execute
    raise APIError(dict(json_obj))
postgrest.exceptions.APIError: {'message': 'there is no unique or exclusion constraint matching the ON CONFLICT specification', 'code': '42P10', 'hint': None, 'details': None}
{
  "id": "subscriptions/49ce7e88-e929-4031-b5b2-c8b557e5da2d/providers/Microsoft.CostManagement/query/c8d47548-7cf2-4037-8ece-99af92e78ce5",
  "name": "c8d47548-7cf2-4037-8ece-99af92e78ce5",
  "type": "Microsoft.CostManagement/query",
  "columns": [
    {
      "name": "PreTaxCost",
      "type": "Number"
    },
    {
      "name": "ServiceName",
      "type": "String"
    },
    {
      "name": "Currency",
      "type": "String"
    }
  ],
  "rows": [
    [
      0.000903067853674288,
      "Bandwidth",
      "INR"
    ],
    [
      216.727652723932,
      "Storage",
      "INR"
    ],
    [
      2806.46716954429,
      "Virtual Machines",
      "INR"
    ],
    [
      147.710754453124,
      "Virtual Network",
      "INR"
    ]
  ]
}
Azure rows fetched: 4
Prepared Azure records:
[{'cloud': 'azure', 'account_name': 'azure-main', 'service_name': 'Bandwidth', 'region': 'global', 'resource_id': None, 'usage_date': '2026-05-14', 'usage_quantity': 0, 'cost': 0.000903067853674288, 'currency': 'USD', 'environment': None, 'application': None, 'tags': None}, {'cloud': 'azure', 'account_name': 'azure-main', 'service_name': 'Storage', 'region': 'global', 'resource_id': None, 'usage_date': '2026-05-14', 'usage_quantity': 0, 'cost': 216.727652723932, 'currency': 'USD', 'environment': None, 'application': None, 'tags': None}, {'cloud': 'azure', 'account_name': 'azure-main', 'service_name': 'Virtual Machines', 'region': 'global', 'resource_id': None, 'usage_date': '2026-05-14', 'usage_quantity': 0, 'cost': 2806.46716954429, 'currency': 'USD', 'environment': None, 'application': None, 'tags': None}]
Traceback (most recent call last):
  File "C:\Users\SrikanthMudaliar\AI-Cloud-Advisor\azure_cost_sync.py", line 130, in <module>
    .execute()
     ^^^^^^^^^
  File "C:\Users\SrikanthMudaliar\AppData\Local\Programs\Python\Python312\Lib\site-packages\postgrest\_sync\request_builder.py", line 53, in execute
    raise APIError(dict(json_obj))
postgrest.exceptions.APIError: {'message': 'there is no unique or exclusion constraint matching the ON CONFLICT specification', 'code': '42P10', 'hint': None, 'details': None}
{
  "id": "subscriptions/49ce7e88-e929-4031-b5b2-c8b557e5da2d/providers/Microsoft.CostManagement/query/2eb43e06-ab9c-4d78-b891-bd5fefcce1c5",
  "name": "2eb43e06-ab9c-4d78-b891-bd5fefcce1c5",
  "type": "Microsoft.CostManagement/query",
  "columns": [
    {
      "name": "PreTaxCost",
      "type": "Number"
    },
    {
      "name": "ServiceName",
      "type": "String"
    },
    {
      "name": "Currency",
      "type": "String"
    }
  ],
  "rows": [
    [
      0.000903067853674288,
      "Bandwidth",
      "INR"
    ],
    [
      216.727652723932,
      "Storage",
      "INR"
    ],
    [
      2806.46716954429,
      "Virtual Machines",
      "INR"
    ],
    [
      147.710754453124,
      "Virtual Network",
      "INR"
    ]
  ]
}
Azure rows fetched: 4
Prepared Azure records:
[{'cloud': 'azure', 'account_name': 'azure-main', 'service_name': 'Bandwidth', 'region': 'global', 'resource_id': None, 'usage_date': '2026-05-14', 'usage_quantity': 0, 'cost': 0.000903067853674288, 'currency': 'USD', 'environment': None, 'application': None, 'tags': None}, {'cloud': 'azure', 'account_name': 'azure-main', 'service_name': 'Storage', 'region': 'global', 'resource_id': None, 'usage_date': '2026-05-14', 'usage_quantity': 0, 'cost': 216.727652723932, 'currency': 'USD', 'environment': None, 'application': None, 'tags': None}, {'cloud': 'azure', 'account_name': 'azure-main', 'service_name': 'Virtual Machines', 'region': 'global', 'resource_id': None, 'usage_date': '2026-05-14', 'usage_quantity': 0, 'cost': 2806.46716954429, 'currency': 'USD', 'environment': None, 'application': None, 'tags': None}]
Traceback (most recent call last):
  File "C:\Users\SrikanthMudaliar\AI-Cloud-Advisor\azure_cost_sync.py", line 130, in <module>
    .execute()
     ^^^^^^^^^
  File "C:\Users\SrikanthMudaliar\AppData\Local\Programs\Python\Python312\Lib\site-packages\postgrest\_sync\request_builder.py", line 53, in execute
    raise APIError(dict(json_obj))
postgrest.exceptions.APIError: {'message': 'there is no unique or exclusion constraint matching the ON CONFLICT specification', 'code': '42P10', 'hint': None, 'details': None}
{
  "id": "subscriptions/49ce7e88-e929-4031-b5b2-c8b557e5da2d/providers/Microsoft.CostManagement/query/f8963c41-8a2a-4d21-aecf-7fc4131ccf3e",
  "name": "f8963c41-8a2a-4d21-aecf-7fc4131ccf3e",
  "type": "Microsoft.CostManagement/query",
  "columns": [
    {
      "name": "PreTaxCost",
      "type": "Number"
    },
    {
      "name": "ServiceName",
      "type": "String"
    },
    {
      "name": "Currency",
      "type": "String"
    }
  ],
  "rows": [
    [
      0.000931978197768326,
      "Bandwidth",
      "INR"
    ],
    [
      223.436499212331,
      "Storage",
      "INR"
    ],
    [
      2896.28848204429,
      "Virtual Machines",
      "INR"
    ],
    [
      152.910935703124,
      "Virtual Network",
      "INR"
    ]
  ]
}
Azure rows fetched: 4
Prepared Azure records:
[{'cloud': 'azure', 'account_name': 'azure-main', 'service_name': 'Bandwidth', 'region': 'global', 'resource_id': None, 'usage_date': '2026-05-15', 'usage_quantity': 0, 'cost': 0.000931978197768326, 'currency': 'USD', 'environment': None, 'application': None, 'tags': None}, {'cloud': 'azure', 'account_name': 'azure-main', 'service_name': 'Storage', 'region': 'global', 'resource_id': None, 'usage_date': '2026-05-15', 'usage_quantity': 0, 'cost': 223.436499212331, 'currency': 'USD', 'environment': None, 'application': None, 'tags': None}, {'cloud': 'azure', 'account_name': 'azure-main', 'service_name': 'Virtual Machines', 'region': 'global', 'resource_id': None, 'usage_date': '2026-05-15', 'usage_quantity': 0, 'cost': 2896.28848204429, 'currency': 'USD', 'environment': None, 'application': None, 'tags': None}]
Traceback (most recent call last):
  File "C:\Users\SrikanthMudaliar\AppData\Local\Programs\Python\Python312\Lib\site-packages\httpx\_transports\default.py", line 101, in map_httpcore_exceptions
    yield
  File "C:\Users\SrikanthMudaliar\AppData\Local\Programs\Python\Python312\Lib\site-packages\httpx\_transports\default.py", line 250, in handle_request
    resp = self._pool.handle_request(req)
           ^^^^^^^^^^^^^^^^^^^^^^^^^^^^^^
  File "C:\Users\SrikanthMudaliar\AppData\Local\Programs\Python\Python312\Lib\site-packages\httpcore\_sync\connection_pool.py", line 256, in handle_request
    raise exc from None
  File "C:\Users\SrikanthMudaliar\AppData\Local\Programs\Python\Python312\Lib\site-packages\httpcore\_sync\connection_pool.py", line 236, in handle_request
    response = connection.handle_request(
               ^^^^^^^^^^^^^^^^^^^^^^^^^^
  File "C:\Users\SrikanthMudaliar\AppData\Local\Programs\Python\Python312\Lib\site-packages\httpcore\_sync\connection.py", line 101, in handle_request
    raise exc
  File "C:\Users\SrikanthMudaliar\AppData\Local\Programs\Python\Python312\Lib\site-packages\httpcore\_sync\connection.py", line 78, in handle_request
    stream = self._connect(request)
             ^^^^^^^^^^^^^^^^^^^^^^
  File "C:\Users\SrikanthMudaliar\AppData\Local\Programs\Python\Python312\Lib\site-packages\httpcore\_sync\connection.py", line 124, in _connect
    stream = self._network_backend.connect_tcp(**kwargs)
             ^^^^^^^^^^^^^^^^^^^^^^^^^^^^^^^^^^^^^^^^^^^
  File "C:\Users\SrikanthMudaliar\AppData\Local\Programs\Python\Python312\Lib\site-packages\httpcore\_backends\sync.py", line 207, in connect_tcp
    with map_exceptions(exc_map):
         ^^^^^^^^^^^^^^^^^^^^^^^
  File "C:\Users\SrikanthMudaliar\AppData\Local\Programs\Python\Python312\Lib\contextlib.py", line 158, in __exit__
    self.gen.throw(value)
  File "C:\Users\SrikanthMudaliar\AppData\Local\Programs\Python\Python312\Lib\site-packages\httpcore\_exceptions.py", line 14, in map_exceptions
    raise to_exc(exc) from exc
httpcore.ConnectTimeout: [WinError 10060] A connection attempt failed because the connected party did not properly respond after a period of time, or established connection failed because connected host has failed to respond

The above exception was the direct cause of the following exception:

Traceback (most recent call last):
  File "C:\Users\SrikanthMudaliar\AI-Cloud-Advisor\azure_cost_sync.py", line 130, in <module>
    .execute()
     ^^^^^^^^^
  File "C:\Users\SrikanthMudaliar\AppData\Local\Programs\Python\Python312\Lib\site-packages\postgrest\_sync\request_builder.py", line 47, in execute
    r = self.request.send()
        ^^^^^^^^^^^^^^^^^^^
  File "C:\Users\SrikanthMudaliar\AppData\Local\Programs\Python\Python312\Lib\site-packages\postgrest\base_request_builder.py", line 82, in send
    return self.session.request(
           ^^^^^^^^^^^^^^^^^^^^^
  File "C:\Users\SrikanthMudaliar\AppData\Local\Programs\Python\Python312\Lib\site-packages\httpx\_client.py", line 825, in request
    return self.send(request, auth=auth, follow_redirects=follow_redirects)
           ^^^^^^^^^^^^^^^^^^^^^^^^^^^^^^^^^^^^^^^^^^^^^^^^^^^^^^^^^^^^^^^^
  File "C:\Users\SrikanthMudaliar\AppData\Local\Programs\Python\Python312\Lib\site-packages\httpx\_client.py", line 914, in send
    response = self._send_handling_auth(
               ^^^^^^^^^^^^^^^^^^^^^^^^^
  File "C:\Users\SrikanthMudaliar\AppData\Local\Programs\Python\Python312\Lib\site-packages\httpx\_client.py", line 942, in _send_handling_auth
    response = self._send_handling_redirects(
               ^^^^^^^^^^^^^^^^^^^^^^^^^^^^^^
  File "C:\Users\SrikanthMudaliar\AppData\Local\Programs\Python\Python312\Lib\site-packages\httpx\_client.py", line 979, in _send_handling_redirects
    response = self._send_single_request(request)
               ^^^^^^^^^^^^^^^^^^^^^^^^^^^^^^^^^^
  File "C:\Users\SrikanthMudaliar\AppData\Local\Programs\Python\Python312\Lib\site-packages\httpx\_client.py", line 1014, in _send_single_request
    response = transport.handle_request(request)
               ^^^^^^^^^^^^^^^^^^^^^^^^^^^^^^^^^
  File "C:\Users\SrikanthMudaliar\AppData\Local\Programs\Python\Python312\Lib\site-packages\httpx\_transports\default.py", line 249, in handle_request
    with map_httpcore_exceptions():
         ^^^^^^^^^^^^^^^^^^^^^^^^^
  File "C:\Users\SrikanthMudaliar\AppData\Local\Programs\Python\Python312\Lib\contextlib.py", line 158, in __exit__
    self.gen.throw(value)
  File "C:\Users\SrikanthMudaliar\AppData\Local\Programs\Python\Python312\Lib\site-packages\httpx\_transports\default.py", line 118, in map_httpcore_exceptions
    raise mapped_exc(message) from exc
httpx.ConnectTimeout: [WinError 10060] A connection attempt failed because the connected party did not properly respond after a period of time, or established connection failed because connected host has failed to respond
{
  "id": "subscriptions/49ce7e88-e929-4031-b5b2-c8b557e5da2d/providers/Microsoft.CostManagement/query/69938650-9a5a-43d8-a553-1c1f3f740b69",
  "name": "69938650-9a5a-43d8-a553-1c1f3f740b69",
  "type": "Microsoft.CostManagement/query",
  "columns": [
    {
      "name": "PreTaxCost",
      "type": "Number"
    },
    {
      "name": "ServiceName",
      "type": "String"
    },
    {
      "name": "Currency",
      "type": "String"
    }
  ],
  "rows": [
    [
      0.000931978197768326,
      "Bandwidth",
      "INR"
    ],
    [
      223.436499212331,
      "Storage",
      "INR"
    ],
    [
      2896.28848204429,
      "Virtual Machines",
      "INR"
    ],
    [
      152.910935703124,
      "Virtual Network",
      "INR"
    ]
  ]
}
Azure rows fetched: 4
Prepared Azure records:
[{'cloud': 'azure', 'account_name': 'azure-main', 'service_name': 'Bandwidth', 'region': 'global', 'resource_id': None, 'usage_date': '2026-05-15', 'usage_quantity': 0, 'cost': 0.000931978197768326, 'currency': 'USD', 'environment': None, 'application': None, 'tags': None}, {'cloud': 'azure', 'account_name': 'azure-main', 'service_name': 'Storage', 'region': 'global', 'resource_id': None, 'usage_date': '2026-05-15', 'usage_quantity': 0, 'cost': 223.436499212331, 'currency': 'USD', 'environment': None, 'application': None, 'tags': None}, {'cloud': 'azure', 'account_name': 'azure-main', 'service_name': 'Virtual Machines', 'region': 'global', 'resource_id': None, 'usage_date': '2026-05-15', 'usage_quantity': 0, 'cost': 2896.28848204429, 'currency': 'USD', 'environment': None, 'application': None, 'tags': None}]
Traceback (most recent call last):
  File "C:\Users\SrikanthMudaliar\AI-Cloud-Advisor\azure_cost_sync.py", line 130, in <module>
    .execute()
     ^^^^^^^^^
  File "C:\Users\SrikanthMudaliar\AppData\Local\Programs\Python\Python312\Lib\site-packages\postgrest\_sync\request_builder.py", line 53, in execute
    raise APIError(dict(json_obj))
postgrest.exceptions.APIError: {'message': 'there is no unique or exclusion constraint matching the ON CONFLICT specification', 'code': '42P10', 'hint': None, 'details': None}
{
  "id": "subscriptions/49ce7e88-e929-4031-b5b2-c8b557e5da2d/providers/Microsoft.CostManagement/query/da7441cc-b50d-49ad-9b24-82da2a747cb0",
  "name": "da7441cc-b50d-49ad-9b24-82da2a747cb0",
  "type": "Microsoft.CostManagement/query",
  "columns": [
    {
      "name": "PreTaxCost",
      "type": "Number"
    },
    {
      "name": "ServiceName",
      "type": "String"
    },
    {
      "name": "Currency",
      "type": "String"
    }
  ],
  "rows": [
    [
      0.000935401791147884,
      "Bandwidth",
      "INR"
    ],
    [
      224.778268510012,
      "Storage",
      "INR"
    ],
    [
      2914.25274454429,
      "Virtual Machines",
      "INR"
    ],
    [
      153.856423203124,
      "Virtual Network",
      "INR"
    ]
  ]
}
Azure rows fetched: 4
Prepared Azure records:
[{'cloud': 'azure', 'account_name': 'azure-main', 'service_name': 'Bandwidth', 'region': 'global', 'resource_id': None, 'usage_date': '2026-05-15', 'usage_quantity': 0, 'cost': 0.000935401791147884, 'currency': 'USD', 'environment': None, 'application': None, 'tags': None}, {'cloud': 'azure', 'account_name': 'azure-main', 'service_name': 'Storage', 'region': 'global', 'resource_id': None, 'usage_date': '2026-05-15', 'usage_quantity': 0, 'cost': 224.778268510012, 'currency': 'USD', 'environment': None, 'application': None, 'tags': None}, {'cloud': 'azure', 'account_name': 'azure-main', 'service_name': 'Virtual Machines', 'region': 'global', 'resource_id': None, 'usage_date': '2026-05-15', 'usage_quantity': 0, 'cost': 2914.25274454429, 'currency': 'USD', 'environment': None, 'application': None, 'tags': None}]
Traceback (most recent call last):
  File "C:\Users\SrikanthMudaliar\AI-Cloud-Advisor\azure_cost_sync.py", line 130, in <module>
    .execute()
     ^^^^^^^^^
  File "C:\Users\SrikanthMudaliar\AppData\Local\Programs\Python\Python312\Lib\site-packages\postgrest\_sync\request_builder.py", line 53, in execute
    raise APIError(dict(json_obj))
postgrest.exceptions.APIError: {'message': 'there is no unique or exclusion constraint matching the ON CONFLICT specification', 'code': '42P10', 'hint': None, 'details': None}
{
  "id": "subscriptions/49ce7e88-e929-4031-b5b2-c8b557e5da2d/providers/Microsoft.CostManagement/query/7bbeee2c-370e-442b-94ac-d934d35b82f9",
  "name": "7bbeee2c-370e-442b-94ac-d934d35b82f9",
  "type": "Microsoft.CostManagement/query",
  "columns": [
    {
      "name": "PreTaxCost",
      "type": "Number"
    },
    {
      "name": "ServiceName",
      "type": "String"
    },
    {
      "name": "Currency",
      "type": "String"
    }
  ],
  "rows": [
    [
      0.000935401791147884,
      "Bandwidth",
      "INR"
    ],
    [
      224.778268510012,
      "Storage",
      "INR"
    ],
    [
      2914.25274454429,
      "Virtual Machines",
      "INR"
    ],
    [
      153.856423203124,
      "Virtual Network",
      "INR"
    ]
  ]
}
Azure rows fetched: 4
Prepared Azure records:
[{'cloud': 'azure', 'account_name': 'azure-main', 'service_name': 'Bandwidth', 'region': 'global', 'resource_id': None, 'usage_date': '2026-05-15', 'usage_quantity': 0, 'cost': 0.000935401791147884, 'currency': 'USD', 'environment': None, 'application': None, 'tags': None}, {'cloud': 'azure', 'account_name': 'azure-main', 'service_name': 'Storage', 'region': 'global', 'resource_id': None, 'usage_date': '2026-05-15', 'usage_quantity': 0, 'cost': 224.778268510012, 'currency': 'USD', 'environment': None, 'application': None, 'tags': None}, {'cloud': 'azure', 'account_name': 'azure-main', 'service_name': 'Virtual Machines', 'region': 'global', 'resource_id': None, 'usage_date': '2026-05-15', 'usage_quantity': 0, 'cost': 2914.25274454429, 'currency': 'USD', 'environment': None, 'application': None, 'tags': None}]
Traceback (most recent call last):
  File "C:\Users\SrikanthMudaliar\AI-Cloud-Advisor\azure_cost_sync.py", line 130, in <module>
    .execute()
     ^^^^^^^^^
  File "C:\Users\SrikanthMudaliar\AppData\Local\Programs\Python\Python312\Lib\site-packages\postgrest\_sync\request_builder.py", line 53, in execute
    raise APIError(dict(json_obj))
postgrest.exceptions.APIError: {'message': 'there is no unique or exclusion constraint matching the ON CONFLICT specification', 'code': '42P10', 'hint': None, 'details': None}
ClientSecretCredential.get_token_info failed: Authentication failed: HTTPSConnection(host='login.microsoftonline.com', port=443): Failed to resolve 'login.microsoftonline.com' ([Errno 11001] getaddrinfo failed)
Traceback (most recent call last):
  File "C:\Users\SrikanthMudaliar\AppData\Local\Programs\Python\Python312\Lib\site-packages\azure\identity\_internal\decorators.py", line 75, in wrapper
    return fn(*args, **kwargs)
           ^^^^^^^^^^^^^^^^^^^
  File "C:\Users\SrikanthMudaliar\AppData\Local\Programs\Python\Python312\Lib\site-packages\azure\identity\_internal\client_credential_base.py", line 27, in _acquire_token_silently
    app = self._get_app(**kwargs)
          ^^^^^^^^^^^^^^^^^^^^^^^
  File "C:\Users\SrikanthMudaliar\AppData\Local\Programs\Python\Python312\Lib\site-packages\azure\identity\_internal\msal_credentials.py", line 109, in _get_app
    client_applications_map[tenant_id] = app_class(
                                         ^^^^^^^^^^
  File "C:\Users\SrikanthMudaliar\AppData\Local\Programs\Python\Python312\Lib\site-packages\msal\application.py", line 649, in __init__
    self.authority = Authority(
                     ^^^^^^^^^^
  File "C:\Users\SrikanthMudaliar\AppData\Local\Programs\Python\Python312\Lib\site-packages\msal\authority.py", line 98, in __init__
    openid_config = tenant_discovery(
                    ^^^^^^^^^^^^^^^^^
  File "C:\Users\SrikanthMudaliar\AppData\Local\Programs\Python\Python312\Lib\site-packages\msal\authority.py", line 292, in tenant_discovery
    resp = http_client.get(tenant_discovery_endpoint, **kwargs)
           ^^^^^^^^^^^^^^^^^^^^^^^^^^^^^^^^^^^^^^^^^^^^^^^^^^^^
  File "C:\Users\SrikanthMudaliar\AppData\Local\Programs\Python\Python312\Lib\site-packages\msal\individual_cache.py", line 273, in wrapper
    value = function(*args, **kwargs)
            ^^^^^^^^^^^^^^^^^^^^^^^^^
  File "C:\Users\SrikanthMudaliar\AppData\Local\Programs\Python\Python312\Lib\site-packages\msal\throttled_http_client.py", line 99, in get
    return NormalizedResponse(self.http_client.get(*args, **kwargs))
                              ^^^^^^^^^^^^^^^^^^^^^^^^^^^^^^^^^^^^^
  File "C:\Users\SrikanthMudaliar\AppData\Local\Programs\Python\Python312\Lib\site-packages\azure\identity\_internal\msal_client.py", line 107, in get
    response = self._pipeline.run(request, stream=False)
               ^^^^^^^^^^^^^^^^^^^^^^^^^^^^^^^^^^^^^^^^^
  File "C:\Users\SrikanthMudaliar\AppData\Local\Programs\Python\Python312\Lib\site-packages\azure\core\pipeline\_base.py", line 242, in run
    return first_node.send(pipeline_request)
           ^^^^^^^^^^^^^^^^^^^^^^^^^^^^^^^^^
  File "C:\Users\SrikanthMudaliar\AppData\Local\Programs\Python\Python312\Lib\site-packages\azure\core\pipeline\_base.py", line 98, in send
    response = self.next.send(request)
               ^^^^^^^^^^^^^^^^^^^^^^^
  File "C:\Users\SrikanthMudaliar\AppData\Local\Programs\Python\Python312\Lib\site-packages\azure\core\pipeline\_base.py", line 98, in send
    response = self.next.send(request)
               ^^^^^^^^^^^^^^^^^^^^^^^
  File "C:\Users\SrikanthMudaliar\AppData\Local\Programs\Python\Python312\Lib\site-packages\azure\core\pipeline\_base.py", line 98, in send
    response = self.next.send(request)
               ^^^^^^^^^^^^^^^^^^^^^^^
  [Previous line repeated 1 more time]
  File "C:\Users\SrikanthMudaliar\AppData\Local\Programs\Python\Python312\Lib\site-packages\azure\core\pipeline\policies\_retry.py", line 567, in send
    raise err
  File "C:\Users\SrikanthMudaliar\AppData\Local\Programs\Python\Python312\Lib\site-packages\azure\core\pipeline\policies\_retry.py", line 545, in send
    response = self.next.send(request)
               ^^^^^^^^^^^^^^^^^^^^^^^
  File "C:\Users\SrikanthMudaliar\AppData\Local\Programs\Python\Python312\Lib\site-packages\azure\core\pipeline\_base.py", line 98, in send
    response = self.next.send(request)
               ^^^^^^^^^^^^^^^^^^^^^^^
  File "C:\Users\SrikanthMudaliar\AppData\Local\Programs\Python\Python312\Lib\site-packages\azure\core\pipeline\_base.py", line 98, in send
    response = self.next.send(request)
               ^^^^^^^^^^^^^^^^^^^^^^^
  File "C:\Users\SrikanthMudaliar\AppData\Local\Programs\Python\Python312\Lib\site-packages\azure\core\pipeline\_base.py", line 98, in send
    response = self.next.send(request)
               ^^^^^^^^^^^^^^^^^^^^^^^
  [Previous line repeated 1 more time]
  File "C:\Users\SrikanthMudaliar\AppData\Local\Programs\Python\Python312\Lib\site-packages\azure\core\pipeline\_base.py", line 130, in send
    self._sender.send(request.http_request, **request.context.options),
    ^^^^^^^^^^^^^^^^^^^^^^^^^^^^^^^^^^^^^^^^^^^^^^^^^^^^^^^^^^^^^^^^^^
  File "C:\Users\SrikanthMudaliar\AppData\Local\Programs\Python\Python312\Lib\site-packages\azure\core\pipeline\transport\_requests_basic.py", line 428, in send
    raise error
azure.core.exceptions.ServiceRequestError: HTTPSConnection(host='login.microsoftonline.com', port=443): Failed to resolve 'login.microsoftonline.com' ([Errno 11001] getaddrinfo failed)

The above exception was the direct cause of the following exception:

Traceback (most recent call last):
  File "C:\Users\SrikanthMudaliar\AI-Cloud-Advisor\azure_cost_sync.py", line 47, in <module>
    query_result = cost_client.query.usage(
                   ^^^^^^^^^^^^^^^^^^^^^^^^
  File "C:\Users\SrikanthMudaliar\AppData\Local\Programs\Python\Python312\Lib\site-packages\azure\core\tracing\decorator.py", line 119, in wrapper_use_tracer
    return func(*args, **kwargs)
           ^^^^^^^^^^^^^^^^^^^^^
  File "C:\Users\SrikanthMudaliar\AppData\Local\Programs\Python\Python312\Lib\site-packages\azure\mgmt\costmanagement\operations\_query_operations.py", line 269, in usage
    pipeline_response: PipelineResponse = self._client._pipeline.run(  # pylint: disable=protected-access
                                          ^^^^^^^^^^^^^^^^^^^^^^^^^^^^^^^^^^^^^^^^^^^^^^^^^^^^^^^^^^^^^^^
  File "C:\Users\SrikanthMudaliar\AppData\Local\Programs\Python\Python312\Lib\site-packages\azure\core\pipeline\_base.py", line 242, in run
    return first_node.send(pipeline_request)
           ^^^^^^^^^^^^^^^^^^^^^^^^^^^^^^^^^
  File "C:\Users\SrikanthMudaliar\AppData\Local\Programs\Python\Python312\Lib\site-packages\azure\core\pipeline\_base.py", line 98, in send
    response = self.next.send(request)
               ^^^^^^^^^^^^^^^^^^^^^^^
  File "C:\Users\SrikanthMudaliar\AppData\Local\Programs\Python\Python312\Lib\site-packages\azure\core\pipeline\_base.py", line 98, in send
    response = self.next.send(request)
               ^^^^^^^^^^^^^^^^^^^^^^^
  File "C:\Users\SrikanthMudaliar\AppData\Local\Programs\Python\Python312\Lib\site-packages\azure\core\pipeline\_base.py", line 98, in send
    response = self.next.send(request)
               ^^^^^^^^^^^^^^^^^^^^^^^
  [Previous line repeated 2 more times]
  File "C:\Users\SrikanthMudaliar\AppData\Local\Programs\Python\Python312\Lib\site-packages\azure\mgmt\core\policies\_base.py", line 95, in send
    response = self.next.send(request)
               ^^^^^^^^^^^^^^^^^^^^^^^
  File "C:\Users\SrikanthMudaliar\AppData\Local\Programs\Python\Python312\Lib\site-packages\azure\core\pipeline\policies\_redirect.py", line 205, in send
    response = self.next.send(request)
               ^^^^^^^^^^^^^^^^^^^^^^^
  File "C:\Users\SrikanthMudaliar\AppData\Local\Programs\Python\Python312\Lib\site-packages\azure\core\pipeline\policies\_retry.py", line 545, in send
    response = self.next.send(request)
               ^^^^^^^^^^^^^^^^^^^^^^^
  File "C:\Users\SrikanthMudaliar\AppData\Local\Programs\Python\Python312\Lib\site-packages\azure\core\pipeline\policies\_authentication.py", line 192, in send
    self.on_request(request)
  File "C:\Users\SrikanthMudaliar\AppData\Local\Programs\Python\Python312\Lib\site-packages\azure\core\pipeline\policies\_authentication.py", line 167, in on_request
    self._request_token(*self._scopes)
  File "C:\Users\SrikanthMudaliar\AppData\Local\Programs\Python\Python312\Lib\site-packages\azure\core\pipeline\policies\_authentication.py", line 142, in _request_token
    self._token = self._get_token(*scopes, **kwargs)
                  ^^^^^^^^^^^^^^^^^^^^^^^^^^^^^^^^^^
  File "C:\Users\SrikanthMudaliar\AppData\Local\Programs\Python\Python312\Lib\site-packages\azure\core\pipeline\policies\_authentication.py", line 132, in _get_token
    return cast(SupportsTokenInfo, self._credential).get_token_info(*scopes, options=options)
           ^^^^^^^^^^^^^^^^^^^^^^^^^^^^^^^^^^^^^^^^^^^^^^^^^^^^^^^^^^^^^^^^^^^^^^^^^^^^^^^^^^
  File "C:\Users\SrikanthMudaliar\AppData\Local\Programs\Python\Python312\Lib\site-packages\azure\identity\_internal\get_token_mixin.py", line 104, in get_token_info
    return self._get_token_base(*scopes, options=options, base_method_name="get_token_info")
           ^^^^^^^^^^^^^^^^^^^^^^^^^^^^^^^^^^^^^^^^^^^^^^^^^^^^^^^^^^^^^^^^^^^^^^^^^^^^^^^^^
  File "C:\Users\SrikanthMudaliar\AppData\Local\Programs\Python\Python312\Lib\site-packages\azure\identity\_internal\get_token_mixin.py", line 122, in _get_token_base
    token = self._acquire_token_silently(
            ^^^^^^^^^^^^^^^^^^^^^^^^^^^^^
  File "C:\Users\SrikanthMudaliar\AppData\Local\Programs\Python\Python312\Lib\site-packages\azure\identity\_internal\decorators.py", line 80, in wrapper
    raise auth_error from ex
azure.core.exceptions.ClientAuthenticationError: Authentication failed: HTTPSConnection(host='login.microsoftonline.com', port=443): Failed to resolve 'login.microsoftonline.com' ([Errno 11001] getaddrinfo failed)
{
  "id": "subscriptions/49ce7e88-e929-4031-b5b2-c8b557e5da2d/providers/Microsoft.CostManagement/query/8082ff66-06ed-48ca-a73a-a9fc6638a5bf",
  "name": "8082ff66-06ed-48ca-a73a-a9fc6638a5bf",
  "type": "Microsoft.CostManagement/query",
  "columns": [
    {
      "name": "PreTaxCost",
      "type": "Number"
    },
    {
      "name": "ServiceName",
      "type": "String"
    },
    {
      "name": "Currency",
      "type": "String"
    }
  ],
  "rows": [
    [
      0.000940727380849417,
      "Bandwidth",
      "INR"
    ],
    [
      226.120037807691,
      "Storage",
      "INR"
    ],
    [
      2932.21700704429,
      "Virtual Machines",
      "INR"
    ],
    [
      154.329166953124,
      "Virtual Network",
      "INR"
    ]
  ]
}
Azure rows fetched: 4
Prepared Azure records:
[{'cloud': 'azure', 'account_name': 'azure-main', 'service_name': 'Bandwidth', 'region': 'global', 'resource_id': None, 'usage_date': '2026-05-15', 'usage_quantity': 0, 'cost': 0.000940727380849417, 'currency': 'USD', 'environment': None, 'application': None, 'tags': None}, {'cloud': 'azure', 'account_name': 'azure-main', 'service_name': 'Storage', 'region': 'global', 'resource_id': None, 'usage_date': '2026-05-15', 'usage_quantity': 0, 'cost': 226.120037807691, 'currency': 'USD', 'environment': None, 'application': None, 'tags': None}, {'cloud': 'azure', 'account_name': 'azure-main', 'service_name': 'Virtual Machines', 'region': 'global', 'resource_id': None, 'usage_date': '2026-05-15', 'usage_quantity': 0, 'cost': 2932.21700704429, 'currency': 'USD', 'environment': None, 'application': None, 'tags': None}]
Traceback (most recent call last):
  File "C:\Users\SrikanthMudaliar\AI-Cloud-Advisor\azure_cost_sync.py", line 130, in <module>
    .execute()
     ^^^^^^^^^
  File "C:\Users\SrikanthMudaliar\AppData\Local\Programs\Python\Python312\Lib\site-packages\postgrest\_sync\request_builder.py", line 53, in execute
    raise APIError(dict(json_obj))
postgrest.exceptions.APIError: {'message': 'there is no unique or exclusion constraint matching the ON CONFLICT specification', 'code': '42P10', 'hint': None, 'details': None}
{
  "id": "subscriptions/49ce7e88-e929-4031-b5b2-c8b557e5da2d/providers/Microsoft.CostManagement/query/77b16319-387e-4249-a0eb-cc8b8b0dcf3f",
  "name": "77b16319-387e-4249-a0eb-cc8b8b0dcf3f",
  "type": "Microsoft.CostManagement/query",
  "columns": [
    {
      "name": "PreTaxCost",
      "type": "Number"
    },
    {
      "name": "ServiceName",
      "type": "String"
    },
    {
      "name": "Currency",
      "type": "String"
    }
  ],
  "rows": [
    [
      0.000940727380849417,
      "Bandwidth",
      "INR"
    ],
    [
      226.120037807691,
      "Storage",
      "INR"
    ],
    [
      2932.21700704429,
      "Virtual Machines",
      "INR"
    ],
    [
      154.329166953124,
      "Virtual Network",
      "INR"
    ]
  ]
}
Azure rows fetched: 4
Prepared Azure records:
[{'cloud': 'azure', 'account_name': 'azure-main', 'service_name': 'Bandwidth', 'region': 'global', 'resource_id': None, 'usage_date': '2026-05-15', 'usage_quantity': 0, 'cost': 0.000940727380849417, 'currency': 'USD', 'environment': None, 'application': None, 'tags': None}, {'cloud': 'azure', 'account_name': 'azure-main', 'service_name': 'Storage', 'region': 'global', 'resource_id': None, 'usage_date': '2026-05-15', 'usage_quantity': 0, 'cost': 226.120037807691, 'currency': 'USD', 'environment': None, 'application': None, 'tags': None}, {'cloud': 'azure', 'account_name': 'azure-main', 'service_name': 'Virtual Machines', 'region': 'global', 'resource_id': None, 'usage_date': '2026-05-15', 'usage_quantity': 0, 'cost': 2932.21700704429, 'currency': 'USD', 'environment': None, 'application': None, 'tags': None}]
Traceback (most recent call last):
  File "C:\Users\SrikanthMudaliar\AI-Cloud-Advisor\azure_cost_sync.py", line 130, in <module>
    .execute()
     ^^^^^^^^^
  File "C:\Users\SrikanthMudaliar\AppData\Local\Programs\Python\Python312\Lib\site-packages\postgrest\_sync\request_builder.py", line 53, in execute
    raise APIError(dict(json_obj))
postgrest.exceptions.APIError: {'message': 'there is no unique or exclusion constraint matching the ON CONFLICT specification', 'code': '42P10', 'hint': None, 'details': None}
{
  "id": "subscriptions/49ce7e88-e929-4031-b5b2-c8b557e5da2d/providers/Microsoft.CostManagement/query/3edbd695-f8b6-48fe-840a-ce7e8120c09b",
  "name": "3edbd695-f8b6-48fe-840a-ce7e8120c09b",
  "type": "Microsoft.CostManagement/query",
  "columns": [
    {
      "name": "PreTaxCost",
      "type": "Number"
    },
    {
      "name": "ServiceName",
      "type": "String"
    },
    {
      "name": "Currency",
      "type": "String"
    }
  ],
  "rows": [
    [
      0.000940727380849417,
      "Bandwidth",
      "INR"
    ],
    [
      226.120037807691,
      "Storage",
      "INR"
    ],
    [
      2932.21700704429,
      "Virtual Machines",
      "INR"
    ],
    [
      154.329166953124,
      "Virtual Network",
      "INR"
    ]
  ]
}
Azure rows fetched: 4
Prepared Azure records:
[{'cloud': 'azure', 'account_name': 'azure-main', 'service_name': 'Bandwidth', 'region': 'global', 'resource_id': None, 'usage_date': '2026-05-15', 'usage_quantity': 0, 'cost': 0.000940727380849417, 'currency': 'USD', 'environment': None, 'application': None, 'tags': None}, {'cloud': 'azure', 'account_name': 'azure-main', 'service_name': 'Storage', 'region': 'global', 'resource_id': None, 'usage_date': '2026-05-15', 'usage_quantity': 0, 'cost': 226.120037807691, 'currency': 'USD', 'environment': None, 'application': None, 'tags': None}, {'cloud': 'azure', 'account_name': 'azure-main', 'service_name': 'Virtual Machines', 'region': 'global', 'resource_id': None, 'usage_date': '2026-05-15', 'usage_quantity': 0, 'cost': 2932.21700704429, 'currency': 'USD', 'environment': None, 'application': None, 'tags': None}]
Traceback (most recent call last):
  File "C:\Users\SrikanthMudaliar\AppData\Local\Programs\Python\Python312\Lib\site-packages\httpx\_transports\default.py", line 101, in map_httpcore_exceptions
    yield
  File "C:\Users\SrikanthMudaliar\AppData\Local\Programs\Python\Python312\Lib\site-packages\httpx\_transports\default.py", line 250, in handle_request
    resp = self._pool.handle_request(req)
           ^^^^^^^^^^^^^^^^^^^^^^^^^^^^^^
  File "C:\Users\SrikanthMudaliar\AppData\Local\Programs\Python\Python312\Lib\site-packages\httpcore\_sync\connection_pool.py", line 256, in handle_request
    raise exc from None
  File "C:\Users\SrikanthMudaliar\AppData\Local\Programs\Python\Python312\Lib\site-packages\httpcore\_sync\connection_pool.py", line 236, in handle_request
    response = connection.handle_request(
               ^^^^^^^^^^^^^^^^^^^^^^^^^^
  File "C:\Users\SrikanthMudaliar\AppData\Local\Programs\Python\Python312\Lib\site-packages\httpcore\_sync\connection.py", line 101, in handle_request
    raise exc
  File "C:\Users\SrikanthMudaliar\AppData\Local\Programs\Python\Python312\Lib\site-packages\httpcore\_sync\connection.py", line 78, in handle_request
    stream = self._connect(request)
             ^^^^^^^^^^^^^^^^^^^^^^
  File "C:\Users\SrikanthMudaliar\AppData\Local\Programs\Python\Python312\Lib\site-packages\httpcore\_sync\connection.py", line 124, in _connect
    stream = self._network_backend.connect_tcp(**kwargs)
             ^^^^^^^^^^^^^^^^^^^^^^^^^^^^^^^^^^^^^^^^^^^
  File "C:\Users\SrikanthMudaliar\AppData\Local\Programs\Python\Python312\Lib\site-packages\httpcore\_backends\sync.py", line 207, in connect_tcp
    with map_exceptions(exc_map):
         ^^^^^^^^^^^^^^^^^^^^^^^
  File "C:\Users\SrikanthMudaliar\AppData\Local\Programs\Python\Python312\Lib\contextlib.py", line 158, in __exit__
    self.gen.throw(value)
  File "C:\Users\SrikanthMudaliar\AppData\Local\Programs\Python\Python312\Lib\site-packages\httpcore\_exceptions.py", line 14, in map_exceptions
    raise to_exc(exc) from exc
httpcore.ConnectError: [Errno 11001] getaddrinfo failed

The above exception was the direct cause of the following exception:

Traceback (most recent call last):
  File "C:\Users\SrikanthMudaliar\AI-Cloud-Advisor\azure_cost_sync.py", line 130, in <module>
    .execute()
     ^^^^^^^^^
  File "C:\Users\SrikanthMudaliar\AppData\Local\Programs\Python\Python312\Lib\site-packages\postgrest\_sync\request_builder.py", line 47, in execute
    r = self.request.send()
        ^^^^^^^^^^^^^^^^^^^
  File "C:\Users\SrikanthMudaliar\AppData\Local\Programs\Python\Python312\Lib\site-packages\postgrest\base_request_builder.py", line 82, in send
    return self.session.request(
           ^^^^^^^^^^^^^^^^^^^^^
  File "C:\Users\SrikanthMudaliar\AppData\Local\Programs\Python\Python312\Lib\site-packages\httpx\_client.py", line 825, in request
    return self.send(request, auth=auth, follow_redirects=follow_redirects)
           ^^^^^^^^^^^^^^^^^^^^^^^^^^^^^^^^^^^^^^^^^^^^^^^^^^^^^^^^^^^^^^^^
  File "C:\Users\SrikanthMudaliar\AppData\Local\Programs\Python\Python312\Lib\site-packages\httpx\_client.py", line 914, in send
    response = self._send_handling_auth(
               ^^^^^^^^^^^^^^^^^^^^^^^^^
  File "C:\Users\SrikanthMudaliar\AppData\Local\Programs\Python\Python312\Lib\site-packages\httpx\_client.py", line 942, in _send_handling_auth
    response = self._send_handling_redirects(
               ^^^^^^^^^^^^^^^^^^^^^^^^^^^^^^
  File "C:\Users\SrikanthMudaliar\AppData\Local\Programs\Python\Python312\Lib\site-packages\httpx\_client.py", line 979, in _send_handling_redirects
    response = self._send_single_request(request)
               ^^^^^^^^^^^^^^^^^^^^^^^^^^^^^^^^^^
  File "C:\Users\SrikanthMudaliar\AppData\Local\Programs\Python\Python312\Lib\site-packages\httpx\_client.py", line 1014, in _send_single_request
    response = transport.handle_request(request)
               ^^^^^^^^^^^^^^^^^^^^^^^^^^^^^^^^^
  File "C:\Users\SrikanthMudaliar\AppData\Local\Programs\Python\Python312\Lib\site-packages\httpx\_transports\default.py", line 249, in handle_request
    with map_httpcore_exceptions():
         ^^^^^^^^^^^^^^^^^^^^^^^^^
  File "C:\Users\SrikanthMudaliar\AppData\Local\Programs\Python\Python312\Lib\contextlib.py", line 158, in __exit__
    self.gen.throw(value)
  File "C:\Users\SrikanthMudaliar\AppData\Local\Programs\Python\Python312\Lib\site-packages\httpx\_transports\default.py", line 118, in map_httpcore_exceptions
    raise mapped_exc(message) from exc
httpx.ConnectError: [Errno 11001] getaddrinfo failed
Traceback (most recent call last):
  File "C:\Users\SrikanthMudaliar\AI-Cloud-Advisor\azure_cost_sync.py", line 47, in <module>
    query_result = cost_client.query.usage(
                   ^^^^^^^^^^^^^^^^^^^^^^^^
  File "C:\Users\SrikanthMudaliar\AppData\Local\Programs\Python\Python312\Lib\site-packages\azure\core\tracing\decorator.py", line 119, in wrapper_use_tracer
    return func(*args, **kwargs)
           ^^^^^^^^^^^^^^^^^^^^^
  File "C:\Users\SrikanthMudaliar\AppData\Local\Programs\Python\Python312\Lib\site-packages\azure\mgmt\costmanagement\operations\_query_operations.py", line 278, in usage
    raise HttpResponseError(response=response, model=error, error_format=ARMErrorFormat)
azure.core.exceptions.HttpResponseError: (429) Too many requests. Please retry.
Code: 429
Message: Too many requests. Please retry.
Traceback (most recent call last):
  File "C:\Users\SrikanthMudaliar\AI-Cloud-Advisor\azure_cost_sync.py", line 47, in <module>
    query_result = cost_client.query.usage(
                   ^^^^^^^^^^^^^^^^^^^^^^^^
  File "C:\Users\SrikanthMudaliar\AppData\Local\Programs\Python\Python312\Lib\site-packages\azure\core\tracing\decorator.py", line 119, in wrapper_use_tracer
    return func(*args, **kwargs)
           ^^^^^^^^^^^^^^^^^^^^^
  File "C:\Users\SrikanthMudaliar\AppData\Local\Programs\Python\Python312\Lib\site-packages\azure\mgmt\costmanagement\operations\_query_operations.py", line 278, in usage
    raise HttpResponseError(response=response, model=error, error_format=ARMErrorFormat)
azure.core.exceptions.HttpResponseError: (429) Too many requests. Please retry.
Code: 429
Message: Too many requests. Please retry.
{
  "id": "subscriptions/49ce7e88-e929-4031-b5b2-c8b557e5da2d/providers/Microsoft.CostManagement/query/9b9066b9-ab3e-4913-818f-95cde7cd2b86",
  "name": "9b9066b9-ab3e-4913-818f-95cde7cd2b86",
  "type": "Microsoft.CostManagement/query",
  "columns": [
    {
      "name": "PreTaxCost",
      "type": "Number"
    },
    {
      "name": "ServiceName",
      "type": "String"
    },
    {
      "name": "Currency",
      "type": "String"
    }
  ],
  "rows": [
    [
      0.000950998160988088,
      "Bandwidth",
      "INR"
    ],
    [
      228.132691754211,
      "Storage",
      "INR"
    ],
    [
      2950.18126954429,
      "Virtual Machines",
      "INR"
    ],
    [
      155.747398203124,
      "Virtual Network",
      "INR"
    ]
  ]
}
Azure rows fetched: 4
Prepared Azure records:
[{'cloud': 'azure', 'account_name': 'azure-main', 'service_name': 'Bandwidth', 'region': 'global', 'resource_id': None, 'usage_date': '2026-05-15', 'usage_quantity': 0, 'cost': 0.000950998160988088, 'currency': 'USD', 'environment': None, 'application': None, 'tags': None}, {'cloud': 'azure', 'account_name': 'azure-main', 'service_name': 'Storage', 'region': 'global', 'resource_id': None, 'usage_date': '2026-05-15', 'usage_quantity': 0, 'cost': 228.132691754211, 'currency': 'USD', 'environment': None, 'application': None, 'tags': None}, {'cloud': 'azure', 'account_name': 'azure-main', 'service_name': 'Virtual Machines', 'region': 'global', 'resource_id': None, 'usage_date': '2026-05-15', 'usage_quantity': 0, 'cost': 2950.18126954429, 'currency': 'USD', 'environment': None, 'application': None, 'tags': None}]
Traceback (most recent call last):
  File "C:\Users\SrikanthMudaliar\AI-Cloud-Advisor\azure_cost_sync.py", line 130, in <module>
    .execute()
     ^^^^^^^^^
  File "C:\Users\SrikanthMudaliar\AppData\Local\Programs\Python\Python312\Lib\site-packages\postgrest\_sync\request_builder.py", line 53, in execute
    raise APIError(dict(json_obj))
postgrest.exceptions.APIError: {'message': 'there is no unique or exclusion constraint matching the ON CONFLICT specification', 'code': '42P10', 'hint': None, 'details': None}
{
  "id": "subscriptions/49ce7e88-e929-4031-b5b2-c8b557e5da2d/providers/Microsoft.CostManagement/query/4b80e805-189b-41d7-ace5-7ab9e47f8516",
  "name": "4b80e805-189b-41d7-ace5-7ab9e47f8516",
  "type": "Microsoft.CostManagement/query",
  "columns": [
    {
      "name": "PreTaxCost",
      "type": "Number"
    },
    {
      "name": "ServiceName",
      "type": "String"
    },
    {
      "name": "Currency",
      "type": "String"
    }
  ],
  "rows": [
    [
      0.000954421754367645,
      "Bandwidth",
      "INR"
    ],
    [
      228.813440938875,
      "Storage",
      "INR"
    ],
    [
      2968.14553204429,
      "Virtual Machines",
      "INR"
    ],
    [
      156.692885703124,
      "Virtual Network",
      "INR"
    ]
  ]
}
Azure rows fetched: 4
Prepared Azure records:
[{'cloud': 'azure', 'account_name': 'azure-main', 'service_name': 'Bandwidth', 'region': 'global', 'resource_id': None, 'usage_date': '2026-05-15', 'usage_quantity': 0, 'cost': 0.000954421754367645, 'currency': 'USD', 'environment': None, 'application': None, 'tags': None}, {'cloud': 'azure', 'account_name': 'azure-main', 'service_name': 'Storage', 'region': 'global', 'resource_id': None, 'usage_date': '2026-05-15', 'usage_quantity': 0, 'cost': 228.813440938875, 'currency': 'USD', 'environment': None, 'application': None, 'tags': None}, {'cloud': 'azure', 'account_name': 'azure-main', 'service_name': 'Virtual Machines', 'region': 'global', 'resource_id': None, 'usage_date': '2026-05-15', 'usage_quantity': 0, 'cost': 2968.14553204429, 'currency': 'USD', 'environment': None, 'application': None, 'tags': None}]
Traceback (most recent call last):
  File "C:\Users\SrikanthMudaliar\AI-Cloud-Advisor\azure_cost_sync.py", line 130, in <module>
    .execute()
     ^^^^^^^^^
  File "C:\Users\SrikanthMudaliar\AppData\Local\Programs\Python\Python312\Lib\site-packages\postgrest\_sync\request_builder.py", line 53, in execute
    raise APIError(dict(json_obj))
postgrest.exceptions.APIError: {'message': 'there is no unique or exclusion constraint matching the ON CONFLICT specification', 'code': '42P10', 'hint': None, 'details': None}
{
  "id": "subscriptions/49ce7e88-e929-4031-b5b2-c8b557e5da2d/providers/Microsoft.CostManagement/query/57e20e04-f5c0-488c-8b17-eb3e97d564a1",
  "name": "57e20e04-f5c0-488c-8b17-eb3e97d564a1",
  "type": "Microsoft.CostManagement/query",
  "columns": [
    {
      "name": "PreTaxCost",
      "type": "Number"
    },
    {
      "name": "ServiceName",
      "type": "String"
    },
    {
      "name": "Currency",
      "type": "String"
    }
  ],
  "rows": [
    [
      0.000954421754367645,
      "Bandwidth",
      "INR"
    ],
    [
      228.813440938875,
      "Storage",
      "INR"
    ],
    [
      2968.14553204429,
      "Virtual Machines",
      "INR"
    ],
    [
      156.692885703124,
      "Virtual Network",
      "INR"
    ]
  ]
}
Azure rows fetched: 4
Prepared Azure records:
[{'cloud': 'azure', 'account_name': 'azure-main', 'service_name': 'Bandwidth', 'region': 'global', 'resource_id': None, 'usage_date': '2026-05-15', 'usage_quantity': 0, 'cost': 0.000954421754367645, 'currency': 'USD', 'environment': None, 'application': None, 'tags': None}, {'cloud': 'azure', 'account_name': 'azure-main', 'service_name': 'Storage', 'region': 'global', 'resource_id': None, 'usage_date': '2026-05-15', 'usage_quantity': 0, 'cost': 228.813440938875, 'currency': 'USD', 'environment': None, 'application': None, 'tags': None}, {'cloud': 'azure', 'account_name': 'azure-main', 'service_name': 'Virtual Machines', 'region': 'global', 'resource_id': None, 'usage_date': '2026-05-15', 'usage_quantity': 0, 'cost': 2968.14553204429, 'currency': 'USD', 'environment': None, 'application': None, 'tags': None}]
Traceback (most recent call last):
  File "C:\Users\SrikanthMudaliar\AI-Cloud-Advisor\azure_cost_sync.py", line 130, in <module>
    .execute()
     ^^^^^^^^^
  File "C:\Users\SrikanthMudaliar\AppData\Local\Programs\Python\Python312\Lib\site-packages\postgrest\_sync\request_builder.py", line 53, in execute
    raise APIError(dict(json_obj))
postgrest.exceptions.APIError: {'message': 'there is no unique or exclusion constraint matching the ON CONFLICT specification', 'code': '42P10', 'hint': None, 'details': None}
{
  "id": "subscriptions/49ce7e88-e929-4031-b5b2-c8b557e5da2d/providers/Microsoft.CostManagement/query/70cb384a-4722-47cc-af4f-782e8675e1c4",
  "name": "70cb384a-4722-47cc-af4f-782e8675e1c4",
  "type": "Microsoft.CostManagement/query",
  "columns": [
    {
      "name": "PreTaxCost",
      "type": "Number"
    },
    {
      "name": "ServiceName",
      "type": "String"
    },
    {
      "name": "Currency",
      "type": "String"
    }
  ],
  "rows": [
    [
      0.000960508142597969,
      "Bandwidth",
      "INR"
    ],
    [
      229.785013001859,
      "Storage",
      "INR"
    ],
    [
      2986.10979454429,
      "Virtual Machines",
      "INR"
    ],
    [
      157.638373203124,
      "Virtual Network",
      "INR"
    ]
  ]
}
Azure rows fetched: 4
Prepared Azure records:
[{'cloud': 'azure', 'account_name': 'azure-main', 'service_name': 'Bandwidth', 'region': 'global', 'resource_id': None, 'usage_date': '2026-05-15', 'usage_quantity': 0, 'cost': 0.000960508142597969, 'currency': 'USD', 'environment': None, 'application': None, 'tags': None}, {'cloud': 'azure', 'account_name': 'azure-main', 'service_name': 'Storage', 'region': 'global', 'resource_id': None, 'usage_date': '2026-05-15', 'usage_quantity': 0, 'cost': 229.785013001859, 'currency': 'USD', 'environment': None, 'application': None, 'tags': None}, {'cloud': 'azure', 'account_name': 'azure-main', 'service_name': 'Virtual Machines', 'region': 'global', 'resource_id': None, 'usage_date': '2026-05-15', 'usage_quantity': 0, 'cost': 2986.10979454429, 'currency': 'USD', 'environment': None, 'application': None, 'tags': None}]
Traceback (most recent call last):
  File "C:\Users\SrikanthMudaliar\AI-Cloud-Advisor\azure_cost_sync.py", line 130, in <module>
    .execute()
     ^^^^^^^^^
  File "C:\Users\SrikanthMudaliar\AppData\Local\Programs\Python\Python312\Lib\site-packages\postgrest\_sync\request_builder.py", line 53, in execute
    raise APIError(dict(json_obj))
postgrest.exceptions.APIError: {'message': 'there is no unique or exclusion constraint matching the ON CONFLICT specification', 'code': '42P10', 'hint': None, 'details': None}
{
  "id": "subscriptions/49ce7e88-e929-4031-b5b2-c8b557e5da2d/providers/Microsoft.CostManagement/query/e5a36fe6-1f19-49d8-a097-803646dc32db",
  "name": "e5a36fe6-1f19-49d8-a097-803646dc32db",
  "type": "Microsoft.CostManagement/query",
  "columns": [
    {
      "name": "PreTaxCost",
      "type": "Number"
    },
    {
      "name": "ServiceName",
      "type": "String"
    },
    {
      "name": "Currency",
      "type": "String"
    }
  ],
  "rows": [
    [
      0.000960508142597969,
      "Bandwidth",
      "INR"
    ],
    [
      229.785013001859,
      "Storage",
      "INR"
    ],
    [
      2986.10979454429,
      "Virtual Machines",
      "INR"
    ],
    [
      157.638373203124,
      "Virtual Network",
      "INR"
    ]
  ]
}
Azure rows fetched: 4
Prepared Azure records:
[{'cloud': 'azure', 'account_name': 'azure-main', 'service_name': 'Bandwidth', 'region': 'global', 'resource_id': None, 'usage_date': '2026-05-15', 'usage_quantity': 0, 'cost': 0.000960508142597969, 'currency': 'USD', 'environment': None, 'application': None, 'tags': None}, {'cloud': 'azure', 'account_name': 'azure-main', 'service_name': 'Storage', 'region': 'global', 'resource_id': None, 'usage_date': '2026-05-15', 'usage_quantity': 0, 'cost': 229.785013001859, 'currency': 'USD', 'environment': None, 'application': None, 'tags': None}, {'cloud': 'azure', 'account_name': 'azure-main', 'service_name': 'Virtual Machines', 'region': 'global', 'resource_id': None, 'usage_date': '2026-05-15', 'usage_quantity': 0, 'cost': 2986.10979454429, 'currency': 'USD', 'environment': None, 'application': None, 'tags': None}]
Traceback (most recent call last):
  File "C:\Users\SrikanthMudaliar\AI-Cloud-Advisor\azure_cost_sync.py", line 130, in <module>
    .execute()
     ^^^^^^^^^
  File "C:\Users\SrikanthMudaliar\AppData\Local\Programs\Python\Python312\Lib\site-packages\postgrest\_sync\request_builder.py", line 53, in execute
    raise APIError(dict(json_obj))
postgrest.exceptions.APIError: {'message': 'there is no unique or exclusion constraint matching the ON CONFLICT specification', 'code': '42P10', 'hint': None, 'details': None}
{
  "id": "subscriptions/49ce7e88-e929-4031-b5b2-c8b557e5da2d/providers/Microsoft.CostManagement/query/bf50de25-cc5a-4c91-9d02-bbeabcf21bd5",
  "name": "bf50de25-cc5a-4c91-9d02-bbeabcf21bd5",
  "type": "Microsoft.CostManagement/query",
  "columns": [
    {
      "name": "PreTaxCost",
      "type": "Number"
    },
    {
      "name": "ServiceName",
      "type": "String"
    },
    {
      "name": "Currency",
      "type": "String"
    }
  ],
  "rows": [
    [
      0.00101794843152165,
      "Bandwidth",
      "INR"
    ],
    [
      244.706143049379,
      "Storage",
      "INR"
    ],
    [
      3165.75241954429,
      "Virtual Machines",
      "INR"
    ],
    [
      167.093248203124,
      "Virtual Network",
      "INR"
    ]
  ]
}
Azure rows fetched: 4
Prepared Azure records:
[{'cloud': 'azure', 'account_name': 'azure-main', 'service_name': 'Bandwidth', 'region': 'global', 'resource_id': None, 'usage_date': '2026-05-16', 'usage_quantity': 0, 'cost': 0.00101794843152165, 'currency': 'USD', 'environment': None, 'application': None, 'tags': None}, {'cloud': 'azure', 'account_name': 'azure-main', 'service_name': 'Storage', 'region': 'global', 'resource_id': None, 'usage_date': '2026-05-16', 'usage_quantity': 0, 'cost': 244.706143049379, 'currency': 'USD', 'environment': None, 'application': None, 'tags': None}, {'cloud': 'azure', 'account_name': 'azure-main', 'service_name': 'Virtual Machines', 'region': 'global', 'resource_id': None, 'usage_date': '2026-05-16', 'usage_quantity': 0, 'cost': 3165.75241954429, 'currency': 'USD', 'environment': None, 'application': None, 'tags': None}]
Traceback (most recent call last):
  File "C:\Users\SrikanthMudaliar\AI-Cloud-Advisor\azure_cost_sync.py", line 152, in <module>
    .execute()
     ^^^^^^^^^
  File "C:\Users\SrikanthMudaliar\AppData\Local\Programs\Python\Python312\Lib\site-packages\postgrest\_sync\request_builder.py", line 53, in execute
    raise APIError(dict(json_obj))
postgrest.exceptions.APIError: {'message': 'there is no unique or exclusion constraint matching the ON CONFLICT specification', 'code': '42P10', 'hint': None, 'details': None}
{
  "id": "subscriptions/49ce7e88-e929-4031-b5b2-c8b557e5da2d/providers/Microsoft.CostManagement/query/c6e5f355-aee4-4dba-aed4-d5b8f968f3b1",
  "name": "c6e5f355-aee4-4dba-aed4-d5b8f968f3b1",
  "type": "Microsoft.CostManagement/query",
  "columns": [
    {
      "name": "PreTaxCost",
      "type": "Number"
    },
    {
      "name": "ServiceName",
      "type": "String"
    },
    {
      "name": "Currency",
      "type": "String"
    }
  ],
  "rows": [
    [
      0.00101794843152165,
      "Bandwidth",
      "INR"
    ],
    [
      244.706143049379,
      "Storage",
      "INR"
    ],
    [
      3165.75241954429,
      "Virtual Machines",
      "INR"
    ],
    [
      167.093248203124,
      "Virtual Network",
      "INR"
    ]
  ]
}
Azure rows fetched: 4
Prepared Azure records:
[{'cloud': 'azure', 'account_name': 'azure-main', 'service_name': 'Bandwidth', 'region': 'global', 'resource_id': None, 'usage_date': '2026-05-16', 'usage_quantity': 0, 'cost': 0.00101794843152165, 'currency': 'USD', 'environment': None, 'application': None, 'tags': None}, {'cloud': 'azure', 'account_name': 'azure-main', 'service_name': 'Storage', 'region': 'global', 'resource_id': None, 'usage_date': '2026-05-16', 'usage_quantity': 0, 'cost': 244.706143049379, 'currency': 'USD', 'environment': None, 'application': None, 'tags': None}, {'cloud': 'azure', 'account_name': 'azure-main', 'service_name': 'Virtual Machines', 'region': 'global', 'resource_id': None, 'usage_date': '2026-05-16', 'usage_quantity': 0, 'cost': 3165.75241954429, 'currency': 'USD', 'environment': None, 'application': None, 'tags': None}]
Traceback (most recent call last):
  File "C:\Users\SrikanthMudaliar\AI-Cloud-Advisor\azure_cost_sync.py", line 152, in <module>
    .execute()
     ^^^^^^^^^
  File "C:\Users\SrikanthMudaliar\AppData\Local\Programs\Python\Python312\Lib\site-packages\postgrest\_sync\request_builder.py", line 53, in execute
    raise APIError(dict(json_obj))
postgrest.exceptions.APIError: {'message': 'there is no unique or exclusion constraint matching the ON CONFLICT specification', 'code': '42P10', 'hint': None, 'details': None}
{
  "id": "subscriptions/49ce7e88-e929-4031-b5b2-c8b557e5da2d/providers/Microsoft.CostManagement/query/42d37e32-dcaa-44d1-9948-a0193c19b232",
  "name": "42d37e32-dcaa-44d1-9948-a0193c19b232",
  "type": "Microsoft.CostManagement/query",
  "columns": [
    {
      "name": "PreTaxCost",
      "type": "Number"
    },
    {
      "name": "ServiceName",
      "type": "String"
    },
    {
      "name": "Currency",
      "type": "String"
    }
  ],
  "rows": [
    [
      0.00102479561828076,
      "Bandwidth",
      "INR"
    ],
    [
      246.869140702971,
      "Storage",
      "INR"
    ],
    [
      3183.71668204429,
      "Virtual Machines",
      "INR"
    ],
    [
      168.038735703124,
      "Virtual Network",
      "INR"
    ]
  ]
}
Azure rows fetched: 4
Prepared Azure records:
[{'cloud': 'azure', 'account_name': 'azure-main', 'service_name': 'Bandwidth', 'region': 'global', 'resource_id': None, 'usage_date': '2026-05-16', 'usage_quantity': 0, 'cost': 0.00102479561828076, 'currency': 'USD', 'environment': None, 'application': None, 'tags': None}, {'cloud': 'azure', 'account_name': 'azure-main', 'service_name': 'Storage', 'region': 'global', 'resource_id': None, 'usage_date': '2026-05-16', 'usage_quantity': 0, 'cost': 246.869140702971, 'currency': 'USD', 'environment': None, 'application': None, 'tags': None}, {'cloud': 'azure', 'account_name': 'azure-main', 'service_name': 'Virtual Machines', 'region': 'global', 'resource_id': None, 'usage_date': '2026-05-16', 'usage_quantity': 0, 'cost': 3183.71668204429, 'currency': 'USD', 'environment': None, 'application': None, 'tags': None}]
Traceback (most recent call last):
  File "C:\Users\SrikanthMudaliar\AI-Cloud-Advisor\azure_cost_sync.py", line 152, in <module>
    .execute()
     ^^^^^^^^^
  File "C:\Users\SrikanthMudaliar\AppData\Local\Programs\Python\Python312\Lib\site-packages\postgrest\_sync\request_builder.py", line 53, in execute
    raise APIError(dict(json_obj))
postgrest.exceptions.APIError: {'message': 'there is no unique or exclusion constraint matching the ON CONFLICT specification', 'code': '42P10', 'hint': None, 'details': None}
Traceback (most recent call last):
  File "C:\Users\SrikanthMudaliar\AI-Cloud-Advisor\azure_cost_sync.py", line 52, in <module>
    query_result = cost_client.query.usage(
                   ^^^^^^^^^^^^^^^^^^^^^^^^
  File "C:\Users\SrikanthMudaliar\AppData\Local\Programs\Python\Python312\Lib\site-packages\azure\core\tracing\decorator.py", line 119, in wrapper_use_tracer
    return func(*args, **kwargs)
           ^^^^^^^^^^^^^^^^^^^^^
  File "C:\Users\SrikanthMudaliar\AppData\Local\Programs\Python\Python312\Lib\site-packages\azure\mgmt\costmanagement\operations\_query_operations.py", line 278, in usage
    raise HttpResponseError(response=response, model=error, error_format=ARMErrorFormat)
azure.core.exceptions.HttpResponseError: (429) Too many requests. Please retry.
Code: 429
Message: Too many requests. Please retry.
{
  "id": "subscriptions/49ce7e88-e929-4031-b5b2-c8b557e5da2d/providers/Microsoft.CostManagement/query/d428703d-f9e1-46e8-a475-3f47ef7510e2",
  "name": "d428703d-f9e1-46e8-a475-3f47ef7510e2",
  "type": "Microsoft.CostManagement/query",
  "columns": [
    {
      "name": "PreTaxCost",
      "type": "Number"
    },
    {
      "name": "ServiceName",
      "type": "String"
    },
    {
      "name": "Currency",
      "type": "String"
    }
  ],
  "rows": [
    [
      0.00104495677929371,
      "Bandwidth",
      "INR"
    ],
    [
      252.837592721979,
      "Storage",
      "INR"
    ],
    [
      3255.57373204429,
      "Virtual Machines",
      "INR"
    ],
    [
      171.820685703124,
      "Virtual Network",
      "INR"
    ]
  ]
}
Azure rows fetched: 4
Prepared Azure records:
[{'cloud': 'azure', 'account_name': 'azure-main', 'service_name': 'Bandwidth', 'region': 'global', 'resource_id': None, 'usage_date': '2026-05-16', 'usage_quantity': 0, 'cost': 0.00104495677929371, 'currency': 'USD', 'environment': None, 'application': None, 'tags': None}, {'cloud': 'azure', 'account_name': 'azure-main', 'service_name': 'Storage', 'region': 'global', 'resource_id': None, 'usage_date': '2026-05-16', 'usage_quantity': 0, 'cost': 252.837592721979, 'currency': 'USD', 'environment': None, 'application': None, 'tags': None}, {'cloud': 'azure', 'account_name': 'azure-main', 'service_name': 'Virtual Machines', 'region': 'global', 'resource_id': None, 'usage_date': '2026-05-16', 'usage_quantity': 0, 'cost': 3255.57373204429, 'currency': 'USD', 'environment': None, 'application': None, 'tags': None}]
Traceback (most recent call last):
  File "C:\Users\SrikanthMudaliar\AI-Cloud-Advisor\azure_cost_sync.py", line 152, in <module>
    .execute()
     ^^^^^^^^^
  File "C:\Users\SrikanthMudaliar\AppData\Local\Programs\Python\Python312\Lib\site-packages\postgrest\_sync\request_builder.py", line 53, in execute
    raise APIError(dict(json_obj))
postgrest.exceptions.APIError: {'message': 'there is no unique or exclusion constraint matching the ON CONFLICT specification', 'code': '42P10', 'hint': None, 'details': None}
Traceback (most recent call last):
  File "C:\Users\SrikanthMudaliar\AI-Cloud-Advisor\azure_cost_sync.py", line 52, in <module>
    query_result = cost_client.query.usage(
                   ^^^^^^^^^^^^^^^^^^^^^^^^
  File "C:\Users\SrikanthMudaliar\AppData\Local\Programs\Python\Python312\Lib\site-packages\azure\core\tracing\decorator.py", line 119, in wrapper_use_tracer
    return func(*args, **kwargs)
           ^^^^^^^^^^^^^^^^^^^^^
  File "C:\Users\SrikanthMudaliar\AppData\Local\Programs\Python\Python312\Lib\site-packages\azure\mgmt\costmanagement\operations\_query_operations.py", line 278, in usage
    raise HttpResponseError(response=response, model=error, error_format=ARMErrorFormat)
azure.core.exceptions.HttpResponseError: (429) Too many requests. Please retry.
Code: 429
Message: Too many requests. Please retry.
{
  "id": "subscriptions/49ce7e88-e929-4031-b5b2-c8b557e5da2d/providers/Microsoft.CostManagement/query/46016e74-f4c3-4aa7-be8e-d8a450718aa1",
  "name": "46016e74-f4c3-4aa7-be8e-d8a450718aa1",
  "type": "Microsoft.CostManagement/query",
  "columns": [
    {
      "name": "PreTaxCost",
      "type": "Number"
    },
    {
      "name": "ServiceName",
      "type": "String"
    },
    {
      "name": "Currency",
      "type": "String"
    }
  ],
  "rows": [
    [
      0.00107424752265214,
      "Bandwidth",
      "INR"
    ],
    [
      261.865442604027,
      "Storage",
      "INR"
    ],
    [
      3363.35930704429,
      "Virtual Machines",
      "INR"
    ],
    [
      177.493610703124,
      "Virtual Network",
      "INR"
    ]
  ]
}
Azure rows fetched: 4
Prepared Azure records:
[{'cloud': 'azure', 'account_name': 'azure-main', 'service_name': 'Bandwidth', 'region': 'global', 'resource_id': None, 'usage_date': '2026-05-17', 'usage_quantity': 0, 'cost': 0.00107424752265214, 'currency': 'USD', 'environment': None, 'application': None, 'tags': None}, {'cloud': 'azure', 'account_name': 'azure-main', 'service_name': 'Storage', 'region': 'global', 'resource_id': None, 'usage_date': '2026-05-17', 'usage_quantity': 0, 'cost': 261.865442604027, 'currency': 'USD', 'environment': None, 'application': None, 'tags': None}, {'cloud': 'azure', 'account_name': 'azure-main', 'service_name': 'Virtual Machines', 'region': 'global', 'resource_id': None, 'usage_date': '2026-05-17', 'usage_quantity': 0, 'cost': 3363.35930704429, 'currency': 'USD', 'environment': None, 'application': None, 'tags': None}]
Traceback (most recent call last):
  File "C:\Users\SrikanthMudaliar\AI-Cloud-Advisor\azure_cost_sync.py", line 152, in <module>
    .execute()
     ^^^^^^^^^
  File "C:\Users\SrikanthMudaliar\AppData\Local\Programs\Python\Python312\Lib\site-packages\postgrest\_sync\request_builder.py", line 53, in execute
    raise APIError(dict(json_obj))
postgrest.exceptions.APIError: {'message': 'there is no unique or exclusion constraint matching the ON CONFLICT specification', 'code': '42P10', 'hint': None, 'details': None}
{
  "id": "subscriptions/49ce7e88-e929-4031-b5b2-c8b557e5da2d/providers/Microsoft.CostManagement/query/df1238b2-b1af-401a-b730-aeeade94cf08",
  "name": "df1238b2-b1af-401a-b730-aeeade94cf08",
  "type": "Microsoft.CostManagement/query",
  "columns": [
    {
      "name": "PreTaxCost",
      "type": "Number"
    },
    {
      "name": "ServiceName",
      "type": "String"
    },
    {
      "name": "Currency",
      "type": "String"
    }
  ],
  "rows": [
    [
      0.00107424752265214,
      "Bandwidth",
      "INR"
    ],
    [
      261.865442604027,
      "Storage",
      "INR"
    ],
    [
      3363.35930704429,
      "Virtual Machines",
      "INR"
    ],
    [
      177.493610703124,
      "Virtual Network",
      "INR"
    ]
  ]
}
Azure rows fetched: 4
Prepared Azure records:
[{'cloud': 'azure', 'account_name': 'azure-main', 'service_name': 'Bandwidth', 'region': 'global', 'resource_id': None, 'usage_date': '2026-05-17', 'usage_quantity': 0, 'cost': 0.00107424752265214, 'currency': 'USD', 'environment': None, 'application': None, 'tags': None}, {'cloud': 'azure', 'account_name': 'azure-main', 'service_name': 'Storage', 'region': 'global', 'resource_id': None, 'usage_date': '2026-05-17', 'usage_quantity': 0, 'cost': 261.865442604027, 'currency': 'USD', 'environment': None, 'application': None, 'tags': None}, {'cloud': 'azure', 'account_name': 'azure-main', 'service_name': 'Virtual Machines', 'region': 'global', 'resource_id': None, 'usage_date': '2026-05-17', 'usage_quantity': 0, 'cost': 3363.35930704429, 'currency': 'USD', 'environment': None, 'application': None, 'tags': None}]
Traceback (most recent call last):
  File "C:\Users\SrikanthMudaliar\AI-Cloud-Advisor\azure_cost_sync.py", line 152, in <module>
    .execute()
     ^^^^^^^^^
  File "C:\Users\SrikanthMudaliar\AppData\Local\Programs\Python\Python312\Lib\site-packages\postgrest\_sync\request_builder.py", line 53, in execute
    raise APIError(dict(json_obj))
postgrest.exceptions.APIError: {'message': 'there is no unique or exclusion constraint matching the ON CONFLICT specification', 'code': '42P10', 'hint': None, 'details': None}
{
  "id": "subscriptions/49ce7e88-e929-4031-b5b2-c8b557e5da2d/providers/Microsoft.CostManagement/query/9c92204b-ce9e-4cc5-91bc-76ad983a2bcc",
  "name": "9c92204b-ce9e-4cc5-91bc-76ad983a2bcc",
  "type": "Microsoft.CostManagement/query",
  "columns": [
    {
      "name": "PreTaxCost",
      "type": "Number"
    },
    {
      "name": "ServiceName",
      "type": "String"
    },
    {
      "name": "Currency",
      "type": "String"
    }
  ],
  "rows": [
    [
      0.00107424752265214,
      "Bandwidth",
      "INR"
    ],
    [
      261.865442604027,
      "Storage",
      "INR"
    ],
    [
      3363.35930704429,
      "Virtual Machines",
      "INR"
    ],
    [
      177.493610703124,
      "Virtual Network",
      "INR"
    ]
  ]
}
Azure rows fetched: 4
Prepared Azure records:
[{'cloud': 'azure', 'account_name': 'azure-main', 'service_name': 'Bandwidth', 'region': 'global', 'resource_id': None, 'usage_date': '2026-05-17', 'usage_quantity': 0, 'cost': 0.00107424752265214, 'currency': 'USD', 'environment': None, 'application': None, 'tags': None}, {'cloud': 'azure', 'account_name': 'azure-main', 'service_name': 'Storage', 'region': 'global', 'resource_id': None, 'usage_date': '2026-05-17', 'usage_quantity': 0, 'cost': 261.865442604027, 'currency': 'USD', 'environment': None, 'application': None, 'tags': None}, {'cloud': 'azure', 'account_name': 'azure-main', 'service_name': 'Virtual Machines', 'region': 'global', 'resource_id': None, 'usage_date': '2026-05-17', 'usage_quantity': 0, 'cost': 3363.35930704429, 'currency': 'USD', 'environment': None, 'application': None, 'tags': None}]
Traceback (most recent call last):
  File "C:\Users\SrikanthMudaliar\AI-Cloud-Advisor\azure_cost_sync.py", line 152, in <module>
    .execute()
     ^^^^^^^^^
  File "C:\Users\SrikanthMudaliar\AppData\Local\Programs\Python\Python312\Lib\site-packages\postgrest\_sync\request_builder.py", line 53, in execute
    raise APIError(dict(json_obj))
postgrest.exceptions.APIError: {'message': 'there is no unique or exclusion constraint matching the ON CONFLICT specification', 'code': '42P10', 'hint': None, 'details': None}
{
  "id": "subscriptions/49ce7e88-e929-4031-b5b2-c8b557e5da2d/providers/Microsoft.CostManagement/query/0d27ec12-704b-4afd-a1b6-25a4278745cb",
  "name": "0d27ec12-704b-4afd-a1b6-25a4278745cb",
  "type": "Microsoft.CostManagement/query",
  "columns": [
    {
      "name": "PreTaxCost",
      "type": "Number"
    },
    {
      "name": "ServiceName",
      "type": "String"
    },
    {
      "name": "Currency",
      "type": "String"
    }
  ],
  "rows": [
    [
      0.00107957311235368,
      "Bandwidth",
      "INR"
    ],
    [
      264.028440257619,
      "Storage",
      "INR"
    ],
    [
      3381.32356954429,
      "Virtual Machines",
      "INR"
    ],
    [
      178.911841953124,
      "Virtual Network",
      "INR"
    ]
  ]
}
Azure rows fetched: 4
Prepared Azure records:
[{'cloud': 'azure', 'account_name': 'azure-main', 'service_name': 'Bandwidth', 'region': 'global', 'resource_id': None, 'usage_date': '2026-05-17', 'usage_quantity': 0, 'cost': 0.00107957311235368, 'currency': 'USD', 'environment': None, 'application': None, 'tags': None}, {'cloud': 'azure', 'account_name': 'azure-main', 'service_name': 'Storage', 'region': 'global', 'resource_id': None, 'usage_date': '2026-05-17', 'usage_quantity': 0, 'cost': 264.028440257619, 'currency': 'USD', 'environment': None, 'application': None, 'tags': None}, {'cloud': 'azure', 'account_name': 'azure-main', 'service_name': 'Virtual Machines', 'region': 'global', 'resource_id': None, 'usage_date': '2026-05-17', 'usage_quantity': 0, 'cost': 3381.32356954429, 'currency': 'USD', 'environment': None, 'application': None, 'tags': None}]
Traceback (most recent call last):
  File "C:\Users\SrikanthMudaliar\AI-Cloud-Advisor\azure_cost_sync.py", line 152, in <module>
    .execute()
     ^^^^^^^^^
  File "C:\Users\SrikanthMudaliar\AppData\Local\Programs\Python\Python312\Lib\site-packages\postgrest\_sync\request_builder.py", line 53, in execute
    raise APIError(dict(json_obj))
postgrest.exceptions.APIError: {'message': 'there is no unique or exclusion constraint matching the ON CONFLICT specification', 'code': '42P10', 'hint': None, 'details': None}
{
  "id": "subscriptions/49ce7e88-e929-4031-b5b2-c8b557e5da2d/providers/Microsoft.CostManagement/query/6b8aa722-b4f3-4de0-9e5d-a89ecd394971",
  "name": "6b8aa722-b4f3-4de0-9e5d-a89ecd394971",
  "type": "Microsoft.CostManagement/query",
  "columns": [
    {
      "name": "PreTaxCost",
      "type": "Number"
    },
    {
      "name": "ServiceName",
      "type": "String"
    },
    {
      "name": "Currency",
      "type": "String"
    }
  ],
  "rows": [
    [
      0.00107957311235368,
      "Bandwidth",
      "INR"
    ],
    [
      264.028440257619,
      "Storage",
      "INR"
    ],
    [
      3381.32356954429,
      "Virtual Machines",
      "INR"
    ],
    [
      178.911841953124,
      "Virtual Network",
      "INR"
    ]
  ]
}
Azure rows fetched: 4
Prepared Azure records:
[{'cloud': 'azure', 'account_name': 'azure-main', 'service_name': 'Bandwidth', 'region': 'global', 'resource_id': None, 'usage_date': '2026-05-17', 'usage_quantity': 0, 'cost': 0.00107957311235368, 'currency': 'USD', 'environment': None, 'application': None, 'tags': None}, {'cloud': 'azure', 'account_name': 'azure-main', 'service_name': 'Storage', 'region': 'global', 'resource_id': None, 'usage_date': '2026-05-17', 'usage_quantity': 0, 'cost': 264.028440257619, 'currency': 'USD', 'environment': None, 'application': None, 'tags': None}, {'cloud': 'azure', 'account_name': 'azure-main', 'service_name': 'Virtual Machines', 'region': 'global', 'resource_id': None, 'usage_date': '2026-05-17', 'usage_quantity': 0, 'cost': 3381.32356954429, 'currency': 'USD', 'environment': None, 'application': None, 'tags': None}]
Traceback (most recent call last):
  File "C:\Users\SrikanthMudaliar\AI-Cloud-Advisor\azure_cost_sync.py", line 152, in <module>
    .execute()
     ^^^^^^^^^
  File "C:\Users\SrikanthMudaliar\AppData\Local\Programs\Python\Python312\Lib\site-packages\postgrest\_sync\request_builder.py", line 53, in execute
    raise APIError(dict(json_obj))
postgrest.exceptions.APIError: {'message': 'there is no unique or exclusion constraint matching the ON CONFLICT specification', 'code': '42P10', 'hint': None, 'details': None}
{
  "id": "subscriptions/49ce7e88-e929-4031-b5b2-c8b557e5da2d/providers/Microsoft.CostManagement/query/3680a285-b1ee-45c8-817e-03134c723296",
  "name": "3680a285-b1ee-45c8-817e-03134c723296",
  "type": "Microsoft.CostManagement/query",
  "columns": [
    {
      "name": "PreTaxCost",
      "type": "Number"
    },
    {
      "name": "ServiceName",
      "type": "String"
    },
    {
      "name": "Currency",
      "type": "String"
    }
  ],
  "rows": [
    [
      0.00107957311235368,
      "Bandwidth",
      "INR"
    ],
    [
      264.028440257619,
      "Storage",
      "INR"
    ],
    [
      3381.32356954429,
      "Virtual Machines",
      "INR"
    ],
    [
      178.911841953124,
      "Virtual Network",
      "INR"
    ]
  ]
}
Azure rows fetched: 4
Prepared Azure records:
[{'cloud': 'azure', 'account_name': 'azure-main', 'service_name': 'Bandwidth', 'region': 'global', 'resource_id': None, 'usage_date': '2026-05-17', 'usage_quantity': 0, 'cost': 0.00107957311235368, 'currency': 'USD', 'environment': None, 'application': None, 'tags': None}, {'cloud': 'azure', 'account_name': 'azure-main', 'service_name': 'Storage', 'region': 'global', 'resource_id': None, 'usage_date': '2026-05-17', 'usage_quantity': 0, 'cost': 264.028440257619, 'currency': 'USD', 'environment': None, 'application': None, 'tags': None}, {'cloud': 'azure', 'account_name': 'azure-main', 'service_name': 'Virtual Machines', 'region': 'global', 'resource_id': None, 'usage_date': '2026-05-17', 'usage_quantity': 0, 'cost': 3381.32356954429, 'currency': 'USD', 'environment': None, 'application': None, 'tags': None}]
Traceback (most recent call last):
  File "C:\Users\SrikanthMudaliar\AI-Cloud-Advisor\azure_cost_sync.py", line 152, in <module>
    .execute()
     ^^^^^^^^^
  File "C:\Users\SrikanthMudaliar\AppData\Local\Programs\Python\Python312\Lib\site-packages\postgrest\_sync\request_builder.py", line 53, in execute
    raise APIError(dict(json_obj))
postgrest.exceptions.APIError: {'message': 'there is no unique or exclusion constraint matching the ON CONFLICT specification', 'code': '42P10', 'hint': None, 'details': None}
{
  "id": "subscriptions/49ce7e88-e929-4031-b5b2-c8b557e5da2d/providers/Microsoft.CostManagement/query/7e17b251-1638-4986-99f8-5e34d849b965",
  "name": "7e17b251-1638-4986-99f8-5e34d849b965",
  "type": "Microsoft.CostManagement/query",
  "columns": [
    {
      "name": "PreTaxCost",
      "type": "Number"
    },
    {
      "name": "ServiceName",
      "type": "String"
    },
    {
      "name": "Currency",
      "type": "String"
    }
  ],
  "rows": [
    [
      0.00107957311235368,
      "Bandwidth",
      "INR"
    ],
    [
      264.028440257619,
      "Storage",
      "INR"
    ],
    [
      3381.32356954429,
      "Virtual Machines",
      "INR"
    ],
    [
      178.911841953124,
      "Virtual Network",
      "INR"
    ]
  ]
}
Azure rows fetched: 4
Prepared Azure records:
[{'cloud': 'azure', 'account_name': 'azure-main', 'service_name': 'Bandwidth', 'region': 'global', 'resource_id': None, 'usage_date': '2026-05-17', 'usage_quantity': 0, 'cost': 0.00107957311235368, 'currency': 'USD', 'environment': None, 'application': None, 'tags': None}, {'cloud': 'azure', 'account_name': 'azure-main', 'service_name': 'Storage', 'region': 'global', 'resource_id': None, 'usage_date': '2026-05-17', 'usage_quantity': 0, 'cost': 264.028440257619, 'currency': 'USD', 'environment': None, 'application': None, 'tags': None}, {'cloud': 'azure', 'account_name': 'azure-main', 'service_name': 'Virtual Machines', 'region': 'global', 'resource_id': None, 'usage_date': '2026-05-17', 'usage_quantity': 0, 'cost': 3381.32356954429, 'currency': 'USD', 'environment': None, 'application': None, 'tags': None}]
Traceback (most recent call last):
  File "C:\Users\SrikanthMudaliar\AI-Cloud-Advisor\azure_cost_sync.py", line 152, in <module>
    .execute()
     ^^^^^^^^^
  File "C:\Users\SrikanthMudaliar\AppData\Local\Programs\Python\Python312\Lib\site-packages\postgrest\_sync\request_builder.py", line 53, in execute
    raise APIError(dict(json_obj))
postgrest.exceptions.APIError: {'message': 'there is no unique or exclusion constraint matching the ON CONFLICT specification', 'code': '42P10', 'hint': None, 'details': None}
{
  "id": "subscriptions/49ce7e88-e929-4031-b5b2-c8b557e5da2d/providers/Microsoft.CostManagement/query/f6eb43dd-bc09-40b8-89e2-5c12de83cc34",
  "name": "f6eb43dd-bc09-40b8-89e2-5c12de83cc34",
  "type": "Microsoft.CostManagement/query",
  "columns": [
    {
      "name": "PreTaxCost",
      "type": "Number"
    },
    {
      "name": "ServiceName",
      "type": "String"
    },
    {
      "name": "Currency",
      "type": "String"
    }
  ],
  "rows": [
    [
      0.00108718109764158,
      "Bandwidth",
      "INR"
    ],
    [
      265.595725115907,
      "Storage",
      "INR"
    ],
    [
      3417.25209454429,
      "Virtual Machines",
      "INR"
    ],
    [
      180.330073203124,
      "Virtual Network",
      "INR"
    ]
  ]
}
Azure rows fetched: 4
Prepared Azure records:
[{'cloud': 'azure', 'account_name': 'azure-main', 'service_name': 'Bandwidth', 'region': 'global', 'resource_id': None, 'usage_date': '2026-05-17', 'usage_quantity': 0, 'cost': 0.00108718109764158, 'currency': 'USD', 'environment': None, 'application': None, 'tags': None}, {'cloud': 'azure', 'account_name': 'azure-main', 'service_name': 'Storage', 'region': 'global', 'resource_id': None, 'usage_date': '2026-05-17', 'usage_quantity': 0, 'cost': 265.595725115907, 'currency': 'USD', 'environment': None, 'application': None, 'tags': None}, {'cloud': 'azure', 'account_name': 'azure-main', 'service_name': 'Virtual Machines', 'region': 'global', 'resource_id': None, 'usage_date': '2026-05-17', 'usage_quantity': 0, 'cost': 3417.25209454429, 'currency': 'USD', 'environment': None, 'application': None, 'tags': None}]
Traceback (most recent call last):
  File "C:\Users\SrikanthMudaliar\AI-Cloud-Advisor\azure_cost_sync.py", line 152, in <module>
    .execute()
     ^^^^^^^^^
  File "C:\Users\SrikanthMudaliar\AppData\Local\Programs\Python\Python312\Lib\site-packages\postgrest\_sync\request_builder.py", line 53, in execute
    raise APIError(dict(json_obj))
postgrest.exceptions.APIError: {'message': 'there is no unique or exclusion constraint matching the ON CONFLICT specification', 'code': '42P10', 'hint': None, 'details': None}
{
  "id": "subscriptions/49ce7e88-e929-4031-b5b2-c8b557e5da2d/providers/Microsoft.CostManagement/query/71c0a96a-b549-41a0-9caf-2299a6e548ae",
  "name": "71c0a96a-b549-41a0-9caf-2299a6e548ae",
  "type": "Microsoft.CostManagement/query",
  "columns": [
    {
      "name": "PreTaxCost",
      "type": "Number"
    },
    {
      "name": "ServiceName",
      "type": "String"
    },
    {
      "name": "Currency",
      "type": "String"
    }
  ],
  "rows": [
    [
      0.00109212628807872,
      "Bandwidth",
      "INR"
    ],
    [
      267.833894623035,
      "Storage",
      "INR"
    ],
    [
      3435.21635704429,
      "Virtual Machines",
      "INR"
    ],
    [
      181.275560703124,
      "Virtual Network",
      "INR"
    ]
  ]
}
Azure rows fetched: 4
Prepared Azure records:
[{'cloud': 'azure', 'account_name': 'azure-main', 'service_name': 'Bandwidth', 'region': 'global', 'resource_id': None, 'usage_date': '2026-05-17', 'usage_quantity': 0, 'cost': 0.00109212628807872, 'currency': 'USD', 'environment': None, 'application': None, 'tags': None}, {'cloud': 'azure', 'account_name': 'azure-main', 'service_name': 'Storage', 'region': 'global', 'resource_id': None, 'usage_date': '2026-05-17', 'usage_quantity': 0, 'cost': 267.833894623035, 'currency': 'USD', 'environment': None, 'application': None, 'tags': None}, {'cloud': 'azure', 'account_name': 'azure-main', 'service_name': 'Virtual Machines', 'region': 'global', 'resource_id': None, 'usage_date': '2026-05-17', 'usage_quantity': 0, 'cost': 3435.21635704429, 'currency': 'USD', 'environment': None, 'application': None, 'tags': None}]
Traceback (most recent call last):
  File "C:\Users\SrikanthMudaliar\AI-Cloud-Advisor\azure_cost_sync.py", line 152, in <module>
    .execute()
     ^^^^^^^^^
  File "C:\Users\SrikanthMudaliar\AppData\Local\Programs\Python\Python312\Lib\site-packages\postgrest\_sync\request_builder.py", line 53, in execute
    raise APIError(dict(json_obj))
postgrest.exceptions.APIError: {'message': 'there is no unique or exclusion constraint matching the ON CONFLICT specification', 'code': '42P10', 'hint': None, 'details': None}
{
  "id": "subscriptions/49ce7e88-e929-4031-b5b2-c8b557e5da2d/providers/Microsoft.CostManagement/query/ab7e20ca-9c83-40e1-ac75-24cb40b61ddd",
  "name": "ab7e20ca-9c83-40e1-ac75-24cb40b61ddd",
  "type": "Microsoft.CostManagement/query",
  "columns": [
    {
      "name": "PreTaxCost",
      "type": "Number"
    },
    {
      "name": "ServiceName",
      "type": "String"
    },
    {
      "name": "Currency",
      "type": "String"
    }
  ],
  "rows": [
    [
      0.00109212628807872,
      "Bandwidth",
      "INR"
    ],
    [
      267.833894623035,
      "Storage",
      "INR"
    ],
    [
      3435.21635704429,
      "Virtual Machines",
      "INR"
    ],
    [
      181.275560703124,
      "Virtual Network",
      "INR"
    ]
  ]
}
Azure rows fetched: 4
Prepared Azure records:
[{'cloud': 'azure', 'account_name': 'azure-main', 'service_name': 'Bandwidth', 'region': 'global', 'resource_id': None, 'usage_date': '2026-05-17', 'usage_quantity': 0, 'cost': 0.00109212628807872, 'currency': 'USD', 'environment': None, 'application': None, 'tags': None}, {'cloud': 'azure', 'account_name': 'azure-main', 'service_name': 'Storage', 'region': 'global', 'resource_id': None, 'usage_date': '2026-05-17', 'usage_quantity': 0, 'cost': 267.833894623035, 'currency': 'USD', 'environment': None, 'application': None, 'tags': None}, {'cloud': 'azure', 'account_name': 'azure-main', 'service_name': 'Virtual Machines', 'region': 'global', 'resource_id': None, 'usage_date': '2026-05-17', 'usage_quantity': 0, 'cost': 3435.21635704429, 'currency': 'USD', 'environment': None, 'application': None, 'tags': None}]
Traceback (most recent call last):
  File "C:\Users\SrikanthMudaliar\AI-Cloud-Advisor\azure_cost_sync.py", line 152, in <module>
    .execute()
     ^^^^^^^^^
  File "C:\Users\SrikanthMudaliar\AppData\Local\Programs\Python\Python312\Lib\site-packages\postgrest\_sync\request_builder.py", line 53, in execute
    raise APIError(dict(json_obj))
postgrest.exceptions.APIError: {'message': 'there is no unique or exclusion constraint matching the ON CONFLICT specification', 'code': '42P10', 'hint': None, 'details': None}
{
  "id": "subscriptions/49ce7e88-e929-4031-b5b2-c8b557e5da2d/providers/Microsoft.CostManagement/query/2b0fda36-0837-4acb-8c5c-3c7de19430f4",
  "name": "2b0fda36-0837-4acb-8c5c-3c7de19430f4",
  "type": "Microsoft.CostManagement/query",
  "columns": [
    {
      "name": "PreTaxCost",
      "type": "Number"
    },
    {
      "name": "ServiceName",
      "type": "String"
    },
    {
      "name": "Currency",
      "type": "String"
    }
  ],
  "rows": [
    [
      0.00109212628807872,
      "Bandwidth",
      "INR"
    ],
    [
      267.833894623035,
      "Storage",
      "INR"
    ],
    [
      3435.21635704429,
      "Virtual Machines",
      "INR"
    ],
    [
      181.275560703124,
      "Virtual Network",
      "INR"
    ]
  ]
}
Azure rows fetched: 4
Prepared Azure records:
[{'cloud': 'azure', 'account_name': 'azure-main', 'service_name': 'Bandwidth', 'region': 'global', 'resource_id': None, 'usage_date': '2026-05-17', 'usage_quantity': 0, 'cost': 0.00109212628807872, 'currency': 'USD', 'environment': None, 'application': None, 'tags': None}, {'cloud': 'azure', 'account_name': 'azure-main', 'service_name': 'Storage', 'region': 'global', 'resource_id': None, 'usage_date': '2026-05-17', 'usage_quantity': 0, 'cost': 267.833894623035, 'currency': 'USD', 'environment': None, 'application': None, 'tags': None}, {'cloud': 'azure', 'account_name': 'azure-main', 'service_name': 'Virtual Machines', 'region': 'global', 'resource_id': None, 'usage_date': '2026-05-17', 'usage_quantity': 0, 'cost': 3435.21635704429, 'currency': 'USD', 'environment': None, 'application': None, 'tags': None}]
Traceback (most recent call last):
  File "C:\Users\SrikanthMudaliar\AI-Cloud-Advisor\azure_cost_sync.py", line 152, in <module>
    .execute()
     ^^^^^^^^^
  File "C:\Users\SrikanthMudaliar\AppData\Local\Programs\Python\Python312\Lib\site-packages\postgrest\_sync\request_builder.py", line 53, in execute
    raise APIError(dict(json_obj))
postgrest.exceptions.APIError: {'message': 'there is no unique or exclusion constraint matching the ON CONFLICT specification', 'code': '42P10', 'hint': None, 'details': None}
{
  "id": "subscriptions/49ce7e88-e929-4031-b5b2-c8b557e5da2d/providers/Microsoft.CostManagement/query/8ddf6ec6-316a-4f61-ab40-1ea09428c499",
  "name": "8ddf6ec6-316a-4f61-ab40-1ea09428c499",
  "type": "Microsoft.CostManagement/query",
  "columns": [
    {
      "name": "PreTaxCost",
      "type": "Number"
    },
    {
      "name": "ServiceName",
      "type": "String"
    },
    {
      "name": "Currency",
      "type": "String"
    }
  ],
  "rows": [
    [
      0.00113244861010462,
      "Bandwidth",
      "INR"
    ],
    [
      279.695626807515,
      "Storage",
      "INR"
    ],
    [
      3578.93045704429,
      "Virtual Machines",
      "INR"
    ],
    [
      188.839460703124,
      "Virtual Network",
      "INR"
    ]
  ]
}
Azure rows fetched: 4
Prepared Azure records:
[{'cloud': 'azure', 'account_name': 'azure-main', 'service_name': 'Bandwidth', 'region': 'global', 'resource_id': None, 'usage_date': '2026-05-18', 'usage_quantity': 0, 'cost': 0.00113244861010462, 'currency': 'USD', 'environment': None, 'application': None, 'tags': None}, {'cloud': 'azure', 'account_name': 'azure-main', 'service_name': 'Storage', 'region': 'global', 'resource_id': None, 'usage_date': '2026-05-18', 'usage_quantity': 0, 'cost': 279.695626807515, 'currency': 'USD', 'environment': None, 'application': None, 'tags': None}, {'cloud': 'azure', 'account_name': 'azure-main', 'service_name': 'Virtual Machines', 'region': 'global', 'resource_id': None, 'usage_date': '2026-05-18', 'usage_quantity': 0, 'cost': 3578.93045704429, 'currency': 'USD', 'environment': None, 'application': None, 'tags': None}]
Traceback (most recent call last):
  File "C:\Users\SrikanthMudaliar\AI-Cloud-Advisor\azure_cost_sync.py", line 152, in <module>
    .execute()
     ^^^^^^^^^
  File "C:\Users\SrikanthMudaliar\AppData\Local\Programs\Python\Python312\Lib\site-packages\postgrest\_sync\request_builder.py", line 53, in execute
    raise APIError(dict(json_obj))
postgrest.exceptions.APIError: {'message': 'there is no unique or exclusion constraint matching the ON CONFLICT specification', 'code': '42P10', 'hint': None, 'details': None}
{
  "id": "subscriptions/49ce7e88-e929-4031-b5b2-c8b557e5da2d/providers/Microsoft.CostManagement/query/d4e7c441-ab22-4196-bad3-b172ed57cb9e",
  "name": "d4e7c441-ab22-4196-bad3-b172ed57cb9e",
  "type": "Microsoft.CostManagement/query",
  "columns": [
    {
      "name": "PreTaxCost",
      "type": "Number"
    },
    {
      "name": "ServiceName",
      "type": "String"
    },
    {
      "name": "Currency",
      "type": "String"
    }
  ],
  "rows": [
    [
      0.00113663300201296,
      "Bandwidth",
      "INR"
    ],
    [
      280.516855163427,
      "Storage",
      "INR"
    ],
    [
      3605.87685079429,
      "Virtual Machines",
      "INR"
    ],
    [
      189.784948203124,
      "Virtual Network",
      "INR"
    ]
  ]
}
Azure rows fetched: 4
Prepared Azure records:
[{'cloud': 'azure', 'account_name': 'azure-main', 'service_name': 'Bandwidth', 'region': 'global', 'resource_id': None, 'usage_date': '2026-05-18', 'usage_quantity': 0, 'cost': 0.00113663300201296, 'currency': 'USD', 'environment': None, 'application': None, 'tags': None}, {'cloud': 'azure', 'account_name': 'azure-main', 'service_name': 'Storage', 'region': 'global', 'resource_id': None, 'usage_date': '2026-05-18', 'usage_quantity': 0, 'cost': 280.516855163427, 'currency': 'USD', 'environment': None, 'application': None, 'tags': None}, {'cloud': 'azure', 'account_name': 'azure-main', 'service_name': 'Virtual Machines', 'region': 'global', 'resource_id': None, 'usage_date': '2026-05-18', 'usage_quantity': 0, 'cost': 3605.87685079429, 'currency': 'USD', 'environment': None, 'application': None, 'tags': None}]
Traceback (most recent call last):
  File "C:\Users\SrikanthMudaliar\AI-Cloud-Advisor\azure_cost_sync.py", line 152, in <module>
    .execute()
     ^^^^^^^^^
  File "C:\Users\SrikanthMudaliar\AppData\Local\Programs\Python\Python312\Lib\site-packages\postgrest\_sync\request_builder.py", line 53, in execute
    raise APIError(dict(json_obj))
postgrest.exceptions.APIError: {'message': 'there is no unique or exclusion constraint matching the ON CONFLICT specification', 'code': '42P10', 'hint': None, 'details': None}
{
  "id": "subscriptions/49ce7e88-e929-4031-b5b2-c8b557e5da2d/providers/Microsoft.CostManagement/query/939c1e38-7924-437e-938d-34995037b95a",
  "name": "939c1e38-7924-437e-938d-34995037b95a",
  "type": "Microsoft.CostManagement/query",
  "columns": [
    {
      "name": "PreTaxCost",
      "type": "Number"
    },
    {
      "name": "ServiceName",
      "type": "String"
    },
    {
      "name": "Currency",
      "type": "String"
    }
  ],
  "rows": [
    [
      0.00113663300201296,
      "Bandwidth",
      "INR"
    ],
    [
      280.516855163427,
      "Storage",
      "INR"
    ],
    [
      3605.87685079429,
      "Virtual Machines",
      "INR"
    ],
    [
      189.784948203124,
      "Virtual Network",
      "INR"
    ]
  ]
}
Azure rows fetched: 4
Prepared Azure records:
[{'cloud': 'azure', 'account_name': 'azure-main', 'service_name': 'Bandwidth', 'region': 'global', 'resource_id': None, 'usage_date': '2026-05-18', 'usage_quantity': 0, 'cost': 0.00113663300201296, 'currency': 'USD', 'environment': None, 'application': None, 'tags': None}, {'cloud': 'azure', 'account_name': 'azure-main', 'service_name': 'Storage', 'region': 'global', 'resource_id': None, 'usage_date': '2026-05-18', 'usage_quantity': 0, 'cost': 280.516855163427, 'currency': 'USD', 'environment': None, 'application': None, 'tags': None}, {'cloud': 'azure', 'account_name': 'azure-main', 'service_name': 'Virtual Machines', 'region': 'global', 'resource_id': None, 'usage_date': '2026-05-18', 'usage_quantity': 0, 'cost': 3605.87685079429, 'currency': 'USD', 'environment': None, 'application': None, 'tags': None}]
Traceback (most recent call last):
  File "C:\Users\SrikanthMudaliar\AI-Cloud-Advisor\azure_cost_sync.py", line 152, in <module>
    .execute()
     ^^^^^^^^^
  File "C:\Users\SrikanthMudaliar\AppData\Local\Programs\Python\Python312\Lib\site-packages\postgrest\_sync\request_builder.py", line 53, in execute
    raise APIError(dict(json_obj))
postgrest.exceptions.APIError: {'message': 'there is no unique or exclusion constraint matching the ON CONFLICT specification', 'code': '42P10', 'hint': None, 'details': None}
{
  "id": "subscriptions/49ce7e88-e929-4031-b5b2-c8b557e5da2d/providers/Microsoft.CostManagement/query/a07a5c87-2dbc-4c12-b592-aee2db20d292",
  "name": "a07a5c87-2dbc-4c12-b592-aee2db20d292",
  "type": "Microsoft.CostManagement/query",
  "columns": [
    {
      "name": "PreTaxCost",
      "type": "Number"
    },
    {
      "name": "ServiceName",
      "type": "String"
    },
    {
      "name": "Currency",
      "type": "String"
    }
  ],
  "rows": [
    [
      0.00113663300201296,
      "Bandwidth",
      "INR"
    ],
    [
      280.516855163427,
      "Storage",
      "INR"
    ],
    [
      3605.87685079429,
      "Virtual Machines",
      "INR"
    ],
    [
      189.784948203124,
      "Virtual Network",
      "INR"
    ]
  ]
}
Azure rows fetched: 4
Prepared Azure records:
[{'cloud': 'azure', 'account_name': 'azure-main', 'service_name': 'Bandwidth', 'region': 'global', 'resource_id': None, 'usage_date': '2026-05-18', 'usage_quantity': 0, 'cost': 0.00113663300201296, 'currency': 'USD', 'environment': None, 'application': None, 'tags': None}, {'cloud': 'azure', 'account_name': 'azure-main', 'service_name': 'Storage', 'region': 'global', 'resource_id': None, 'usage_date': '2026-05-18', 'usage_quantity': 0, 'cost': 280.516855163427, 'currency': 'USD', 'environment': None, 'application': None, 'tags': None}, {'cloud': 'azure', 'account_name': 'azure-main', 'service_name': 'Virtual Machines', 'region': 'global', 'resource_id': None, 'usage_date': '2026-05-18', 'usage_quantity': 0, 'cost': 3605.87685079429, 'currency': 'USD', 'environment': None, 'application': None, 'tags': None}]
Traceback (most recent call last):
  File "C:\Users\SrikanthMudaliar\AI-Cloud-Advisor\azure_cost_sync.py", line 152, in <module>
    .execute()
     ^^^^^^^^^
  File "C:\Users\SrikanthMudaliar\AppData\Local\Programs\Python\Python312\Lib\site-packages\postgrest\_sync\request_builder.py", line 53, in execute
    raise APIError(dict(json_obj))
postgrest.exceptions.APIError: {'message': 'there is no unique or exclusion constraint matching the ON CONFLICT specification', 'code': '42P10', 'hint': None, 'details': None}
Traceback (most recent call last):
  File "C:\Users\SrikanthMudaliar\AI-Cloud-Advisor\azure_cost_sync.py", line 52, in <module>
    query_result = cost_client.query.usage(
                   ^^^^^^^^^^^^^^^^^^^^^^^^
  File "C:\Users\SrikanthMudaliar\AppData\Local\Programs\Python\Python312\Lib\site-packages\azure\core\tracing\decorator.py", line 119, in wrapper_use_tracer
    return func(*args, **kwargs)
           ^^^^^^^^^^^^^^^^^^^^^
  File "C:\Users\SrikanthMudaliar\AppData\Local\Programs\Python\Python312\Lib\site-packages\azure\mgmt\costmanagement\operations\_query_operations.py", line 278, in usage
    raise HttpResponseError(response=response, model=error, error_format=ARMErrorFormat)
azure.core.exceptions.HttpResponseError: (429) Too many requests. Please retry.
Code: 429
Message: Too many requests. Please retry.
{
  "id": "subscriptions/49ce7e88-e929-4031-b5b2-c8b557e5da2d/providers/Microsoft.CostManagement/query/cc5dd79d-aa29-41fb-8bed-df9c7ffd2f0f",
  "name": "cc5dd79d-aa29-41fb-8bed-df9c7ffd2f0f",
  "type": "Microsoft.CostManagement/query",
  "columns": [
    {
      "name": "PreTaxCost",
      "type": "Number"
    },
    {
      "name": "ServiceName",
      "type": "String"
    },
    {
      "name": "Currency",
      "type": "String"
    }
  ],
  "rows": [
    [
      0.00114271939024329,
      "Bandwidth",
      "INR"
    ],
    [
      282.679852817019,
      "Storage",
      "INR"
    ],
    [
      3614.85898204429,
      "Virtual Machines",
      "INR"
    ],
    [
      190.730435703124,
      "Virtual Network",
      "INR"
    ]
  ]
}
Azure rows fetched: 4
Prepared Azure records:
[{'cloud': 'azure', 'account_name': 'azure-main', 'service_name': 'Bandwidth', 'region': 'global', 'resource_id': None, 'usage_date': '2026-05-18', 'usage_quantity': 0, 'cost': 0.00114271939024329, 'currency': 'USD', 'environment': None, 'application': None, 'tags': None}, {'cloud': 'azure', 'account_name': 'azure-main', 'service_name': 'Storage', 'region': 'global', 'resource_id': None, 'usage_date': '2026-05-18', 'usage_quantity': 0, 'cost': 282.679852817019, 'currency': 'USD', 'environment': None, 'application': None, 'tags': None}, {'cloud': 'azure', 'account_name': 'azure-main', 'service_name': 'Virtual Machines', 'region': 'global', 'resource_id': None, 'usage_date': '2026-05-18', 'usage_quantity': 0, 'cost': 3614.85898204429, 'currency': 'USD', 'environment': None, 'application': None, 'tags': None}]
Traceback (most recent call last):
  File "C:\Users\SrikanthMudaliar\AI-Cloud-Advisor\azure_cost_sync.py", line 152, in <module>
    .execute()
     ^^^^^^^^^
  File "C:\Users\SrikanthMudaliar\AppData\Local\Programs\Python\Python312\Lib\site-packages\postgrest\_sync\request_builder.py", line 53, in execute
    raise APIError(dict(json_obj))
postgrest.exceptions.APIError: {'message': 'there is no unique or exclusion constraint matching the ON CONFLICT specification', 'code': '42P10', 'hint': None, 'details': None}
{
  "id": "subscriptions/49ce7e88-e929-4031-b5b2-c8b557e5da2d/providers/Microsoft.CostManagement/query/9bf30c92-78e9-4c71-9509-5e88f43f420a",
  "name": "9bf30c92-78e9-4c71-9509-5e88f43f420a",
  "type": "Microsoft.CostManagement/query",
  "columns": [
    {
      "name": "PreTaxCost",
      "type": "Number"
    },
    {
      "name": "ServiceName",
      "type": "String"
    },
    {
      "name": "Currency",
      "type": "String"
    }
  ],
  "rows": [
    [
      0.00114271939024329,
      "Bandwidth",
      "INR"
    ],
    [
      282.679852817019,
      "Storage",
      "INR"
    ],
    [
      3614.85898204429,
      "Virtual Machines",
      "INR"
    ],
    [
      190.730435703124,
      "Virtual Network",
      "INR"
    ]
  ]
}
Azure rows fetched: 4
Prepared Azure records:
[{'cloud': 'azure', 'account_name': 'azure-main', 'service_name': 'Bandwidth', 'region': 'global', 'resource_id': None, 'usage_date': '2026-05-18', 'usage_quantity': 0, 'cost': 0.00114271939024329, 'currency': 'USD', 'environment': None, 'application': None, 'tags': None}, {'cloud': 'azure', 'account_name': 'azure-main', 'service_name': 'Storage', 'region': 'global', 'resource_id': None, 'usage_date': '2026-05-18', 'usage_quantity': 0, 'cost': 282.679852817019, 'currency': 'USD', 'environment': None, 'application': None, 'tags': None}, {'cloud': 'azure', 'account_name': 'azure-main', 'service_name': 'Virtual Machines', 'region': 'global', 'resource_id': None, 'usage_date': '2026-05-18', 'usage_quantity': 0, 'cost': 3614.85898204429, 'currency': 'USD', 'environment': None, 'application': None, 'tags': None}]
Traceback (most recent call last):
  File "C:\Users\SrikanthMudaliar\AI-Cloud-Advisor\azure_cost_sync.py", line 152, in <module>
    .execute()
     ^^^^^^^^^
  File "C:\Users\SrikanthMudaliar\AppData\Local\Programs\Python\Python312\Lib\site-packages\postgrest\_sync\request_builder.py", line 53, in execute
    raise APIError(dict(json_obj))
postgrest.exceptions.APIError: {'message': 'there is no unique or exclusion constraint matching the ON CONFLICT specification', 'code': '42P10', 'hint': None, 'details': None}
Traceback (most recent call last):
  File "C:\Users\SrikanthMudaliar\AI-Cloud-Advisor\azure_cost_sync.py", line 52, in <module>
    query_result = cost_client.query.usage(
                   ^^^^^^^^^^^^^^^^^^^^^^^^
  File "C:\Users\SrikanthMudaliar\AppData\Local\Programs\Python\Python312\Lib\site-packages\azure\core\tracing\decorator.py", line 119, in wrapper_use_tracer
    return func(*args, **kwargs)
           ^^^^^^^^^^^^^^^^^^^^^
  File "C:\Users\SrikanthMudaliar\AppData\Local\Programs\Python\Python312\Lib\site-packages\azure\mgmt\costmanagement\operations\_query_operations.py", line 278, in usage
    raise HttpResponseError(response=response, model=error, error_format=ARMErrorFormat)
azure.core.exceptions.HttpResponseError: (429) Too many requests. Please retry.
Code: 429
Message: Too many requests. Please retry.
Traceback (most recent call last):
  File "C:\Users\SrikanthMudaliar\AI-Cloud-Advisor\azure_cost_sync.py", line 52, in <module>
    query_result = cost_client.query.usage(
                   ^^^^^^^^^^^^^^^^^^^^^^^^
  File "C:\Users\SrikanthMudaliar\AppData\Local\Programs\Python\Python312\Lib\site-packages\azure\core\tracing\decorator.py", line 119, in wrapper_use_tracer
    return func(*args, **kwargs)
           ^^^^^^^^^^^^^^^^^^^^^
  File "C:\Users\SrikanthMudaliar\AppData\Local\Programs\Python\Python312\Lib\site-packages\azure\mgmt\costmanagement\operations\_query_operations.py", line 278, in usage
    raise HttpResponseError(response=response, model=error, error_format=ARMErrorFormat)
azure.core.exceptions.HttpResponseError: (429) Too many requests. Please retry.
Code: 429
Message: Too many requests. Please retry.
Traceback (most recent call last):
  File "C:\Users\SrikanthMudaliar\AI-Cloud-Advisor\azure_cost_sync.py", line 52, in <module>
    query_result = cost_client.query.usage(
                   ^^^^^^^^^^^^^^^^^^^^^^^^
  File "C:\Users\SrikanthMudaliar\AppData\Local\Programs\Python\Python312\Lib\site-packages\azure\core\tracing\decorator.py", line 119, in wrapper_use_tracer
    return func(*args, **kwargs)
           ^^^^^^^^^^^^^^^^^^^^^
  File "C:\Users\SrikanthMudaliar\AppData\Local\Programs\Python\Python312\Lib\site-packages\azure\mgmt\costmanagement\operations\_query_operations.py", line 278, in usage
    raise HttpResponseError(response=response, model=error, error_format=ARMErrorFormat)
azure.core.exceptions.HttpResponseError: (429) Too many requests. Please retry.
Code: 429
Message: Too many requests. Please retry.
{
  "id": "subscriptions/49ce7e88-e929-4031-b5b2-c8b557e5da2d/providers/Microsoft.CostManagement/query/bd840a4d-4add-4643-9261-6d57bb42f0dd",
  "name": "bd840a4d-4add-4643-9261-6d57bb42f0dd",
  "type": "Microsoft.CostManagement/query",
  "columns": [
    {
      "name": "PreTaxCost",
      "type": "Number"
    },
    {
      "name": "ServiceName",
      "type": "String"
    },
    {
      "name": "Currency",
      "type": "String"
    }
  ],
  "rows": [
    [
      0.0011499469762668,
      "Bandwidth",
      "INR"
    ],
    [
      283.501081172931,
      "Storage",
      "INR"
    ],
    [
      3632.82324454429,
      "Virtual Machines",
      "INR"
    ],
    [
      191.675923203124,
      "Virtual Network",
      "INR"
    ]
  ]
}
Azure rows fetched: 4
Prepared Azure records:
[{'cloud': 'azure', 'account_name': 'azure-main', 'service_name': 'Bandwidth', 'region': 'global', 'resource_id': None, 'usage_date': '2026-05-18', 'usage_quantity': 0, 'cost': 0.0011499469762668, 'currency': 'USD', 'environment': None, 'application': None, 'tags': None}, {'cloud': 'azure', 'account_name': 'azure-main', 'service_name': 'Storage', 'region': 'global', 'resource_id': None, 'usage_date': '2026-05-18', 'usage_quantity': 0, 'cost': 283.501081172931, 'currency': 'USD', 'environment': None, 'application': None, 'tags': None}, {'cloud': 'azure', 'account_name': 'azure-main', 'service_name': 'Virtual Machines', 'region': 'global', 'resource_id': None, 'usage_date': '2026-05-18', 'usage_quantity': 0, 'cost': 3632.82324454429, 'currency': 'USD', 'environment': None, 'application': None, 'tags': None}]
Traceback (most recent call last):
  File "C:\Users\SrikanthMudaliar\AI-Cloud-Advisor\azure_cost_sync.py", line 152, in <module>
    .execute()
     ^^^^^^^^^
  File "C:\Users\SrikanthMudaliar\AppData\Local\Programs\Python\Python312\Lib\site-packages\postgrest\_sync\request_builder.py", line 53, in execute
    raise APIError(dict(json_obj))
postgrest.exceptions.APIError: {'message': 'there is no unique or exclusion constraint matching the ON CONFLICT specification', 'code': '42P10', 'hint': None, 'details': None}
{
  "id": "subscriptions/49ce7e88-e929-4031-b5b2-c8b557e5da2d/providers/Microsoft.CostManagement/query/9dd97984-e4d8-4625-a521-5d7797f9cf04",
  "name": "9dd97984-e4d8-4625-a521-5d7797f9cf04",
  "type": "Microsoft.CostManagement/query",
  "columns": [
    {
      "name": "PreTaxCost",
      "type": "Number"
    },
    {
      "name": "ServiceName",
      "type": "String"
    },
    {
      "name": "Currency",
      "type": "String"
    }
  ],
  "rows": [
    [
      0.0011499469762668,
      "Bandwidth",
      "INR"
    ],
    [
      283.501081172931,
      "Storage",
      "INR"
    ],
    [
      3632.82324454429,
      "Virtual Machines",
      "INR"
    ],
    [
      191.675923203124,
      "Virtual Network",
      "INR"
    ]
  ]
}
Azure rows fetched: 4
Prepared Azure records:
[{'cloud': 'azure', 'account_name': 'azure-main', 'service_name': 'Bandwidth', 'region': 'global', 'resource_id': None, 'usage_date': '2026-05-18', 'usage_quantity': 0, 'cost': 0.0011499469762668, 'currency': 'USD', 'environment': None, 'application': None, 'tags': None}, {'cloud': 'azure', 'account_name': 'azure-main', 'service_name': 'Storage', 'region': 'global', 'resource_id': None, 'usage_date': '2026-05-18', 'usage_quantity': 0, 'cost': 283.501081172931, 'currency': 'USD', 'environment': None, 'application': None, 'tags': None}, {'cloud': 'azure', 'account_name': 'azure-main', 'service_name': 'Virtual Machines', 'region': 'global', 'resource_id': None, 'usage_date': '2026-05-18', 'usage_quantity': 0, 'cost': 3632.82324454429, 'currency': 'USD', 'environment': None, 'application': None, 'tags': None}]
Traceback (most recent call last):
  File "C:\Users\SrikanthMudaliar\AI-Cloud-Advisor\azure_cost_sync.py", line 152, in <module>
    .execute()
     ^^^^^^^^^
  File "C:\Users\SrikanthMudaliar\AppData\Local\Programs\Python\Python312\Lib\site-packages\postgrest\_sync\request_builder.py", line 53, in execute
    raise APIError(dict(json_obj))
postgrest.exceptions.APIError: {'message': 'there is no unique or exclusion constraint matching the ON CONFLICT specification', 'code': '42P10', 'hint': None, 'details': None}
{
  "id": "subscriptions/49ce7e88-e929-4031-b5b2-c8b557e5da2d/providers/Microsoft.CostManagement/query/8d84ed7e-e22f-44a2-a7be-a6219ea65490",
  "name": "8d84ed7e-e22f-44a2-a7be-a6219ea65490",
  "type": "Microsoft.CostManagement/query",
  "columns": [
    {
      "name": "PreTaxCost",
      "type": "Number"
    },
    {
      "name": "ServiceName",
      "type": "String"
    },
    {
      "name": "Currency",
      "type": "String"
    }
  ],
  "rows": [
    [
      0.0011499469762668,
      "Bandwidth",
      "INR"
    ],
    [
      283.501081172931,
      "Storage",
      "INR"
    ],
    [
      3632.82324454429,
      "Virtual Machines",
      "INR"
    ],
    [
      191.675923203124,
      "Virtual Network",
      "INR"
    ]
  ]
}
Azure rows fetched: 4
Prepared Azure records:
[{'cloud': 'azure', 'account_name': 'azure-main', 'service_name': 'Bandwidth', 'region': 'global', 'resource_id': None, 'usage_date': '2026-05-18', 'usage_quantity': 0, 'cost': 0.0011499469762668, 'currency': 'USD', 'environment': None, 'application': None, 'tags': None}, {'cloud': 'azure', 'account_name': 'azure-main', 'service_name': 'Storage', 'region': 'global', 'resource_id': None, 'usage_date': '2026-05-18', 'usage_quantity': 0, 'cost': 283.501081172931, 'currency': 'USD', 'environment': None, 'application': None, 'tags': None}, {'cloud': 'azure', 'account_name': 'azure-main', 'service_name': 'Virtual Machines', 'region': 'global', 'resource_id': None, 'usage_date': '2026-05-18', 'usage_quantity': 0, 'cost': 3632.82324454429, 'currency': 'USD', 'environment': None, 'application': None, 'tags': None}]
Traceback (most recent call last):
  File "C:\Users\SrikanthMudaliar\AI-Cloud-Advisor\azure_cost_sync.py", line 152, in <module>
    .execute()
     ^^^^^^^^^
  File "C:\Users\SrikanthMudaliar\AppData\Local\Programs\Python\Python312\Lib\site-packages\postgrest\_sync\request_builder.py", line 53, in execute
    raise APIError(dict(json_obj))
postgrest.exceptions.APIError: {'message': 'there is no unique or exclusion constraint matching the ON CONFLICT specification', 'code': '42P10', 'hint': None, 'details': None}
{
  "id": "subscriptions/49ce7e88-e929-4031-b5b2-c8b557e5da2d/providers/Microsoft.CostManagement/query/23665e78-5b11-4332-b37a-1846bac8147f",
  "name": "23665e78-5b11-4332-b37a-1846bac8147f",
  "type": "Microsoft.CostManagement/query",
  "columns": [
    {
      "name": "PreTaxCost",
      "type": "Number"
    },
    {
      "name": "ServiceName",
      "type": "String"
    },
    {
      "name": "Currency",
      "type": "String"
    }
  ],
  "rows": [
    [
      0.0011499469762668,
      "Bandwidth",
      "INR"
    ],
    [
      283.501081172931,
      "Storage",
      "INR"
    ],
    [
      3632.82324454429,
      "Virtual Machines",
      "INR"
    ],
    [
      191.675923203124,
      "Virtual Network",
      "INR"
    ]
  ]
}
Azure rows fetched: 4
Prepared Azure records:
[{'cloud': 'azure', 'account_name': 'azure-main', 'service_name': 'Bandwidth', 'region': 'global', 'resource_id': None, 'usage_date': '2026-05-18', 'usage_quantity': 0, 'cost': 0.0011499469762668, 'currency': 'USD', 'environment': None, 'application': None, 'tags': None}, {'cloud': 'azure', 'account_name': 'azure-main', 'service_name': 'Storage', 'region': 'global', 'resource_id': None, 'usage_date': '2026-05-18', 'usage_quantity': 0, 'cost': 283.501081172931, 'currency': 'USD', 'environment': None, 'application': None, 'tags': None}, {'cloud': 'azure', 'account_name': 'azure-main', 'service_name': 'Virtual Machines', 'region': 'global', 'resource_id': None, 'usage_date': '2026-05-18', 'usage_quantity': 0, 'cost': 3632.82324454429, 'currency': 'USD', 'environment': None, 'application': None, 'tags': None}]
Traceback (most recent call last):
  File "C:\Users\SrikanthMudaliar\AI-Cloud-Advisor\azure_cost_sync.py", line 152, in <module>
    .execute()
     ^^^^^^^^^
  File "C:\Users\SrikanthMudaliar\AppData\Local\Programs\Python\Python312\Lib\site-packages\postgrest\_sync\request_builder.py", line 53, in execute
    raise APIError(dict(json_obj))
postgrest.exceptions.APIError: {'message': 'there is no unique or exclusion constraint matching the ON CONFLICT specification', 'code': '42P10', 'hint': None, 'details': None}
{
  "id": "subscriptions/49ce7e88-e929-4031-b5b2-c8b557e5da2d/providers/Microsoft.CostManagement/query/499f02cd-b3a2-4c65-8ad2-b32c2d4af884",
  "name": "499f02cd-b3a2-4c65-8ad2-b32c2d4af884",
  "type": "Microsoft.CostManagement/query",
  "columns": [
    {
      "name": "PreTaxCost",
      "type": "Number"
    },
    {
      "name": "ServiceName",
      "type": "String"
    },
    {
      "name": "Currency",
      "type": "String"
    }
  ],
  "rows": [
    [
      0.00119863808210939,
      "Bandwidth",
      "INR"
    ],
    [
      297.600982864539,
      "Storage",
      "INR"
    ],
    [
      3794.50160704429,
      "Virtual Machines",
      "INR"
    ],
    [
      199.712566953124,
      "Virtual Network",
      "INR"
    ]
  ]
}
Azure rows fetched: 4
Prepared Azure records:
[{'cloud': 'azure', 'account_name': 'azure-main', 'service_name': 'Bandwidth', 'region': 'global', 'resource_id': None, 'usage_date': '2026-05-19', 'usage_quantity': 0, 'cost': 0.00119863808210939, 'currency': 'USD', 'environment': None, 'application': None, 'tags': None}, {'cloud': 'azure', 'account_name': 'azure-main', 'service_name': 'Storage', 'region': 'global', 'resource_id': None, 'usage_date': '2026-05-19', 'usage_quantity': 0, 'cost': 297.600982864539, 'currency': 'USD', 'environment': None, 'application': None, 'tags': None}, {'cloud': 'azure', 'account_name': 'azure-main', 'service_name': 'Virtual Machines', 'region': 'global', 'resource_id': None, 'usage_date': '2026-05-19', 'usage_quantity': 0, 'cost': 3794.50160704429, 'currency': 'USD', 'environment': None, 'application': None, 'tags': None}]
Traceback (most recent call last):
  File "C:\Users\SrikanthMudaliar\AI-Cloud-Advisor\azure_cost_sync.py", line 152, in <module>
    .execute()
     ^^^^^^^^^
  File "C:\Users\SrikanthMudaliar\AppData\Local\Programs\Python\Python312\Lib\site-packages\postgrest\_sync\request_builder.py", line 53, in execute
    raise APIError(dict(json_obj))
postgrest.exceptions.APIError: {'message': 'there is no unique or exclusion constraint matching the ON CONFLICT specification', 'code': '42P10', 'hint': None, 'details': None}
{
  "id": "subscriptions/49ce7e88-e929-4031-b5b2-c8b557e5da2d/providers/Microsoft.CostManagement/query/183b76e1-b777-4bda-875b-dab161575a60",
  "name": "183b76e1-b777-4bda-875b-dab161575a60",
  "type": "Microsoft.CostManagement/query",
  "columns": [
    {
      "name": "PreTaxCost",
      "type": "Number"
    },
    {
      "name": "ServiceName",
      "type": "String"
    },
    {
      "name": "Currency",
      "type": "String"
    }
  ],
  "rows": [
    [
      0.00119863808210939,
      "Bandwidth",
      "INR"
    ],
    [
      297.600982864539,
      "Storage",
      "INR"
    ],
    [
      3794.50160704429,
      "Virtual Machines",
      "INR"
    ],
    [
      199.712566953124,
      "Virtual Network",
      "INR"
    ]
  ]
}
Azure rows fetched: 4
Prepared Azure records:
[{'cloud': 'azure', 'account_name': 'azure-main', 'service_name': 'Bandwidth', 'region': 'global', 'resource_id': None, 'usage_date': '2026-05-19', 'usage_quantity': 0, 'cost': 0.00119863808210939, 'currency': 'USD', 'environment': None, 'application': None, 'tags': None}, {'cloud': 'azure', 'account_name': 'azure-main', 'service_name': 'Storage', 'region': 'global', 'resource_id': None, 'usage_date': '2026-05-19', 'usage_quantity': 0, 'cost': 297.600982864539, 'currency': 'USD', 'environment': None, 'application': None, 'tags': None}, {'cloud': 'azure', 'account_name': 'azure-main', 'service_name': 'Virtual Machines', 'region': 'global', 'resource_id': None, 'usage_date': '2026-05-19', 'usage_quantity': 0, 'cost': 3794.50160704429, 'currency': 'USD', 'environment': None, 'application': None, 'tags': None}]
Traceback (most recent call last):
  File "C:\Users\SrikanthMudaliar\AI-Cloud-Advisor\azure_cost_sync.py", line 152, in <module>
    .execute()
     ^^^^^^^^^
  File "C:\Users\SrikanthMudaliar\AppData\Local\Programs\Python\Python312\Lib\site-packages\postgrest\_sync\request_builder.py", line 53, in execute
    raise APIError(dict(json_obj))
postgrest.exceptions.APIError: {'message': 'there is no unique or exclusion constraint matching the ON CONFLICT specification', 'code': '42P10', 'hint': None, 'details': None}
{
  "id": "subscriptions/49ce7e88-e929-4031-b5b2-c8b557e5da2d/providers/Microsoft.CostManagement/query/2d8d76e3-1c0a-45b0-a035-9d605d700ba7",
  "name": "2d8d76e3-1c0a-45b0-a035-9d605d700ba7",
  "type": "Microsoft.CostManagement/query",
  "columns": [
    {
      "name": "PreTaxCost",
      "type": "Number"
    },
    {
      "name": "ServiceName",
      "type": "String"
    },
    {
      "name": "Currency",
      "type": "String"
    }
  ],
  "rows": [
    [
      0.00120396367181092,
      "Bandwidth",
      "INR"
    ],
    [
      299.093095869291,
      "Storage",
      "INR"
    ],
    [
      3812.46586954429,
      "Virtual Machines",
      "INR"
    ],
    [
      201.130798203124,
      "Virtual Network",
      "INR"
    ]
  ]
}
Azure rows fetched: 4
Prepared Azure records:
[{'cloud': 'azure', 'account_name': 'azure-main', 'service_name': 'Bandwidth', 'region': 'global', 'resource_id': None, 'usage_date': '2026-05-19', 'usage_quantity': 0, 'cost': 0.00120396367181092, 'currency': 'USD', 'environment': None, 'application': None, 'tags': None}, {'cloud': 'azure', 'account_name': 'azure-main', 'service_name': 'Storage', 'region': 'global', 'resource_id': None, 'usage_date': '2026-05-19', 'usage_quantity': 0, 'cost': 299.093095869291, 'currency': 'USD', 'environment': None, 'application': None, 'tags': None}, {'cloud': 'azure', 'account_name': 'azure-main', 'service_name': 'Virtual Machines', 'region': 'global', 'resource_id': None, 'usage_date': '2026-05-19', 'usage_quantity': 0, 'cost': 3812.46586954429, 'currency': 'USD', 'environment': None, 'application': None, 'tags': None}]
Traceback (most recent call last):
  File "C:\Users\SrikanthMudaliar\AI-Cloud-Advisor\azure_cost_sync.py", line 152, in <module>
    .execute()
     ^^^^^^^^^
  File "C:\Users\SrikanthMudaliar\AppData\Local\Programs\Python\Python312\Lib\site-packages\postgrest\_sync\request_builder.py", line 53, in execute
    raise APIError(dict(json_obj))
postgrest.exceptions.APIError: {'message': 'there is no unique or exclusion constraint matching the ON CONFLICT specification', 'code': '42P10', 'hint': None, 'details': None}
{
  "id": "subscriptions/49ce7e88-e929-4031-b5b2-c8b557e5da2d/providers/Microsoft.CostManagement/query/4b45256d-cf42-41f1-8c2b-6241f0084582",
  "name": "4b45256d-cf42-41f1-8c2b-6241f0084582",
  "type": "Microsoft.CostManagement/query",
  "columns": [
    {
      "name": "PreTaxCost",
      "type": "Number"
    },
    {
      "name": "ServiceName",
      "type": "String"
    },
    {
      "name": "Currency",
      "type": "String"
    }
  ],
  "rows": [
    [
      0.00120396367181092,
      "Bandwidth",
      "INR"
    ],
    [
      299.093095869291,
      "Storage",
      "INR"
    ],
    [
      3812.46586954429,
      "Virtual Machines",
      "INR"
    ],
    [
      201.130798203124,
      "Virtual Network",
      "INR"
    ]
  ]
}
Azure rows fetched: 4
Prepared Azure records:
[{'cloud': 'azure', 'account_name': 'azure-main', 'service_name': 'Bandwidth', 'region': 'global', 'resource_id': None, 'usage_date': '2026-05-19', 'usage_quantity': 0, 'cost': 0.00120396367181092, 'currency': 'USD', 'environment': None, 'application': None, 'tags': None}, {'cloud': 'azure', 'account_name': 'azure-main', 'service_name': 'Storage', 'region': 'global', 'resource_id': None, 'usage_date': '2026-05-19', 'usage_quantity': 0, 'cost': 299.093095869291, 'currency': 'USD', 'environment': None, 'application': None, 'tags': None}, {'cloud': 'azure', 'account_name': 'azure-main', 'service_name': 'Virtual Machines', 'region': 'global', 'resource_id': None, 'usage_date': '2026-05-19', 'usage_quantity': 0, 'cost': 3812.46586954429, 'currency': 'USD', 'environment': None, 'application': None, 'tags': None}]
Traceback (most recent call last):
  File "C:\Users\SrikanthMudaliar\AI-Cloud-Advisor\azure_cost_sync.py", line 152, in <module>
    .execute()
     ^^^^^^^^^
  File "C:\Users\SrikanthMudaliar\AppData\Local\Programs\Python\Python312\Lib\site-packages\postgrest\_sync\request_builder.py", line 53, in execute
    raise APIError(dict(json_obj))
postgrest.exceptions.APIError: {'message': 'there is no unique or exclusion constraint matching the ON CONFLICT specification', 'code': '42P10', 'hint': None, 'details': None}
{
  "id": "subscriptions/49ce7e88-e929-4031-b5b2-c8b557e5da2d/providers/Microsoft.CostManagement/query/a2dec009-a02d-4c16-a3e2-81b7eb5a7f8e",
  "name": "a2dec009-a02d-4c16-a3e2-81b7eb5a7f8e",
  "type": "Microsoft.CostManagement/query",
  "columns": [
    {
      "name": "PreTaxCost",
      "type": "Number"
    },
    {
      "name": "ServiceName",
      "type": "String"
    },
    {
      "name": "Currency",
      "type": "String"
    }
  ],
  "rows": [
    [
      0.00120396367181092,
      "Bandwidth",
      "INR"
    ],
    [
      299.093095869291,
      "Storage",
      "INR"
    ],
    [
      3812.46586954429,
      "Virtual Machines",
      "INR"
    ],
    [
      201.130798203124,
      "Virtual Network",
      "INR"
    ]
  ]
}
Azure rows fetched: 4
Prepared Azure records:
[{'cloud': 'azure', 'account_name': 'azure-main', 'service_name': 'Bandwidth', 'region': 'global', 'resource_id': None, 'usage_date': '2026-05-19', 'usage_quantity': 0, 'cost': 0.00120396367181092, 'currency': 'USD', 'environment': None, 'application': None, 'tags': None}, {'cloud': 'azure', 'account_name': 'azure-main', 'service_name': 'Storage', 'region': 'global', 'resource_id': None, 'usage_date': '2026-05-19', 'usage_quantity': 0, 'cost': 299.093095869291, 'currency': 'USD', 'environment': None, 'application': None, 'tags': None}, {'cloud': 'azure', 'account_name': 'azure-main', 'service_name': 'Virtual Machines', 'region': 'global', 'resource_id': None, 'usage_date': '2026-05-19', 'usage_quantity': 0, 'cost': 3812.46586954429, 'currency': 'USD', 'environment': None, 'application': None, 'tags': None}]
Traceback (most recent call last):
  File "C:\Users\SrikanthMudaliar\AI-Cloud-Advisor\azure_cost_sync.py", line 152, in <module>
    .execute()
     ^^^^^^^^^
  File "C:\Users\SrikanthMudaliar\AppData\Local\Programs\Python\Python312\Lib\site-packages\postgrest\_sync\request_builder.py", line 53, in execute
    raise APIError(dict(json_obj))
postgrest.exceptions.APIError: {'message': 'there is no unique or exclusion constraint matching the ON CONFLICT specification', 'code': '42P10', 'hint': None, 'details': None}
{
  "id": "subscriptions/49ce7e88-e929-4031-b5b2-c8b557e5da2d/providers/Microsoft.CostManagement/query/26e153c0-8342-41a8-8b7d-e30af50faeb8",
  "name": "26e153c0-8342-41a8-8b7d-e30af50faeb8",
  "type": "Microsoft.CostManagement/query",
  "columns": [
    {
      "name": "PreTaxCost",
      "type": "Number"
    },
    {
      "name": "ServiceName",
      "type": "String"
    },
    {
      "name": "Currency",
      "type": "String"
    }
  ],
  "rows": [
    [
      0.0012138540526852,
      "Bandwidth",
      "INR"
    ],
    [
      300.660380727579,
      "Storage",
      "INR"
    ],
    [
      3830.43013204429,
      "Virtual Machines",
      "INR"
    ],
    [
      201.603541953124,
      "Virtual Network",
      "INR"
    ]
  ]
}
Azure rows fetched: 4
Prepared Azure records:
[{'cloud': 'azure', 'account_name': 'azure-main', 'service_name': 'Bandwidth', 'region': 'global', 'resource_id': None, 'usage_date': '2026-05-19', 'usage_quantity': 0, 'cost': 0.0012138540526852, 'currency': 'USD', 'environment': None, 'application': None, 'tags': None}, {'cloud': 'azure', 'account_name': 'azure-main', 'service_name': 'Storage', 'region': 'global', 'resource_id': None, 'usage_date': '2026-05-19', 'usage_quantity': 0, 'cost': 300.660380727579, 'currency': 'USD', 'environment': None, 'application': None, 'tags': None}, {'cloud': 'azure', 'account_name': 'azure-main', 'service_name': 'Virtual Machines', 'region': 'global', 'resource_id': None, 'usage_date': '2026-05-19', 'usage_quantity': 0, 'cost': 3830.43013204429, 'currency': 'USD', 'environment': None, 'application': None, 'tags': None}]
Traceback (most recent call last):
  File "C:\Users\SrikanthMudaliar\AI-Cloud-Advisor\azure_cost_sync.py", line 152, in <module>
    .execute()
     ^^^^^^^^^
  File "C:\Users\SrikanthMudaliar\AppData\Local\Programs\Python\Python312\Lib\site-packages\postgrest\_sync\request_builder.py", line 53, in execute
    raise APIError(dict(json_obj))
postgrest.exceptions.APIError: {'message': 'there is no unique or exclusion constraint matching the ON CONFLICT specification', 'code': '42P10', 'hint': None, 'details': None}
{
  "id": "subscriptions/49ce7e88-e929-4031-b5b2-c8b557e5da2d/providers/Microsoft.CostManagement/query/f3363acc-5003-4a39-9b16-1077a3591275",
  "name": "f3363acc-5003-4a39-9b16-1077a3591275",
  "type": "Microsoft.CostManagement/query",
  "columns": [
    {
      "name": "PreTaxCost",
      "type": "Number"
    },
    {
      "name": "ServiceName",
      "type": "String"
    },
    {
      "name": "Currency",
      "type": "String"
    }
  ],
  "rows": [
    [
      0.0012138540526852,
      "Bandwidth",
      "INR"
    ],
    [
      300.660380727579,
      "Storage",
      "INR"
    ],
    [
      3830.43013204429,
      "Virtual Machines",
      "INR"
    ],
    [
      201.603541953124,
      "Virtual Network",
      "INR"
    ]
  ]
}
Azure rows fetched: 4
Prepared Azure records:
[{'cloud': 'azure', 'account_name': 'azure-main', 'service_name': 'Bandwidth', 'region': 'global', 'resource_id': None, 'usage_date': '2026-05-19', 'usage_quantity': 0, 'cost': 0.0012138540526852, 'currency': 'USD', 'environment': None, 'application': None, 'tags': None}, {'cloud': 'azure', 'account_name': 'azure-main', 'service_name': 'Storage', 'region': 'global', 'resource_id': None, 'usage_date': '2026-05-19', 'usage_quantity': 0, 'cost': 300.660380727579, 'currency': 'USD', 'environment': None, 'application': None, 'tags': None}, {'cloud': 'azure', 'account_name': 'azure-main', 'service_name': 'Virtual Machines', 'region': 'global', 'resource_id': None, 'usage_date': '2026-05-19', 'usage_quantity': 0, 'cost': 3830.43013204429, 'currency': 'USD', 'environment': None, 'application': None, 'tags': None}]
Traceback (most recent call last):
  File "C:\Users\SrikanthMudaliar\AI-Cloud-Advisor\azure_cost_sync.py", line 152, in <module>
    .execute()
     ^^^^^^^^^
  File "C:\Users\SrikanthMudaliar\AppData\Local\Programs\Python\Python312\Lib\site-packages\postgrest\_sync\request_builder.py", line 53, in execute
    raise APIError(dict(json_obj))
postgrest.exceptions.APIError: {'message': 'there is no unique or exclusion constraint matching the ON CONFLICT specification', 'code': '42P10', 'hint': None, 'details': None}
Traceback (most recent call last):
  File "C:\Users\SrikanthMudaliar\AI-Cloud-Advisor\azure_cost_sync.py", line 52, in <module>
    query_result = cost_client.query.usage(
                   ^^^^^^^^^^^^^^^^^^^^^^^^
  File "C:\Users\SrikanthMudaliar\AppData\Local\Programs\Python\Python312\Lib\site-packages\azure\core\tracing\decorator.py", line 119, in wrapper_use_tracer
    return func(*args, **kwargs)
           ^^^^^^^^^^^^^^^^^^^^^
  File "C:\Users\SrikanthMudaliar\AppData\Local\Programs\Python\Python312\Lib\site-packages\azure\mgmt\costmanagement\operations\_query_operations.py", line 278, in usage
    raise HttpResponseError(response=response, model=error, error_format=ARMErrorFormat)
azure.core.exceptions.HttpResponseError: (429) Too many requests. Please retry.
Code: 429
Message: Too many requests. Please retry.
{
  "id": "subscriptions/49ce7e88-e929-4031-b5b2-c8b557e5da2d/providers/Microsoft.CostManagement/query/cf0ea669-af36-4afe-acb1-ae9625ab02c5",
  "name": "cf0ea669-af36-4afe-acb1-ae9625ab02c5",
  "type": "Microsoft.CostManagement/query",
  "columns": [
    {
      "name": "PreTaxCost",
      "type": "Number"
    },
    {
      "name": "ServiceName",
      "type": "String"
    },
    {
      "name": "Currency",
      "type": "String"
    }
  ],
  "rows": [
    [
      0.00122260323576629,
      "Bandwidth",
      "INR"
    ],
    [
      302.152493732331,
      "Storage",
      "INR"
    ],
    [
      3857.37652579429,
      "Virtual Machines",
      "INR"
    ],
    [
      203.021773203124,
      "Virtual Network",
      "INR"
    ]
  ]
}
Azure rows fetched: 4
Prepared Azure records:
[{'cloud': 'azure', 'account_name': 'azure-main', 'service_name': 'Bandwidth', 'region': 'global', 'resource_id': None, 'usage_date': '2026-05-19', 'usage_quantity': 0, 'cost': 0.00122260323576629, 'currency': 'USD', 'environment': None, 'application': None, 'tags': None}, {'cloud': 'azure', 'account_name': 'azure-main', 'service_name': 'Storage', 'region': 'global', 'resource_id': None, 'usage_date': '2026-05-19', 'usage_quantity': 0, 'cost': 302.152493732331, 'currency': 'USD', 'environment': None, 'application': None, 'tags': None}, {'cloud': 'azure', 'account_name': 'azure-main', 'service_name': 'Virtual Machines', 'region': 'global', 'resource_id': None, 'usage_date': '2026-05-19', 'usage_quantity': 0, 'cost': 3857.37652579429, 'currency': 'USD', 'environment': None, 'application': None, 'tags': None}]
Traceback (most recent call last):
  File "C:\Users\SrikanthMudaliar\AI-Cloud-Advisor\azure_cost_sync.py", line 152, in <module>
    .execute()
     ^^^^^^^^^
  File "C:\Users\SrikanthMudaliar\AppData\Local\Programs\Python\Python312\Lib\site-packages\postgrest\_sync\request_builder.py", line 53, in execute
    raise APIError(dict(json_obj))
postgrest.exceptions.APIError: {'message': 'there is no unique or exclusion constraint matching the ON CONFLICT specification', 'code': '42P10', 'hint': None, 'details': None}
{
  "id": "subscriptions/49ce7e88-e929-4031-b5b2-c8b557e5da2d/providers/Microsoft.CostManagement/query/ff2e5525-85f2-470e-b491-6075e5d56c03",
  "name": "ff2e5525-85f2-470e-b491-6075e5d56c03",
  "type": "Microsoft.CostManagement/query",
  "columns": [
    {
      "name": "PreTaxCost",
      "type": "Number"
    },
    {
      "name": "ServiceName",
      "type": "String"
    },
    {
      "name": "Currency",
      "type": "String"
    }
  ],
  "rows": [
    [
      0.00122260323576629,
      "Bandwidth",
      "INR"
    ],
    [
      302.152493732331,
      "Storage",
      "INR"
    ],
    [
      3857.37652579429,
      "Virtual Machines",
      "INR"
    ],
    [
      203.021773203124,
      "Virtual Network",
      "INR"
    ]
  ]
}
Azure rows fetched: 4
Prepared Azure records:
[{'cloud': 'azure', 'account_name': 'azure-main', 'service_name': 'Bandwidth', 'region': 'global', 'resource_id': None, 'usage_date': '2026-05-19', 'usage_quantity': 0, 'cost': 0.00122260323576629, 'currency': 'USD', 'environment': None, 'application': None, 'tags': None}, {'cloud': 'azure', 'account_name': 'azure-main', 'service_name': 'Storage', 'region': 'global', 'resource_id': None, 'usage_date': '2026-05-19', 'usage_quantity': 0, 'cost': 302.152493732331, 'currency': 'USD', 'environment': None, 'application': None, 'tags': None}, {'cloud': 'azure', 'account_name': 'azure-main', 'service_name': 'Virtual Machines', 'region': 'global', 'resource_id': None, 'usage_date': '2026-05-19', 'usage_quantity': 0, 'cost': 3857.37652579429, 'currency': 'USD', 'environment': None, 'application': None, 'tags': None}]
Traceback (most recent call last):
  File "C:\Users\SrikanthMudaliar\AI-Cloud-Advisor\azure_cost_sync.py", line 152, in <module>
    .execute()
     ^^^^^^^^^
  File "C:\Users\SrikanthMudaliar\AppData\Local\Programs\Python\Python312\Lib\site-packages\postgrest\_sync\request_builder.py", line 53, in execute
    raise APIError(dict(json_obj))
postgrest.exceptions.APIError: {'message': 'there is no unique or exclusion constraint matching the ON CONFLICT specification', 'code': '42P10', 'hint': None, 'details': None}
{
  "id": "subscriptions/49ce7e88-e929-4031-b5b2-c8b557e5da2d/providers/Microsoft.CostManagement/query/e9844fb7-3952-47ff-9b71-c6ca150ed6af",
  "name": "e9844fb7-3952-47ff-9b71-c6ca150ed6af",
  "type": "Microsoft.CostManagement/query",
  "columns": [
    {
      "name": "PreTaxCost",
      "type": "Number"
    },
    {
      "name": "ServiceName",
      "type": "String"
    },
    {
      "name": "Currency",
      "type": "String"
    }
  ],
  "rows": [
    [
      0.00122260323576629,
      "Bandwidth",
      "INR"
    ],
    [
      302.152493732331,
      "Storage",
      "INR"
    ],
    [
      3857.37652579429,
      "Virtual Machines",
      "INR"
    ],
    [
      203.021773203124,
      "Virtual Network",
      "INR"
    ]
  ]
}
Azure rows fetched: 4
Prepared Azure records:
[{'cloud': 'azure', 'account_name': 'azure-main', 'service_name': 'Bandwidth', 'region': 'global', 'resource_id': None, 'usage_date': '2026-05-19', 'usage_quantity': 0, 'cost': 0.00122260323576629, 'currency': 'USD', 'environment': None, 'application': None, 'tags': None}, {'cloud': 'azure', 'account_name': 'azure-main', 'service_name': 'Storage', 'region': 'global', 'resource_id': None, 'usage_date': '2026-05-19', 'usage_quantity': 0, 'cost': 302.152493732331, 'currency': 'USD', 'environment': None, 'application': None, 'tags': None}, {'cloud': 'azure', 'account_name': 'azure-main', 'service_name': 'Virtual Machines', 'region': 'global', 'resource_id': None, 'usage_date': '2026-05-19', 'usage_quantity': 0, 'cost': 3857.37652579429, 'currency': 'USD', 'environment': None, 'application': None, 'tags': None}]
Traceback (most recent call last):
  File "C:\Users\SrikanthMudaliar\AI-Cloud-Advisor\azure_cost_sync.py", line 152, in <module>
    .execute()
     ^^^^^^^^^
  File "C:\Users\SrikanthMudaliar\AppData\Local\Programs\Python\Python312\Lib\site-packages\postgrest\_sync\request_builder.py", line 53, in execute
    raise APIError(dict(json_obj))
postgrest.exceptions.APIError: {'message': 'there is no unique or exclusion constraint matching the ON CONFLICT specification', 'code': '42P10', 'hint': None, 'details': None}
{
  "id": "subscriptions/49ce7e88-e929-4031-b5b2-c8b557e5da2d/providers/Microsoft.CostManagement/query/d748645c-835c-41f3-b2b1-c4bc60f08e22",
  "name": "d748645c-835c-41f3-b2b1-c4bc60f08e22",
  "type": "Microsoft.CostManagement/query",
  "columns": [
    {
      "name": "PreTaxCost",
      "type": "Number"
    },
    {
      "name": "ServiceName",
      "type": "String"
    },
    {
      "name": "Currency",
      "type": "String"
    }
  ],
  "rows": [
    [
      0.00122260323576629,
      "Bandwidth",
      "INR"
    ],
    [
      302.152493732331,
      "Storage",
      "INR"
    ],
    [
      3857.37652579429,
      "Virtual Machines",
      "INR"
    ],
    [
      203.021773203124,
      "Virtual Network",
      "INR"
    ]
  ]
}
Azure rows fetched: 4
Prepared Azure records:
[{'cloud': 'azure', 'account_name': 'azure-main', 'service_name': 'Bandwidth', 'region': 'global', 'resource_id': None, 'usage_date': '2026-05-19', 'usage_quantity': 0, 'cost': 0.00122260323576629, 'currency': 'USD', 'environment': None, 'application': None, 'tags': None}, {'cloud': 'azure', 'account_name': 'azure-main', 'service_name': 'Storage', 'region': 'global', 'resource_id': None, 'usage_date': '2026-05-19', 'usage_quantity': 0, 'cost': 302.152493732331, 'currency': 'USD', 'environment': None, 'application': None, 'tags': None}, {'cloud': 'azure', 'account_name': 'azure-main', 'service_name': 'Virtual Machines', 'region': 'global', 'resource_id': None, 'usage_date': '2026-05-19', 'usage_quantity': 0, 'cost': 3857.37652579429, 'currency': 'USD', 'environment': None, 'application': None, 'tags': None}]
Traceback (most recent call last):
  File "C:\Users\SrikanthMudaliar\AI-Cloud-Advisor\azure_cost_sync.py", line 152, in <module>
    .execute()
     ^^^^^^^^^
  File "C:\Users\SrikanthMudaliar\AppData\Local\Programs\Python\Python312\Lib\site-packages\postgrest\_sync\request_builder.py", line 53, in execute
    raise APIError(dict(json_obj))
postgrest.exceptions.APIError: {'message': 'there is no unique or exclusion constraint matching the ON CONFLICT specification', 'code': '42P10', 'hint': None, 'details': None}
{
  "id": "subscriptions/49ce7e88-e929-4031-b5b2-c8b557e5da2d/providers/Microsoft.CostManagement/query/bd3581c6-6b21-47c1-a3eb-e25b5e81910e",
  "name": "bd3581c6-6b21-47c1-a3eb-e25b5e81910e",
  "type": "Microsoft.CostManagement/query",
  "columns": [
    {
      "name": "PreTaxCost",
      "type": "Number"
    },
    {
      "name": "ServiceName",
      "type": "String"
    },
    {
      "name": "Currency",
      "type": "String"
    }
  ],
  "rows": [
    [
      0.00122260323576629,
      "Bandwidth",
      "INR"
    ],
    [
      302.152493732331,
      "Storage",
      "INR"
    ],
    [
      3857.37652579429,
      "Virtual Machines",
      "INR"
    ],
    [
      203.021773203124,
      "Virtual Network",
      "INR"
    ]
  ]
}
Azure rows fetched: 4
Prepared Azure records:
[{'cloud': 'azure', 'account_name': 'azure-main', 'service_name': 'Bandwidth', 'region': 'global', 'resource_id': None, 'usage_date': '2026-05-19', 'usage_quantity': 0, 'cost': 0.00122260323576629, 'currency': 'USD', 'environment': None, 'application': None, 'tags': None}, {'cloud': 'azure', 'account_name': 'azure-main', 'service_name': 'Storage', 'region': 'global', 'resource_id': None, 'usage_date': '2026-05-19', 'usage_quantity': 0, 'cost': 302.152493732331, 'currency': 'USD', 'environment': None, 'application': None, 'tags': None}, {'cloud': 'azure', 'account_name': 'azure-main', 'service_name': 'Virtual Machines', 'region': 'global', 'resource_id': None, 'usage_date': '2026-05-19', 'usage_quantity': 0, 'cost': 3857.37652579429, 'currency': 'USD', 'environment': None, 'application': None, 'tags': None}]
Traceback (most recent call last):
  File "C:\Users\SrikanthMudaliar\AI-Cloud-Advisor\azure_cost_sync.py", line 152, in <module>
    .execute()
     ^^^^^^^^^
  File "C:\Users\SrikanthMudaliar\AppData\Local\Programs\Python\Python312\Lib\site-packages\postgrest\_sync\request_builder.py", line 53, in execute
    raise APIError(dict(json_obj))
postgrest.exceptions.APIError: {'message': 'there is no unique or exclusion constraint matching the ON CONFLICT specification', 'code': '42P10', 'hint': None, 'details': None}
{
  "id": "subscriptions/49ce7e88-e929-4031-b5b2-c8b557e5da2d/providers/Microsoft.CostManagement/query/a01dc264-4eb1-4c12-ae70-15104942dbf4",
  "name": "a01dc264-4eb1-4c12-ae70-15104942dbf4",
  "type": "Microsoft.CostManagement/query",
  "columns": [
    {
      "name": "PreTaxCost",
      "type": "Number"
    },
    {
      "name": "ServiceName",
      "type": "String"
    },
    {
      "name": "Currency",
      "type": "String"
    }
  ],
  "rows": [
    [
      0.00122640722841024,
      "Bandwidth",
      "INR"
    ],
    [
      304.390663239459,
      "Storage",
      "INR"
    ],
    [
      3875.34078829429,
      "Virtual Machines",
      "INR"
    ],
    [
      204.440004453124,
      "Virtual Network",
      "INR"
    ]
  ]
}
Azure rows fetched: 4
Prepared Azure records:
[{'cloud': 'azure', 'account_name': 'azure-main', 'service_name': 'Bandwidth', 'region': 'global', 'resource_id': None, 'usage_date': '2026-05-19', 'usage_quantity': 0, 'cost': 0.00122640722841024, 'currency': 'USD', 'environment': None, 'application': None, 'tags': None}, {'cloud': 'azure', 'account_name': 'azure-main', 'service_name': 'Storage', 'region': 'global', 'resource_id': None, 'usage_date': '2026-05-19', 'usage_quantity': 0, 'cost': 304.390663239459, 'currency': 'USD', 'environment': None, 'application': None, 'tags': None}, {'cloud': 'azure', 'account_name': 'azure-main', 'service_name': 'Virtual Machines', 'region': 'global', 'resource_id': None, 'usage_date': '2026-05-19', 'usage_quantity': 0, 'cost': 3875.34078829429, 'currency': 'USD', 'environment': None, 'application': None, 'tags': None}]
Traceback (most recent call last):
  File "C:\Users\SrikanthMudaliar\AI-Cloud-Advisor\azure_cost_sync.py", line 152, in <module>
    .execute()
     ^^^^^^^^^
  File "C:\Users\SrikanthMudaliar\AppData\Local\Programs\Python\Python312\Lib\site-packages\postgrest\_sync\request_builder.py", line 53, in execute
    raise APIError(dict(json_obj))
postgrest.exceptions.APIError: {'message': 'there is no unique or exclusion constraint matching the ON CONFLICT specification', 'code': '42P10', 'hint': None, 'details': None}
{
  "id": "subscriptions/49ce7e88-e929-4031-b5b2-c8b557e5da2d/providers/Microsoft.CostManagement/query/78c56693-3ad7-4c6c-868c-1e7a9d92c6e5",
  "name": "78c56693-3ad7-4c6c-868c-1e7a9d92c6e5",
  "type": "Microsoft.CostManagement/query",
  "columns": [
    {
      "name": "PreTaxCost",
      "type": "Number"
    },
    {
      "name": "ServiceName",
      "type": "String"
    },
    {
      "name": "Currency",
      "type": "String"
    }
  ],
  "rows": [
    [
      0.00127471793498843,
      "Bandwidth",
      "INR"
    ],
    [
      314.835454272723,
      "Storage",
      "INR"
    ],
    [
      4010.07275704429,
      "Virtual Machines",
      "INR"
    ],
    [
      211.058416953124,
      "Virtual Network",
      "INR"
    ]
  ]
}
Azure rows fetched: 4
Prepared Azure records:
[{'cloud': 'azure', 'account_name': 'azure-main', 'service_name': 'Bandwidth', 'region': 'global', 'resource_id': None, 'usage_date': '2026-05-20', 'usage_quantity': 0, 'cost': 0.00127471793498843, 'currency': 'USD', 'environment': None, 'application': None, 'tags': None}, {'cloud': 'azure', 'account_name': 'azure-main', 'service_name': 'Storage', 'region': 'global', 'resource_id': None, 'usage_date': '2026-05-20', 'usage_quantity': 0, 'cost': 314.835454272723, 'currency': 'USD', 'environment': None, 'application': None, 'tags': None}, {'cloud': 'azure', 'account_name': 'azure-main', 'service_name': 'Virtual Machines', 'region': 'global', 'resource_id': None, 'usage_date': '2026-05-20', 'usage_quantity': 0, 'cost': 4010.07275704429, 'currency': 'USD', 'environment': None, 'application': None, 'tags': None}]
Traceback (most recent call last):
  File "C:\Users\SrikanthMudaliar\AI-Cloud-Advisor\azure_cost_sync.py", line 152, in <module>
    .execute()
     ^^^^^^^^^
  File "C:\Users\SrikanthMudaliar\AppData\Local\Programs\Python\Python312\Lib\site-packages\postgrest\_sync\request_builder.py", line 53, in execute
    raise APIError(dict(json_obj))
postgrest.exceptions.APIError: {'message': 'there is no unique or exclusion constraint matching the ON CONFLICT specification', 'code': '42P10', 'hint': None, 'details': None}
{
  "id": "subscriptions/49ce7e88-e929-4031-b5b2-c8b557e5da2d/providers/Microsoft.CostManagement/query/24c6a291-0ad5-44e7-935f-ca18411cc79e",
  "name": "24c6a291-0ad5-44e7-935f-ca18411cc79e",
  "type": "Microsoft.CostManagement/query",
  "columns": [
    {
      "name": "PreTaxCost",
      "type": "Number"
    },
    {
      "name": "ServiceName",
      "type": "String"
    },
    {
      "name": "Currency",
      "type": "String"
    }
  ],
  "rows": [
    [
      0.00128080432321876,
      "Bandwidth",
      "INR"
    ],
    [
      317.073623779851,
      "Storage",
      "INR"
    ],
    [
      4028.03701954429,
      "Virtual Machines",
      "INR"
    ],
    [
      211.531160703124,
      "Virtual Network",
      "INR"
    ]
  ]
}
Azure rows fetched: 4
Prepared Azure records:
[{'cloud': 'azure', 'account_name': 'azure-main', 'service_name': 'Bandwidth', 'region': 'global', 'resource_id': None, 'usage_date': '2026-05-20', 'usage_quantity': 0, 'cost': 0.00128080432321876, 'currency': 'USD', 'environment': None, 'application': None, 'tags': None}, {'cloud': 'azure', 'account_name': 'azure-main', 'service_name': 'Storage', 'region': 'global', 'resource_id': None, 'usage_date': '2026-05-20', 'usage_quantity': 0, 'cost': 317.073623779851, 'currency': 'USD', 'environment': None, 'application': None, 'tags': None}, {'cloud': 'azure', 'account_name': 'azure-main', 'service_name': 'Virtual Machines', 'region': 'global', 'resource_id': None, 'usage_date': '2026-05-20', 'usage_quantity': 0, 'cost': 4028.03701954429, 'currency': 'USD', 'environment': None, 'application': None, 'tags': None}]
Traceback (most recent call last):
  File "C:\Users\SrikanthMudaliar\AI-Cloud-Advisor\azure_cost_sync.py", line 152, in <module>
    .execute()
     ^^^^^^^^^
  File "C:\Users\SrikanthMudaliar\AppData\Local\Programs\Python\Python312\Lib\site-packages\postgrest\_sync\request_builder.py", line 53, in execute
    raise APIError(dict(json_obj))
postgrest.exceptions.APIError: {'message': 'there is no unique or exclusion constraint matching the ON CONFLICT specification', 'code': '42P10', 'hint': None, 'details': None}
{
  "id": "subscriptions/49ce7e88-e929-4031-b5b2-c8b557e5da2d/providers/Microsoft.CostManagement/query/f0da01b4-9053-40af-8f23-18b88549c661",
  "name": "f0da01b4-9053-40af-8f23-18b88549c661",
  "type": "Microsoft.CostManagement/query",
  "columns": [
    {
      "name": "PreTaxCost",
      "type": "Number"
    },
    {
      "name": "ServiceName",
      "type": "String"
    },
    {
      "name": "Currency",
      "type": "String"
    }
  ],
  "rows": [
    [
      0.00128080432321876,
      "Bandwidth",
      "INR"
    ],
    [
      317.073623779851,
      "Storage",
      "INR"
    ],
    [
      4028.03701954429,
      "Virtual Machines",
      "INR"
    ],
    [
      211.531160703124,
      "Virtual Network",
      "INR"
    ]
  ]
}
Azure rows fetched: 4
Prepared Azure records:
[{'cloud': 'azure', 'account_name': 'azure-main', 'service_name': 'Bandwidth', 'region': 'global', 'resource_id': None, 'usage_date': '2026-05-20', 'usage_quantity': 0, 'cost': 0.00128080432321876, 'currency': 'USD', 'environment': None, 'application': None, 'tags': None}, {'cloud': 'azure', 'account_name': 'azure-main', 'service_name': 'Storage', 'region': 'global', 'resource_id': None, 'usage_date': '2026-05-20', 'usage_quantity': 0, 'cost': 317.073623779851, 'currency': 'USD', 'environment': None, 'application': None, 'tags': None}, {'cloud': 'azure', 'account_name': 'azure-main', 'service_name': 'Virtual Machines', 'region': 'global', 'resource_id': None, 'usage_date': '2026-05-20', 'usage_quantity': 0, 'cost': 4028.03701954429, 'currency': 'USD', 'environment': None, 'application': None, 'tags': None}]
Traceback (most recent call last):
  File "C:\Users\SrikanthMudaliar\AI-Cloud-Advisor\azure_cost_sync.py", line 152, in <module>
    .execute()
     ^^^^^^^^^
  File "C:\Users\SrikanthMudaliar\AppData\Local\Programs\Python\Python312\Lib\site-packages\postgrest\_sync\request_builder.py", line 53, in execute
    raise APIError(dict(json_obj))
postgrest.exceptions.APIError: {'message': 'there is no unique or exclusion constraint matching the ON CONFLICT specification', 'code': '42P10', 'hint': None, 'details': None}
{
  "id": "subscriptions/49ce7e88-e929-4031-b5b2-c8b557e5da2d/providers/Microsoft.CostManagement/query/e11724ae-5e29-4723-b4ad-40579387317f",
  "name": "e11724ae-5e29-4723-b4ad-40579387317f",
  "type": "Microsoft.CostManagement/query",
  "columns": [
    {
      "name": "PreTaxCost",
      "type": "Number"
    },
    {
      "name": "ServiceName",
      "type": "String"
    },
    {
      "name": "Currency",
      "type": "String"
    }
  ],
  "rows": [
    [
      0.00128080432321876,
      "Bandwidth",
      "INR"
    ],
    [
      317.073623779851,
      "Storage",
      "INR"
    ],
    [
      4028.03701954429,
      "Virtual Machines",
      "INR"
    ],
    [
      211.531160703124,
      "Virtual Network",
      "INR"
    ]
  ]
}
Azure rows fetched: 4
Prepared Azure records:
[{'cloud': 'azure', 'account_name': 'azure-main', 'service_name': 'Bandwidth', 'region': 'global', 'resource_id': None, 'usage_date': '2026-05-20', 'usage_quantity': 0, 'cost': 0.00128080432321876, 'currency': 'USD', 'environment': None, 'application': None, 'tags': None}, {'cloud': 'azure', 'account_name': 'azure-main', 'service_name': 'Storage', 'region': 'global', 'resource_id': None, 'usage_date': '2026-05-20', 'usage_quantity': 0, 'cost': 317.073623779851, 'currency': 'USD', 'environment': None, 'application': None, 'tags': None}, {'cloud': 'azure', 'account_name': 'azure-main', 'service_name': 'Virtual Machines', 'region': 'global', 'resource_id': None, 'usage_date': '2026-05-20', 'usage_quantity': 0, 'cost': 4028.03701954429, 'currency': 'USD', 'environment': None, 'application': None, 'tags': None}]
Traceback (most recent call last):
  File "C:\Users\SrikanthMudaliar\AI-Cloud-Advisor\azure_cost_sync.py", line 152, in <module>
    .execute()
     ^^^^^^^^^
  File "C:\Users\SrikanthMudaliar\AppData\Local\Programs\Python\Python312\Lib\site-packages\postgrest\_sync\request_builder.py", line 53, in execute
    raise APIError(dict(json_obj))
postgrest.exceptions.APIError: {'message': 'there is no unique or exclusion constraint matching the ON CONFLICT specification', 'code': '42P10', 'hint': None, 'details': None}
{
  "id": "subscriptions/49ce7e88-e929-4031-b5b2-c8b557e5da2d/providers/Microsoft.CostManagement/query/f15e33b0-615e-40b0-a098-3fefdf8f9c86",
  "name": "f15e33b0-615e-40b0-a098-3fefdf8f9c86",
  "type": "Microsoft.CostManagement/query",
  "columns": [
    {
      "name": "PreTaxCost",
      "type": "Number"
    },
    {
      "name": "ServiceName",
      "type": "String"
    },
    {
      "name": "Currency",
      "type": "String"
    }
  ],
  "rows": [
    [
      0.00128346711806952,
      "Bandwidth",
      "INR"
    ],
    [
      318.565736784603,
      "Storage",
      "INR"
    ],
    [
      4046.00128204429,
      "Virtual Machines",
      "INR"
    ],
    [
      211.531160703124,
      "Virtual Network",
      "INR"
    ]
  ]
}
Azure rows fetched: 4
Prepared Azure records:
[{'cloud': 'azure', 'account_name': 'azure-main', 'service_name': 'Bandwidth', 'region': 'global', 'resource_id': None, 'usage_date': '2026-05-20', 'usage_quantity': 0, 'cost': 0.00128346711806952, 'currency': 'USD', 'environment': None, 'application': None, 'tags': None}, {'cloud': 'azure', 'account_name': 'azure-main', 'service_name': 'Storage', 'region': 'global', 'resource_id': None, 'usage_date': '2026-05-20', 'usage_quantity': 0, 'cost': 318.565736784603, 'currency': 'USD', 'environment': None, 'application': None, 'tags': None}, {'cloud': 'azure', 'account_name': 'azure-main', 'service_name': 'Virtual Machines', 'region': 'global', 'resource_id': None, 'usage_date': '2026-05-20', 'usage_quantity': 0, 'cost': 4046.00128204429, 'currency': 'USD', 'environment': None, 'application': None, 'tags': None}]
Traceback (most recent call last):
  File "C:\Users\SrikanthMudaliar\AI-Cloud-Advisor\azure_cost_sync.py", line 152, in <module>
    .execute()
     ^^^^^^^^^
  File "C:\Users\SrikanthMudaliar\AppData\Local\Programs\Python\Python312\Lib\site-packages\postgrest\_sync\request_builder.py", line 53, in execute
    raise APIError(dict(json_obj))
postgrest.exceptions.APIError: {'message': 'there is no unique or exclusion constraint matching the ON CONFLICT specification', 'code': '42P10', 'hint': None, 'details': None}
{
  "id": "subscriptions/49ce7e88-e929-4031-b5b2-c8b557e5da2d/providers/Microsoft.CostManagement/query/56fbe04d-ebe1-41c1-9824-1925bea6cf13",
  "name": "56fbe04d-ebe1-41c1-9824-1925bea6cf13",
  "type": "Microsoft.CostManagement/query",
  "columns": [
    {
      "name": "PreTaxCost",
      "type": "Number"
    },
    {
      "name": "ServiceName",
      "type": "String"
    },
    {
      "name": "Currency",
      "type": "String"
    }
  ],
  "rows": [
    [
      0.00128803190924227,
      "Bandwidth",
      "INR"
    ],
    [
      319.311793286979,
      "Storage",
      "INR"
    ],
    [
      4063.96554454429,
      "Virtual Machines",
      "INR"
    ],
    [
      211.531160703124,
      "Virtual Network",
      "INR"
    ]
  ]
}
Azure rows fetched: 4
Prepared Azure records:
[{'cloud': 'azure', 'account_name': 'azure-main', 'service_name': 'Bandwidth', 'region': 'global', 'resource_id': None, 'usage_date': '2026-05-20', 'usage_quantity': 0, 'cost': 0.00128803190924227, 'currency': 'USD', 'environment': None, 'application': None, 'tags': None}, {'cloud': 'azure', 'account_name': 'azure-main', 'service_name': 'Storage', 'region': 'global', 'resource_id': None, 'usage_date': '2026-05-20', 'usage_quantity': 0, 'cost': 319.311793286979, 'currency': 'USD', 'environment': None, 'application': None, 'tags': None}, {'cloud': 'azure', 'account_name': 'azure-main', 'service_name': 'Virtual Machines', 'region': 'global', 'resource_id': None, 'usage_date': '2026-05-20', 'usage_quantity': 0, 'cost': 4063.96554454429, 'currency': 'USD', 'environment': None, 'application': None, 'tags': None}]
Traceback (most recent call last):
  File "C:\Users\SrikanthMudaliar\AI-Cloud-Advisor\azure_cost_sync.py", line 152, in <module>
    .execute()
     ^^^^^^^^^
  File "C:\Users\SrikanthMudaliar\AppData\Local\Programs\Python\Python312\Lib\site-packages\postgrest\_sync\request_builder.py", line 53, in execute
    raise APIError(dict(json_obj))
postgrest.exceptions.APIError: {'message': 'there is no unique or exclusion constraint matching the ON CONFLICT specification', 'code': '42P10', 'hint': None, 'details': None}
Traceback (most recent call last):
  File "C:\Users\SrikanthMudaliar\AI-Cloud-Advisor\azure_cost_sync.py", line 52, in <module>
    query_result = cost_client.query.usage(
                   ^^^^^^^^^^^^^^^^^^^^^^^^
  File "C:\Users\SrikanthMudaliar\AppData\Local\Programs\Python\Python312\Lib\site-packages\azure\core\tracing\decorator.py", line 119, in wrapper_use_tracer
    return func(*args, **kwargs)
           ^^^^^^^^^^^^^^^^^^^^^
  File "C:\Users\SrikanthMudaliar\AppData\Local\Programs\Python\Python312\Lib\site-packages\azure\mgmt\costmanagement\operations\_query_operations.py", line 278, in usage
    raise HttpResponseError(response=response, model=error, error_format=ARMErrorFormat)
azure.core.exceptions.HttpResponseError: (429) Too many requests. Please retry.
Code: 429
Message: Too many requests. Please retry.
Traceback (most recent call last):
  File "C:\Users\SrikanthMudaliar\AI-Cloud-Advisor\azure_cost_sync.py", line 52, in <module>
    query_result = cost_client.query.usage(
                   ^^^^^^^^^^^^^^^^^^^^^^^^
  File "C:\Users\SrikanthMudaliar\AppData\Local\Programs\Python\Python312\Lib\site-packages\azure\core\tracing\decorator.py", line 119, in wrapper_use_tracer
    return func(*args, **kwargs)
           ^^^^^^^^^^^^^^^^^^^^^
  File "C:\Users\SrikanthMudaliar\AppData\Local\Programs\Python\Python312\Lib\site-packages\azure\mgmt\costmanagement\operations\_query_operations.py", line 278, in usage
    raise HttpResponseError(response=response, model=error, error_format=ARMErrorFormat)
azure.core.exceptions.HttpResponseError: (429) Too many requests. Please retry.
Code: 429
Message: Too many requests. Please retry.
{
  "id": "subscriptions/49ce7e88-e929-4031-b5b2-c8b557e5da2d/providers/Microsoft.CostManagement/query/d902080c-84b3-4cfe-8ad6-e5baeaed666b",
  "name": "d902080c-84b3-4cfe-8ad6-e5baeaed666b",
  "type": "Microsoft.CostManagement/query",
  "columns": [
    {
      "name": "PreTaxCost",
      "type": "Number"
    },
    {
      "name": "ServiceName",
      "type": "String"
    },
    {
      "name": "Currency",
      "type": "String"
    }
  ],
  "rows": [
    [
      0.00128803190924227,
      "Bandwidth",
      "INR"
    ],
    [
      319.311793286979,
      "Storage",
      "INR"
    ],
    [
      4063.96554454429,
      "Virtual Machines",
      "INR"
    ],
    [
      211.531160703124,
      "Virtual Network",
      "INR"
    ]
  ]
}
Azure rows fetched: 4
Prepared Azure records:
[{'cloud': 'azure', 'account_name': 'azure-main', 'service_name': 'Bandwidth', 'region': 'global', 'resource_id': None, 'usage_date': '2026-05-20', 'usage_quantity': 0, 'cost': 0.00128803190924227, 'currency': 'USD', 'environment': None, 'application': None, 'tags': None}, {'cloud': 'azure', 'account_name': 'azure-main', 'service_name': 'Storage', 'region': 'global', 'resource_id': None, 'usage_date': '2026-05-20', 'usage_quantity': 0, 'cost': 319.311793286979, 'currency': 'USD', 'environment': None, 'application': None, 'tags': None}, {'cloud': 'azure', 'account_name': 'azure-main', 'service_name': 'Virtual Machines', 'region': 'global', 'resource_id': None, 'usage_date': '2026-05-20', 'usage_quantity': 0, 'cost': 4063.96554454429, 'currency': 'USD', 'environment': None, 'application': None, 'tags': None}]
Traceback (most recent call last):
  File "C:\Users\SrikanthMudaliar\AI-Cloud-Advisor\azure_cost_sync.py", line 152, in <module>
    .execute()
     ^^^^^^^^^
  File "C:\Users\SrikanthMudaliar\AppData\Local\Programs\Python\Python312\Lib\site-packages\postgrest\_sync\request_builder.py", line 53, in execute
    raise APIError(dict(json_obj))
postgrest.exceptions.APIError: {'message': 'there is no unique or exclusion constraint matching the ON CONFLICT specification', 'code': '42P10', 'hint': None, 'details': None}
{
  "id": "subscriptions/49ce7e88-e929-4031-b5b2-c8b557e5da2d/providers/Microsoft.CostManagement/query/890c686d-4700-425e-bb80-024c475cde9b",
  "name": "890c686d-4700-425e-bb80-024c475cde9b",
  "type": "Microsoft.CostManagement/query",
  "columns": [
    {
      "name": "PreTaxCost",
      "type": "Number"
    },
    {
      "name": "ServiceName",
      "type": "String"
    },
    {
      "name": "Currency",
      "type": "String"
    }
  ],
  "rows": [
    [
      0.00128803190924227,
      "Bandwidth",
      "INR"
    ],
    [
      319.311793286979,
      "Storage",
      "INR"
    ],
    [
      4063.96554454429,
      "Virtual Machines",
      "INR"
    ],
    [
      211.531160703124,
      "Virtual Network",
      "INR"
    ]
  ]
}
Azure rows fetched: 4
Prepared Azure records:
[{'cloud': 'azure', 'account_name': 'azure-main', 'service_name': 'Bandwidth', 'region': 'global', 'resource_id': None, 'usage_date': '2026-05-20', 'usage_quantity': 0, 'cost': 0.00128803190924227, 'currency': 'USD', 'environment': None, 'application': None, 'tags': None}, {'cloud': 'azure', 'account_name': 'azure-main', 'service_name': 'Storage', 'region': 'global', 'resource_id': None, 'usage_date': '2026-05-20', 'usage_quantity': 0, 'cost': 319.311793286979, 'currency': 'USD', 'environment': None, 'application': None, 'tags': None}, {'cloud': 'azure', 'account_name': 'azure-main', 'service_name': 'Virtual Machines', 'region': 'global', 'resource_id': None, 'usage_date': '2026-05-20', 'usage_quantity': 0, 'cost': 4063.96554454429, 'currency': 'USD', 'environment': None, 'application': None, 'tags': None}]
Traceback (most recent call last):
  File "C:\Users\SrikanthMudaliar\AI-Cloud-Advisor\azure_cost_sync.py", line 152, in <module>
    .execute()
     ^^^^^^^^^
  File "C:\Users\SrikanthMudaliar\AppData\Local\Programs\Python\Python312\Lib\site-packages\postgrest\_sync\request_builder.py", line 53, in execute
    raise APIError(dict(json_obj))
postgrest.exceptions.APIError: {'message': 'there is no unique or exclusion constraint matching the ON CONFLICT specification', 'code': '42P10', 'hint': None, 'details': None}
{
  "id": "subscriptions/49ce7e88-e929-4031-b5b2-c8b557e5da2d/providers/Microsoft.CostManagement/query/da4bef6f-e796-49e0-93c5-a8d04c05b162",
  "name": "da4bef6f-e796-49e0-93c5-a8d04c05b162",
  "type": "Microsoft.CostManagement/query",
  "columns": [
    {
      "name": "PreTaxCost",
      "type": "Number"
    },
    {
      "name": "ServiceName",
      "type": "String"
    },
    {
      "name": "Currency",
      "type": "String"
    }
  ],
  "rows": [
    [
      0.00129640069305896,
      "Bandwidth",
      "INR"
    ],
    [
      320.803906291731,
      "Storage",
      "INR"
    ],
    [
      4081.92980704429,
      "Virtual Machines",
      "INR"
    ],
    [
      213.422135703124,
      "Virtual Network",
      "INR"
    ]
  ]
}
Azure rows fetched: 4
Prepared Azure records:
[{'cloud': 'azure', 'account_name': 'azure-main', 'service_name': 'Bandwidth', 'region': 'global', 'resource_id': None, 'usage_date': '2026-05-20', 'usage_quantity': 0, 'cost': 0.00129640069305896, 'currency': 'USD', 'environment': None, 'application': None, 'tags': None}, {'cloud': 'azure', 'account_name': 'azure-main', 'service_name': 'Storage', 'region': 'global', 'resource_id': None, 'usage_date': '2026-05-20', 'usage_quantity': 0, 'cost': 320.803906291731, 'currency': 'USD', 'environment': None, 'application': None, 'tags': None}, {'cloud': 'azure', 'account_name': 'azure-main', 'service_name': 'Virtual Machines', 'region': 'global', 'resource_id': None, 'usage_date': '2026-05-20', 'usage_quantity': 0, 'cost': 4081.92980704429, 'currency': 'USD', 'environment': None, 'application': None, 'tags': None}]
Traceback (most recent call last):
  File "C:\Users\SrikanthMudaliar\AI-Cloud-Advisor\azure_cost_sync.py", line 152, in <module>
    .execute()
     ^^^^^^^^^
  File "C:\Users\SrikanthMudaliar\AppData\Local\Programs\Python\Python312\Lib\site-packages\postgrest\_sync\request_builder.py", line 53, in execute
    raise APIError(dict(json_obj))
postgrest.exceptions.APIError: {'message': 'there is no unique or exclusion constraint matching the ON CONFLICT specification', 'code': '42P10', 'hint': None, 'details': None}
{
  "id": "subscriptions/49ce7e88-e929-4031-b5b2-c8b557e5da2d/providers/Microsoft.CostManagement/query/c5fbbddd-0ddc-4417-948f-d1d1182a4f68",
  "name": "c5fbbddd-0ddc-4417-948f-d1d1182a4f68",
  "type": "Microsoft.CostManagement/query",
  "columns": [
    {
      "name": "PreTaxCost",
      "type": "Number"
    },
    {
      "name": "ServiceName",
      "type": "String"
    },
    {
      "name": "Currency",
      "type": "String"
    }
  ],
  "rows": [
    [
      0.00129640069305896,
      "Bandwidth",
      "INR"
    ],
    [
      320.803906291731,
      "Storage",
      "INR"
    ],
    [
      4081.92980704429,
      "Virtual Machines",
      "INR"
    ],
    [
      213.422135703124,
      "Virtual Network",
      "INR"
    ]
  ]
}
Azure rows fetched: 4
Prepared Azure records:
[{'cloud': 'azure', 'account_name': 'azure-main', 'service_name': 'Bandwidth', 'region': 'global', 'resource_id': None, 'usage_date': '2026-05-20', 'usage_quantity': 0, 'cost': 0.00129640069305896, 'currency': 'USD', 'environment': None, 'application': None, 'tags': None}, {'cloud': 'azure', 'account_name': 'azure-main', 'service_name': 'Storage', 'region': 'global', 'resource_id': None, 'usage_date': '2026-05-20', 'usage_quantity': 0, 'cost': 320.803906291731, 'currency': 'USD', 'environment': None, 'application': None, 'tags': None}, {'cloud': 'azure', 'account_name': 'azure-main', 'service_name': 'Virtual Machines', 'region': 'global', 'resource_id': None, 'usage_date': '2026-05-20', 'usage_quantity': 0, 'cost': 4081.92980704429, 'currency': 'USD', 'environment': None, 'application': None, 'tags': None}]
Traceback (most recent call last):
  File "C:\Users\SrikanthMudaliar\AI-Cloud-Advisor\azure_cost_sync.py", line 152, in <module>
    .execute()
     ^^^^^^^^^
  File "C:\Users\SrikanthMudaliar\AppData\Local\Programs\Python\Python312\Lib\site-packages\postgrest\_sync\request_builder.py", line 53, in execute
    raise APIError(dict(json_obj))
postgrest.exceptions.APIError: {'message': 'there is no unique or exclusion constraint matching the ON CONFLICT specification', 'code': '42P10', 'hint': None, 'details': None}
{
  "id": "subscriptions/49ce7e88-e929-4031-b5b2-c8b557e5da2d/providers/Microsoft.CostManagement/query/fa20a15c-a7a5-4ed0-a435-e6fd7fe8f4c5",
  "name": "fa20a15c-a7a5-4ed0-a435-e6fd7fe8f4c5",
  "type": "Microsoft.CostManagement/query",
  "columns": [
    {
      "name": "PreTaxCost",
      "type": "Number"
    },
    {
      "name": "ServiceName",
      "type": "String"
    },
    {
      "name": "Currency",
      "type": "String"
    }
  ],
  "rows": [
    [
      0.00133938580993562,
      "Bandwidth",
      "INR"
    ],
    [
      331.248697324995,
      "Storage",
      "INR"
    ],
    [
      4207.67964454429,
      "Virtual Machines",
      "INR"
    ],
    [
      221.458779453124,
      "Virtual Network",
      "INR"
    ]
  ]
}
Azure rows fetched: 4
Prepared Azure records:
[{'cloud': 'azure', 'account_name': 'azure-main', 'service_name': 'Bandwidth', 'region': 'global', 'resource_id': None, 'usage_date': '2026-05-21', 'usage_quantity': 0, 'cost': 0.00133938580993562, 'currency': 'USD', 'environment': None, 'application': None, 'tags': None}, {'cloud': 'azure', 'account_name': 'azure-main', 'service_name': 'Storage', 'region': 'global', 'resource_id': None, 'usage_date': '2026-05-21', 'usage_quantity': 0, 'cost': 331.248697324995, 'currency': 'USD', 'environment': None, 'application': None, 'tags': None}, {'cloud': 'azure', 'account_name': 'azure-main', 'service_name': 'Virtual Machines', 'region': 'global', 'resource_id': None, 'usage_date': '2026-05-21', 'usage_quantity': 0, 'cost': 4207.67964454429, 'currency': 'USD', 'environment': None, 'application': None, 'tags': None}]
Traceback (most recent call last):
  File "C:\Users\SrikanthMudaliar\AI-Cloud-Advisor\azure_cost_sync.py", line 152, in <module>
    .execute()
     ^^^^^^^^^
  File "C:\Users\SrikanthMudaliar\AppData\Local\Programs\Python\Python312\Lib\site-packages\postgrest\_sync\request_builder.py", line 53, in execute
    raise APIError(dict(json_obj))
postgrest.exceptions.APIError: {'message': 'there is no unique or exclusion constraint matching the ON CONFLICT specification', 'code': '42P10', 'hint': None, 'details': None}
{
  "id": "subscriptions/49ce7e88-e929-4031-b5b2-c8b557e5da2d/providers/Microsoft.CostManagement/query/fd65379b-b0bd-43a6-ad7a-d10736c44fa0",
  "name": "fd65379b-b0bd-43a6-ad7a-d10736c44fa0",
  "type": "Microsoft.CostManagement/query",
  "columns": [
    {
      "name": "PreTaxCost",
      "type": "Number"
    },
    {
      "name": "ServiceName",
      "type": "String"
    },
    {
      "name": "Currency",
      "type": "String"
    }
  ],
  "rows": [
    [
      0.00133938580993562,
      "Bandwidth",
      "INR"
    ],
    [
      331.248697324995,
      "Storage",
      "INR"
    ],
    [
      4207.67964454429,
      "Virtual Machines",
      "INR"
    ],
    [
      221.458779453124,
      "Virtual Network",
      "INR"
    ]
  ]
}
Azure rows fetched: 4
Prepared Azure records:
[{'cloud': 'azure', 'account_name': 'azure-main', 'service_name': 'Bandwidth', 'region': 'global', 'resource_id': None, 'usage_date': '2026-05-21', 'usage_quantity': 0, 'cost': 0.00133938580993562, 'currency': 'USD', 'environment': None, 'application': None, 'tags': None}, {'cloud': 'azure', 'account_name': 'azure-main', 'service_name': 'Storage', 'region': 'global', 'resource_id': None, 'usage_date': '2026-05-21', 'usage_quantity': 0, 'cost': 331.248697324995, 'currency': 'USD', 'environment': None, 'application': None, 'tags': None}, {'cloud': 'azure', 'account_name': 'azure-main', 'service_name': 'Virtual Machines', 'region': 'global', 'resource_id': None, 'usage_date': '2026-05-21', 'usage_quantity': 0, 'cost': 4207.67964454429, 'currency': 'USD', 'environment': None, 'application': None, 'tags': None}]
Traceback (most recent call last):
  File "C:\Users\SrikanthMudaliar\AI-Cloud-Advisor\azure_cost_sync.py", line 152, in <module>
    .execute()
     ^^^^^^^^^
  File "C:\Users\SrikanthMudaliar\AppData\Local\Programs\Python\Python312\Lib\site-packages\postgrest\_sync\request_builder.py", line 53, in execute
    raise APIError(dict(json_obj))
postgrest.exceptions.APIError: {'message': 'there is no unique or exclusion constraint matching the ON CONFLICT specification', 'code': '42P10', 'hint': None, 'details': None}
{
  "id": "subscriptions/49ce7e88-e929-4031-b5b2-c8b557e5da2d/providers/Microsoft.CostManagement/query/97ac54d6-22cd-42cf-a5f5-22968a437087",
  "name": "97ac54d6-22cd-42cf-a5f5-22968a437087",
  "type": "Microsoft.CostManagement/query",
  "columns": [
    {
      "name": "PreTaxCost",
      "type": "Number"
    },
    {
      "name": "ServiceName",
      "type": "String"
    },
    {
      "name": "Currency",
      "type": "String"
    }
  ],
  "rows": [
    [
      0.00134623299669474,
      "Bandwidth",
      "INR"
    ],
    [
      334.903807983339,
      "Storage",
      "INR"
    ],
    [
      4243.60816954429,
      "Virtual Machines",
      "INR"
    ],
    [
      223.349754453124,
      "Virtual Network",
      "INR"
    ]
  ]
}
Azure rows fetched: 4
Prepared Azure records:
[{'cloud': 'azure', 'account_name': 'azure-main', 'service_name': 'Bandwidth', 'region': 'global', 'resource_id': None, 'usage_date': '2026-05-21', 'usage_quantity': 0, 'cost': 0.00134623299669474, 'currency': 'USD', 'environment': None, 'application': None, 'tags': None}, {'cloud': 'azure', 'account_name': 'azure-main', 'service_name': 'Storage', 'region': 'global', 'resource_id': None, 'usage_date': '2026-05-21', 'usage_quantity': 0, 'cost': 334.903807983339, 'currency': 'USD', 'environment': None, 'application': None, 'tags': None}, {'cloud': 'azure', 'account_name': 'azure-main', 'service_name': 'Virtual Machines', 'region': 'global', 'resource_id': None, 'usage_date': '2026-05-21', 'usage_quantity': 0, 'cost': 4243.60816954429, 'currency': 'USD', 'environment': None, 'application': None, 'tags': None}]
Traceback (most recent call last):
  File "C:\Users\SrikanthMudaliar\AI-Cloud-Advisor\azure_cost_sync.py", line 152, in <module>
    .execute()
     ^^^^^^^^^
  File "C:\Users\SrikanthMudaliar\AppData\Local\Programs\Python\Python312\Lib\site-packages\postgrest\_sync\request_builder.py", line 53, in execute
    raise APIError(dict(json_obj))
postgrest.exceptions.APIError: {'message': 'there is no unique or exclusion constraint matching the ON CONFLICT specification', 'code': '42P10', 'hint': None, 'details': None}
{
  "id": "subscriptions/49ce7e88-e929-4031-b5b2-c8b557e5da2d/providers/Microsoft.CostManagement/query/6aa37f41-00a4-4c57-bb6e-4172fb550801",
  "name": "6aa37f41-00a4-4c57-bb6e-4172fb550801",
  "type": "Microsoft.CostManagement/query",
  "columns": [
    {
      "name": "PreTaxCost",
      "type": "Number"
    },
    {
      "name": "ServiceName",
      "type": "String"
    },
    {
      "name": "Currency",
      "type": "String"
    }
  ],
  "rows": [
    [
      0.00134623299669474,
      "Bandwidth",
      "INR"
    ],
    [
      334.903807983339,
      "Storage",
      "INR"
    ],
    [
      4243.60816954429,
      "Virtual Machines",
      "INR"
    ],
    [
      223.349754453124,
      "Virtual Network",
      "INR"
    ]
  ]
}
Azure rows fetched: 4
Prepared Azure records:
[{'cloud': 'azure', 'account_name': 'azure-main', 'service_name': 'Bandwidth', 'region': 'global', 'resource_id': None, 'usage_date': '2026-05-21', 'usage_quantity': 0, 'cost': 0.00134623299669474, 'currency': 'USD', 'environment': None, 'application': None, 'tags': None}, {'cloud': 'azure', 'account_name': 'azure-main', 'service_name': 'Storage', 'region': 'global', 'resource_id': None, 'usage_date': '2026-05-21', 'usage_quantity': 0, 'cost': 334.903807983339, 'currency': 'USD', 'environment': None, 'application': None, 'tags': None}, {'cloud': 'azure', 'account_name': 'azure-main', 'service_name': 'Virtual Machines', 'region': 'global', 'resource_id': None, 'usage_date': '2026-05-21', 'usage_quantity': 0, 'cost': 4243.60816954429, 'currency': 'USD', 'environment': None, 'application': None, 'tags': None}]
Traceback (most recent call last):
  File "C:\Users\SrikanthMudaliar\AI-Cloud-Advisor\azure_cost_sync.py", line 152, in <module>
    .execute()
     ^^^^^^^^^
  File "C:\Users\SrikanthMudaliar\AppData\Local\Programs\Python\Python312\Lib\site-packages\postgrest\_sync\request_builder.py", line 53, in execute
    raise APIError(dict(json_obj))
postgrest.exceptions.APIError: {'message': 'there is no unique or exclusion constraint matching the ON CONFLICT specification', 'code': '42P10', 'hint': None, 'details': None}
ClientSecretCredential.get_token_info failed: Authentication failed: HTTPSConnection(host='login.microsoftonline.com', port=443): Failed to resolve 'login.microsoftonline.com' ([Errno 11001] getaddrinfo failed)
Traceback (most recent call last):
  File "C:\Users\SrikanthMudaliar\AppData\Local\Programs\Python\Python312\Lib\site-packages\azure\identity\_internal\decorators.py", line 75, in wrapper
    return fn(*args, **kwargs)
           ^^^^^^^^^^^^^^^^^^^
  File "C:\Users\SrikanthMudaliar\AppData\Local\Programs\Python\Python312\Lib\site-packages\azure\identity\_internal\client_credential_base.py", line 27, in _acquire_token_silently
    app = self._get_app(**kwargs)
          ^^^^^^^^^^^^^^^^^^^^^^^
  File "C:\Users\SrikanthMudaliar\AppData\Local\Programs\Python\Python312\Lib\site-packages\azure\identity\_internal\msal_credentials.py", line 109, in _get_app
    client_applications_map[tenant_id] = app_class(
                                         ^^^^^^^^^^
  File "C:\Users\SrikanthMudaliar\AppData\Local\Programs\Python\Python312\Lib\site-packages\msal\application.py", line 649, in __init__
    self.authority = Authority(
                     ^^^^^^^^^^
  File "C:\Users\SrikanthMudaliar\AppData\Local\Programs\Python\Python312\Lib\site-packages\msal\authority.py", line 98, in __init__
    openid_config = tenant_discovery(
                    ^^^^^^^^^^^^^^^^^
  File "C:\Users\SrikanthMudaliar\AppData\Local\Programs\Python\Python312\Lib\site-packages\msal\authority.py", line 292, in tenant_discovery
    resp = http_client.get(tenant_discovery_endpoint, **kwargs)
           ^^^^^^^^^^^^^^^^^^^^^^^^^^^^^^^^^^^^^^^^^^^^^^^^^^^^
  File "C:\Users\SrikanthMudaliar\AppData\Local\Programs\Python\Python312\Lib\site-packages\msal\individual_cache.py", line 273, in wrapper
    value = function(*args, **kwargs)
            ^^^^^^^^^^^^^^^^^^^^^^^^^
  File "C:\Users\SrikanthMudaliar\AppData\Local\Programs\Python\Python312\Lib\site-packages\msal\throttled_http_client.py", line 99, in get
    return NormalizedResponse(self.http_client.get(*args, **kwargs))
                              ^^^^^^^^^^^^^^^^^^^^^^^^^^^^^^^^^^^^^
  File "C:\Users\SrikanthMudaliar\AppData\Local\Programs\Python\Python312\Lib\site-packages\azure\identity\_internal\msal_client.py", line 107, in get
    response = self._pipeline.run(request, stream=False)
               ^^^^^^^^^^^^^^^^^^^^^^^^^^^^^^^^^^^^^^^^^
  File "C:\Users\SrikanthMudaliar\AppData\Local\Programs\Python\Python312\Lib\site-packages\azure\core\pipeline\_base.py", line 242, in run
    return first_node.send(pipeline_request)
           ^^^^^^^^^^^^^^^^^^^^^^^^^^^^^^^^^
  File "C:\Users\SrikanthMudaliar\AppData\Local\Programs\Python\Python312\Lib\site-packages\azure\core\pipeline\_base.py", line 98, in send
    response = self.next.send(request)
               ^^^^^^^^^^^^^^^^^^^^^^^
  File "C:\Users\SrikanthMudaliar\AppData\Local\Programs\Python\Python312\Lib\site-packages\azure\core\pipeline\_base.py", line 98, in send
    response = self.next.send(request)
               ^^^^^^^^^^^^^^^^^^^^^^^
  File "C:\Users\SrikanthMudaliar\AppData\Local\Programs\Python\Python312\Lib\site-packages\azure\core\pipeline\_base.py", line 98, in send
    response = self.next.send(request)
               ^^^^^^^^^^^^^^^^^^^^^^^
  [Previous line repeated 1 more time]
  File "C:\Users\SrikanthMudaliar\AppData\Local\Programs\Python\Python312\Lib\site-packages\azure\core\pipeline\policies\_retry.py", line 567, in send
    raise err
  File "C:\Users\SrikanthMudaliar\AppData\Local\Programs\Python\Python312\Lib\site-packages\azure\core\pipeline\policies\_retry.py", line 545, in send
    response = self.next.send(request)
               ^^^^^^^^^^^^^^^^^^^^^^^
  File "C:\Users\SrikanthMudaliar\AppData\Local\Programs\Python\Python312\Lib\site-packages\azure\core\pipeline\_base.py", line 98, in send
    response = self.next.send(request)
               ^^^^^^^^^^^^^^^^^^^^^^^
  File "C:\Users\SrikanthMudaliar\AppData\Local\Programs\Python\Python312\Lib\site-packages\azure\core\pipeline\_base.py", line 98, in send
    response = self.next.send(request)
               ^^^^^^^^^^^^^^^^^^^^^^^
  File "C:\Users\SrikanthMudaliar\AppData\Local\Programs\Python\Python312\Lib\site-packages\azure\core\pipeline\_base.py", line 98, in send
    response = self.next.send(request)
               ^^^^^^^^^^^^^^^^^^^^^^^
  [Previous line repeated 1 more time]
  File "C:\Users\SrikanthMudaliar\AppData\Local\Programs\Python\Python312\Lib\site-packages\azure\core\pipeline\_base.py", line 130, in send
    self._sender.send(request.http_request, **request.context.options),
    ^^^^^^^^^^^^^^^^^^^^^^^^^^^^^^^^^^^^^^^^^^^^^^^^^^^^^^^^^^^^^^^^^^
  File "C:\Users\SrikanthMudaliar\AppData\Local\Programs\Python\Python312\Lib\site-packages\azure\core\pipeline\transport\_requests_basic.py", line 428, in send
    raise error
azure.core.exceptions.ServiceRequestError: HTTPSConnection(host='login.microsoftonline.com', port=443): Failed to resolve 'login.microsoftonline.com' ([Errno 11001] getaddrinfo failed)

The above exception was the direct cause of the following exception:

Traceback (most recent call last):
  File "C:\Users\SrikanthMudaliar\AI-Cloud-Advisor\azure_cost_sync.py", line 52, in <module>
    query_result = cost_client.query.usage(
                   ^^^^^^^^^^^^^^^^^^^^^^^^
  File "C:\Users\SrikanthMudaliar\AppData\Local\Programs\Python\Python312\Lib\site-packages\azure\core\tracing\decorator.py", line 119, in wrapper_use_tracer
    return func(*args, **kwargs)
           ^^^^^^^^^^^^^^^^^^^^^
  File "C:\Users\SrikanthMudaliar\AppData\Local\Programs\Python\Python312\Lib\site-packages\azure\mgmt\costmanagement\operations\_query_operations.py", line 269, in usage
    pipeline_response: PipelineResponse = self._client._pipeline.run(  # pylint: disable=protected-access
                                          ^^^^^^^^^^^^^^^^^^^^^^^^^^^^^^^^^^^^^^^^^^^^^^^^^^^^^^^^^^^^^^^
  File "C:\Users\SrikanthMudaliar\AppData\Local\Programs\Python\Python312\Lib\site-packages\azure\core\pipeline\_base.py", line 242, in run
    return first_node.send(pipeline_request)
           ^^^^^^^^^^^^^^^^^^^^^^^^^^^^^^^^^
  File "C:\Users\SrikanthMudaliar\AppData\Local\Programs\Python\Python312\Lib\site-packages\azure\core\pipeline\_base.py", line 98, in send
    response = self.next.send(request)
               ^^^^^^^^^^^^^^^^^^^^^^^
  File "C:\Users\SrikanthMudaliar\AppData\Local\Programs\Python\Python312\Lib\site-packages\azure\core\pipeline\_base.py", line 98, in send
    response = self.next.send(request)
               ^^^^^^^^^^^^^^^^^^^^^^^
  File "C:\Users\SrikanthMudaliar\AppData\Local\Programs\Python\Python312\Lib\site-packages\azure\core\pipeline\_base.py", line 98, in send
    response = self.next.send(request)
               ^^^^^^^^^^^^^^^^^^^^^^^
  [Previous line repeated 2 more times]
  File "C:\Users\SrikanthMudaliar\AppData\Local\Programs\Python\Python312\Lib\site-packages\azure\mgmt\core\policies\_base.py", line 95, in send
    response = self.next.send(request)
               ^^^^^^^^^^^^^^^^^^^^^^^
  File "C:\Users\SrikanthMudaliar\AppData\Local\Programs\Python\Python312\Lib\site-packages\azure\core\pipeline\policies\_redirect.py", line 205, in send
    response = self.next.send(request)
               ^^^^^^^^^^^^^^^^^^^^^^^
  File "C:\Users\SrikanthMudaliar\AppData\Local\Programs\Python\Python312\Lib\site-packages\azure\core\pipeline\policies\_retry.py", line 545, in send
    response = self.next.send(request)
               ^^^^^^^^^^^^^^^^^^^^^^^
  File "C:\Users\SrikanthMudaliar\AppData\Local\Programs\Python\Python312\Lib\site-packages\azure\core\pipeline\policies\_authentication.py", line 192, in send
    self.on_request(request)
  File "C:\Users\SrikanthMudaliar\AppData\Local\Programs\Python\Python312\Lib\site-packages\azure\core\pipeline\policies\_authentication.py", line 167, in on_request
    self._request_token(*self._scopes)
  File "C:\Users\SrikanthMudaliar\AppData\Local\Programs\Python\Python312\Lib\site-packages\azure\core\pipeline\policies\_authentication.py", line 142, in _request_token
    self._token = self._get_token(*scopes, **kwargs)
                  ^^^^^^^^^^^^^^^^^^^^^^^^^^^^^^^^^^
  File "C:\Users\SrikanthMudaliar\AppData\Local\Programs\Python\Python312\Lib\site-packages\azure\core\pipeline\policies\_authentication.py", line 132, in _get_token
    return cast(SupportsTokenInfo, self._credential).get_token_info(*scopes, options=options)
           ^^^^^^^^^^^^^^^^^^^^^^^^^^^^^^^^^^^^^^^^^^^^^^^^^^^^^^^^^^^^^^^^^^^^^^^^^^^^^^^^^^
  File "C:\Users\SrikanthMudaliar\AppData\Local\Programs\Python\Python312\Lib\site-packages\azure\identity\_internal\get_token_mixin.py", line 104, in get_token_info
    return self._get_token_base(*scopes, options=options, base_method_name="get_token_info")
           ^^^^^^^^^^^^^^^^^^^^^^^^^^^^^^^^^^^^^^^^^^^^^^^^^^^^^^^^^^^^^^^^^^^^^^^^^^^^^^^^^
  File "C:\Users\SrikanthMudaliar\AppData\Local\Programs\Python\Python312\Lib\site-packages\azure\identity\_internal\get_token_mixin.py", line 122, in _get_token_base
    token = self._acquire_token_silently(
            ^^^^^^^^^^^^^^^^^^^^^^^^^^^^^
  File "C:\Users\SrikanthMudaliar\AppData\Local\Programs\Python\Python312\Lib\site-packages\azure\identity\_internal\decorators.py", line 80, in wrapper
    raise auth_error from ex
azure.core.exceptions.ClientAuthenticationError: Authentication failed: HTTPSConnection(host='login.microsoftonline.com', port=443): Failed to resolve 'login.microsoftonline.com' ([Errno 11001] getaddrinfo failed)
{
  "id": "subscriptions/49ce7e88-e929-4031-b5b2-c8b557e5da2d/providers/Microsoft.CostManagement/query/0d08724e-f2f9-4d81-887f-194673dd59a3",
  "name": "0d08724e-f2f9-4d81-887f-194673dd59a3",
  "type": "Microsoft.CostManagement/query",
  "columns": [
    {
      "name": "PreTaxCost",
      "type": "Number"
    },
    {
      "name": "ServiceName",
      "type": "String"
    },
    {
      "name": "Currency",
      "type": "String"
    }
  ],
  "rows": [
    [
      0.00134623299669474,
      "Bandwidth",
      "INR"
    ],
    [
      334.903807983339,
      "Storage",
      "INR"
    ],
    [
      4243.60816954429,
      "Virtual Machines",
      "INR"
    ],
    [
      223.349754453124,
      "Virtual Network",
      "INR"
    ]
  ]
}
Azure rows fetched: 4
Prepared Azure records:
[{'cloud': 'azure', 'account_name': 'azure-main', 'service_name': 'Bandwidth', 'region': 'global', 'resource_id': None, 'usage_date': '2026-05-21', 'usage_quantity': 0, 'cost': 0.00134623299669474, 'currency': 'USD', 'environment': None, 'application': None, 'tags': None}, {'cloud': 'azure', 'account_name': 'azure-main', 'service_name': 'Storage', 'region': 'global', 'resource_id': None, 'usage_date': '2026-05-21', 'usage_quantity': 0, 'cost': 334.903807983339, 'currency': 'USD', 'environment': None, 'application': None, 'tags': None}, {'cloud': 'azure', 'account_name': 'azure-main', 'service_name': 'Virtual Machines', 'region': 'global', 'resource_id': None, 'usage_date': '2026-05-21', 'usage_quantity': 0, 'cost': 4243.60816954429, 'currency': 'USD', 'environment': None, 'application': None, 'tags': None}]
Traceback (most recent call last):
  File "C:\Users\SrikanthMudaliar\AI-Cloud-Advisor\azure_cost_sync.py", line 152, in <module>
    .execute()
     ^^^^^^^^^
  File "C:\Users\SrikanthMudaliar\AppData\Local\Programs\Python\Python312\Lib\site-packages\postgrest\_sync\request_builder.py", line 53, in execute
    raise APIError(dict(json_obj))
postgrest.exceptions.APIError: {'message': 'there is no unique or exclusion constraint matching the ON CONFLICT specification', 'code': '42P10', 'hint': None, 'details': None}
{
  "id": "subscriptions/49ce7e88-e929-4031-b5b2-c8b557e5da2d/providers/Microsoft.CostManagement/query/60da0e48-a4c6-48d3-83bc-fca730793a9c",
  "name": "60da0e48-a4c6-48d3-83bc-fca730793a9c",
  "type": "Microsoft.CostManagement/query",
  "columns": [
    {
      "name": "PreTaxCost",
      "type": "Number"
    },
    {
      "name": "ServiceName",
      "type": "String"
    },
    {
      "name": "Currency",
      "type": "String"
    }
  ],
  "rows": [
    [
      0.00134623299669474,
      "Bandwidth",
      "INR"
    ],
    [
      336.320749134555,
      "Storage",
      "INR"
    ],
    [
      4252.59030079429,
      "Virtual Machines",
      "INR"
    ],
    [
      223.822498203124,
      "Virtual Network",
      "INR"
    ]
  ]
}
Azure rows fetched: 4
Prepared Azure records:
[{'cloud': 'azure', 'account_name': 'azure-main', 'service_name': 'Bandwidth', 'region': 'global', 'resource_id': None, 'usage_date': '2026-05-21', 'usage_quantity': 0, 'cost': 0.00134623299669474, 'currency': 'USD', 'environment': None, 'application': None, 'tags': None}, {'cloud': 'azure', 'account_name': 'azure-main', 'service_name': 'Storage', 'region': 'global', 'resource_id': None, 'usage_date': '2026-05-21', 'usage_quantity': 0, 'cost': 336.320749134555, 'currency': 'USD', 'environment': None, 'application': None, 'tags': None}, {'cloud': 'azure', 'account_name': 'azure-main', 'service_name': 'Virtual Machines', 'region': 'global', 'resource_id': None, 'usage_date': '2026-05-21', 'usage_quantity': 0, 'cost': 4252.59030079429, 'currency': 'USD', 'environment': None, 'application': None, 'tags': None}]
Traceback (most recent call last):
  File "C:\Users\SrikanthMudaliar\AI-Cloud-Advisor\azure_cost_sync.py", line 152, in <module>
    .execute()
     ^^^^^^^^^
  File "C:\Users\SrikanthMudaliar\AppData\Local\Programs\Python\Python312\Lib\site-packages\postgrest\_sync\request_builder.py", line 53, in execute
    raise APIError(dict(json_obj))
postgrest.exceptions.APIError: {'message': 'there is no unique or exclusion constraint matching the ON CONFLICT specification', 'code': '42P10', 'hint': None, 'details': None}
Traceback (most recent call last):
  File "C:\Users\SrikanthMudaliar\AI-Cloud-Advisor\azure_cost_sync.py", line 52, in <module>
    query_result = cost_client.query.usage(
                   ^^^^^^^^^^^^^^^^^^^^^^^^
  File "C:\Users\SrikanthMudaliar\AppData\Local\Programs\Python\Python312\Lib\site-packages\azure\core\tracing\decorator.py", line 119, in wrapper_use_tracer
    return func(*args, **kwargs)
           ^^^^^^^^^^^^^^^^^^^^^
  File "C:\Users\SrikanthMudaliar\AppData\Local\Programs\Python\Python312\Lib\site-packages\azure\mgmt\costmanagement\operations\_query_operations.py", line 278, in usage
    raise HttpResponseError(response=response, model=error, error_format=ARMErrorFormat)
azure.core.exceptions.HttpResponseError: (429) Too many requests. Please retry.
Code: 429
Message: Too many requests. Please retry.
{
  "id": "subscriptions/49ce7e88-e929-4031-b5b2-c8b557e5da2d/providers/Microsoft.CostManagement/query/cc1d6682-cb44-49be-ae89-6182aa22f20b",
  "name": "cc1d6682-cb44-49be-ae89-6182aa22f20b",
  "type": "Microsoft.CostManagement/query",
  "columns": [
    {
      "name": "PreTaxCost",
      "type": "Number"
    },
    {
      "name": "ServiceName",
      "type": "String"
    },
    {
      "name": "Currency",
      "type": "String"
    }
  ],
  "rows": [
    [
      0.0013568841760978,
      "Bandwidth",
      "INR"
    ],
    [
      336.471092841627,
      "Storage",
      "INR"
    ],
    [
      4270.55456329429,
      "Virtual Machines",
      "INR"
    ],
    [
      225.240729453124,
      "Virtual Network",
      "INR"
    ]
  ]
}
Azure rows fetched: 4
Prepared Azure records:
[{'cloud': 'azure', 'account_name': 'azure-main', 'service_name': 'Bandwidth', 'region': 'global', 'resource_id': None, 'usage_date': '2026-05-21', 'usage_quantity': 0, 'cost': 0.0013568841760978, 'currency': 'USD', 'environment': None, 'application': None, 'tags': None}, {'cloud': 'azure', 'account_name': 'azure-main', 'service_name': 'Storage', 'region': 'global', 'resource_id': None, 'usage_date': '2026-05-21', 'usage_quantity': 0, 'cost': 336.471092841627, 'currency': 'USD', 'environment': None, 'application': None, 'tags': None}, {'cloud': 'azure', 'account_name': 'azure-main', 'service_name': 'Virtual Machines', 'region': 'global', 'resource_id': None, 'usage_date': '2026-05-21', 'usage_quantity': 0, 'cost': 4270.55456329429, 'currency': 'USD', 'environment': None, 'application': None, 'tags': None}]
Traceback (most recent call last):
  File "C:\Users\SrikanthMudaliar\AI-Cloud-Advisor\azure_cost_sync.py", line 152, in <module>
    .execute()
     ^^^^^^^^^
  File "C:\Users\SrikanthMudaliar\AppData\Local\Programs\Python\Python312\Lib\site-packages\postgrest\_sync\request_builder.py", line 53, in execute
    raise APIError(dict(json_obj))
postgrest.exceptions.APIError: {'message': 'there is no unique or exclusion constraint matching the ON CONFLICT specification', 'code': '42P10', 'hint': None, 'details': None}
{
  "id": "subscriptions/49ce7e88-e929-4031-b5b2-c8b557e5da2d/providers/Microsoft.CostManagement/query/cf149b18-96dd-4f95-9619-658b0af08929",
  "name": "cf149b18-96dd-4f95-9619-658b0af08929",
  "type": "Microsoft.CostManagement/query",
  "columns": [
    {
      "name": "PreTaxCost",
      "type": "Number"
    },
    {
      "name": "ServiceName",
      "type": "String"
    },
    {
      "name": "Currency",
      "type": "String"
    }
  ],
  "rows": [
    [
      0.0013568841760978,
      "Bandwidth",
      "INR"
    ],
    [
      336.471092841627,
      "Storage",
      "INR"
    ],
    [
      4270.55456329429,
      "Virtual Machines",
      "INR"
    ],
    [
      225.240729453124,
      "Virtual Network",
      "INR"
    ]
  ]
}
Azure rows fetched: 4
Prepared Azure records:
[{'cloud': 'azure', 'account_name': 'azure-main', 'service_name': 'Bandwidth', 'region': 'global', 'resource_id': None, 'usage_date': '2026-05-21', 'usage_quantity': 0, 'cost': 0.0013568841760978, 'currency': 'USD', 'environment': None, 'application': None, 'tags': None}, {'cloud': 'azure', 'account_name': 'azure-main', 'service_name': 'Storage', 'region': 'global', 'resource_id': None, 'usage_date': '2026-05-21', 'usage_quantity': 0, 'cost': 336.471092841627, 'currency': 'USD', 'environment': None, 'application': None, 'tags': None}, {'cloud': 'azure', 'account_name': 'azure-main', 'service_name': 'Virtual Machines', 'region': 'global', 'resource_id': None, 'usage_date': '2026-05-21', 'usage_quantity': 0, 'cost': 4270.55456329429, 'currency': 'USD', 'environment': None, 'application': None, 'tags': None}]
Traceback (most recent call last):
  File "C:\Users\SrikanthMudaliar\AI-Cloud-Advisor\azure_cost_sync.py", line 152, in <module>
    .execute()
     ^^^^^^^^^
  File "C:\Users\SrikanthMudaliar\AppData\Local\Programs\Python\Python312\Lib\site-packages\postgrest\_sync\request_builder.py", line 53, in execute
    raise APIError(dict(json_obj))
postgrest.exceptions.APIError: {'message': 'there is no unique or exclusion constraint matching the ON CONFLICT specification', 'code': '42P10', 'hint': None, 'details': None}
Traceback (most recent call last):
  File "C:\Users\SrikanthMudaliar\AI-Cloud-Advisor\azure_cost_sync.py", line 8, in <module>
    from core.transformers import (
ModuleNotFoundError: No module named 'core.transformers'
Traceback (most recent call last):
  File "C:\Users\SrikanthMudaliar\AI-Cloud-Advisor\azure_cost_sync.py", line 8, in <module>
    from core.transformers import (
ModuleNotFoundError: No module named 'core.transformers'
{
  "id": "subscriptions/49ce7e88-e929-4031-b5b2-c8b557e5da2d/providers/Microsoft.CostManagement/query/035d5251-011b-4aba-ba85-e66182bb60b2",
  "name": "035d5251-011b-4aba-ba85-e66182bb60b2",
  "type": "Microsoft.CostManagement/query",
  "columns": [
    {
      "name": "PreTaxCost",
      "type": "Number"
    },
    {
      "name": "ServiceName",
      "type": "String"
    },
    {
      "name": "Currency",
      "type": "String"
    }
  ],
  "rows": [
    [
      0.0013568841760978,
      "Bandwidth",
      "INR"
    ],
    [
      336.471092841627,
      "Storage",
      "INR"
    ],
    [
      4270.55456329429,
      "Virtual Machines",
      "INR"
    ],
    [
      225.240729453124,
      "Virtual Network",
      "INR"
    ]
  ]
}
Azure rows fetched: 4
Prepared Azure records:
[{'cloud': 'azure', 'account_name': 'azure-main', 'service_name': 'Bandwidth', 'region': 'global', 'resource_id': None, 'usage_date': '2026-05-21', 'usage_quantity': 0, 'cost': 0.0013568841760978, 'currency': 'USD', 'environment': None, 'application': None, 'tags': None}, {'cloud': 'azure', 'account_name': 'azure-main', 'service_name': 'Storage', 'region': 'global', 'resource_id': None, 'usage_date': '2026-05-21', 'usage_quantity': 0, 'cost': 336.471092841627, 'currency': 'USD', 'environment': None, 'application': None, 'tags': None}, {'cloud': 'azure', 'account_name': 'azure-main', 'service_name': 'Virtual Machines', 'region': 'global', 'resource_id': None, 'usage_date': '2026-05-21', 'usage_quantity': 0, 'cost': 4270.55456329429, 'currency': 'USD', 'environment': None, 'application': None, 'tags': None}]
Traceback (most recent call last):
  File "C:\Users\SrikanthMudaliar\AI-Cloud-Advisor\azure_cost_sync.py", line 141, in <module>
    .execute()
     ^^^^^^^^^
  File "C:\Users\SrikanthMudaliar\AppData\Local\Programs\Python\Python312\Lib\site-packages\postgrest\_sync\request_builder.py", line 53, in execute
    raise APIError(dict(json_obj))
postgrest.exceptions.APIError: {'message': 'there is no unique or exclusion constraint matching the ON CONFLICT specification', 'code': '42P10', 'hint': None, 'details': None}
{
  "id": "subscriptions/49ce7e88-e929-4031-b5b2-c8b557e5da2d/providers/Microsoft.CostManagement/query/91e4cd98-990e-4d65-9b30-f15d8e9615fb",
  "name": "91e4cd98-990e-4d65-9b30-f15d8e9615fb",
  "type": "Microsoft.CostManagement/query",
  "columns": [
    {
      "name": "PreTaxCost",
      "type": "Number"
    },
    {
      "name": "ServiceName",
      "type": "String"
    },
    {
      "name": "Currency",
      "type": "String"
    }
  ],
  "rows": [
    [
      0.00136106856800615,
      "Bandwidth",
      "INR"
    ],
    [
      338.709262348755,
      "Storage",
      "INR"
    ],
    [
      4297.50095704429,
      "Virtual Machines",
      "INR"
    ],
    [
      226.658960703124,
      "Virtual Network",
      "INR"
    ]
  ]
}
Azure rows fetched: 4
Prepared Azure records:
[{'cloud': 'azure', 'account_name': 'azure-main', 'service_name': 'Bandwidth', 'region': 'global', 'resource_id': None, 'usage_date': '2026-05-21', 'usage_quantity': 0, 'cost': 0.00136106856800615, 'currency': 'USD', 'environment': None, 'application': None, 'tags': None}, {'cloud': 'azure', 'account_name': 'azure-main', 'service_name': 'Storage', 'region': 'global', 'resource_id': None, 'usage_date': '2026-05-21', 'usage_quantity': 0, 'cost': 338.709262348755, 'currency': 'USD', 'environment': None, 'application': None, 'tags': None}, {'cloud': 'azure', 'account_name': 'azure-main', 'service_name': 'Virtual Machines', 'region': 'global', 'resource_id': None, 'usage_date': '2026-05-21', 'usage_quantity': 0, 'cost': 4297.50095704429, 'currency': 'USD', 'environment': None, 'application': None, 'tags': None}]
Traceback (most recent call last):
  File "C:\Users\SrikanthMudaliar\AI-Cloud-Advisor\azure_cost_sync.py", line 141, in <module>
    .execute()
     ^^^^^^^^^
  File "C:\Users\SrikanthMudaliar\AppData\Local\Programs\Python\Python312\Lib\site-packages\postgrest\_sync\request_builder.py", line 53, in execute
    raise APIError(dict(json_obj))
postgrest.exceptions.APIError: {'message': 'there is no unique or exclusion constraint matching the ON CONFLICT specification', 'code': '42P10', 'hint': None, 'details': None}
{
  "id": "subscriptions/49ce7e88-e929-4031-b5b2-c8b557e5da2d/providers/Microsoft.CostManagement/query/44865b18-ff95-4933-96e8-aa3202560935",
  "name": "44865b18-ff95-4933-96e8-aa3202560935",
  "type": "Microsoft.CostManagement/query",
  "columns": [
    {
      "name": "PreTaxCost",
      "type": "Number"
    },
    {
      "name": "ServiceName",
      "type": "String"
    },
    {
      "name": "Currency",
      "type": "String"
    }
  ],
  "rows": [
    [
      0.00136106856800615,
      "Bandwidth",
      "INR"
    ],
    [
      338.709262348755,
      "Storage",
      "INR"
    ],
    [
      4297.50095704429,
      "Virtual Machines",
      "INR"
    ],
    [
      226.658960703124,
      "Virtual Network",
      "INR"
    ]
  ]
}
Azure rows fetched: 4
Prepared Azure records:
[{'cloud': 'azure', 'account_name': 'azure-main', 'service_name': 'Bandwidth', 'region': 'global', 'resource_id': None, 'usage_date': '2026-05-21', 'usage_quantity': 0, 'cost': 0.00136106856800615, 'currency': 'USD', 'environment': None, 'application': None, 'tags': None}, {'cloud': 'azure', 'account_name': 'azure-main', 'service_name': 'Storage', 'region': 'global', 'resource_id': None, 'usage_date': '2026-05-21', 'usage_quantity': 0, 'cost': 338.709262348755, 'currency': 'USD', 'environment': None, 'application': None, 'tags': None}, {'cloud': 'azure', 'account_name': 'azure-main', 'service_name': 'Virtual Machines', 'region': 'global', 'resource_id': None, 'usage_date': '2026-05-21', 'usage_quantity': 0, 'cost': 4297.50095704429, 'currency': 'USD', 'environment': None, 'application': None, 'tags': None}]
Traceback (most recent call last):
  File "C:\Users\SrikanthMudaliar\AI-Cloud-Advisor\azure_cost_sync.py", line 141, in <module>
    .execute()
     ^^^^^^^^^
  File "C:\Users\SrikanthMudaliar\AppData\Local\Programs\Python\Python312\Lib\site-packages\postgrest\_sync\request_builder.py", line 53, in execute
    raise APIError(dict(json_obj))
postgrest.exceptions.APIError: {'message': 'there is no unique or exclusion constraint matching the ON CONFLICT specification', 'code': '42P10', 'hint': None, 'details': None}
{
  "id": "subscriptions/49ce7e88-e929-4031-b5b2-c8b557e5da2d/providers/Microsoft.CostManagement/query/8a24c5e6-b7b6-4fd0-aa55-3a9432ae6f47",
  "name": "8a24c5e6-b7b6-4fd0-aa55-3a9432ae6f47",
  "type": "Microsoft.CostManagement/query",
  "columns": [
    {
      "name": "PreTaxCost",
      "type": "Number"
    },
    {
      "name": "ServiceName",
      "type": "String"
    },
    {
      "name": "Currency",
      "type": "String"
    }
  ],
  "rows": [
    [
      0.00139872809518128,
      "Bandwidth",
      "INR"
    ],
    [
      350.646166386771,
      "Storage",
      "INR"
    ],
    [
      4441.21505704429,
      "Virtual Machines",
      "INR"
    ],
    [
      234.222860703124,
      "Virtual Network",
      "INR"
    ]
  ]
}
Azure rows fetched: 4
Prepared Azure records:
[{'cloud': 'azure', 'account_name': 'azure-main', 'service_name': 'Bandwidth', 'region': 'global', 'resource_id': None, 'usage_date': '2026-05-22', 'usage_quantity': 0, 'cost': 0.00139872809518128, 'currency': 'USD', 'environment': None, 'application': None, 'tags': None}, {'cloud': 'azure', 'account_name': 'azure-main', 'service_name': 'Storage', 'region': 'global', 'resource_id': None, 'usage_date': '2026-05-22', 'usage_quantity': 0, 'cost': 350.646166386771, 'currency': 'USD', 'environment': None, 'application': None, 'tags': None}, {'cloud': 'azure', 'account_name': 'azure-main', 'service_name': 'Virtual Machines', 'region': 'global', 'resource_id': None, 'usage_date': '2026-05-22', 'usage_quantity': 0, 'cost': 4441.21505704429, 'currency': 'USD', 'environment': None, 'application': None, 'tags': None}]
Traceback (most recent call last):
  File "C:\Users\SrikanthMudaliar\AI-Cloud-Advisor\azure_cost_sync.py", line 141, in <module>
    .execute()
     ^^^^^^^^^
  File "C:\Users\SrikanthMudaliar\AppData\Local\Programs\Python\Python312\Lib\site-packages\postgrest\_sync\request_builder.py", line 53, in execute
    raise APIError(dict(json_obj))
postgrest.exceptions.APIError: {'message': 'there is no unique or exclusion constraint matching the ON CONFLICT specification', 'code': '42P10', 'hint': None, 'details': None}
{
  "id": "subscriptions/49ce7e88-e929-4031-b5b2-c8b557e5da2d/providers/Microsoft.CostManagement/query/26a2d49b-3f5d-4229-bcdd-c8260d1c4f4e",
  "name": "26a2d49b-3f5d-4229-bcdd-c8260d1c4f4e",
  "type": "Microsoft.CostManagement/query",
  "columns": [
    {
      "name": "PreTaxCost",
      "type": "Number"
    },
    {
      "name": "ServiceName",
      "type": "String"
    },
    {
      "name": "Currency",
      "type": "String"
    }
  ],
  "rows": [
    [
      0.00139872809518128,
      "Bandwidth",
      "INR"
    ],
    [
      350.646166386771,
      "Storage",
      "INR"
    ],
    [
      4441.21505704429,
      "Virtual Machines",
      "INR"
    ],
    [
      234.222860703124,
      "Virtual Network",
      "INR"
    ]
  ]
}
Azure rows fetched: 4
Prepared Azure records:
[{'cloud': 'azure', 'account_name': 'azure-main', 'service_name': 'Bandwidth', 'region': 'global', 'resource_id': None, 'usage_date': '2026-05-22', 'usage_quantity': 0, 'cost': 0.00139872809518128, 'currency': 'USD', 'environment': None, 'application': None, 'tags': None}, {'cloud': 'azure', 'account_name': 'azure-main', 'service_name': 'Storage', 'region': 'global', 'resource_id': None, 'usage_date': '2026-05-22', 'usage_quantity': 0, 'cost': 350.646166386771, 'currency': 'USD', 'environment': None, 'application': None, 'tags': None}, {'cloud': 'azure', 'account_name': 'azure-main', 'service_name': 'Virtual Machines', 'region': 'global', 'resource_id': None, 'usage_date': '2026-05-22', 'usage_quantity': 0, 'cost': 4441.21505704429, 'currency': 'USD', 'environment': None, 'application': None, 'tags': None}]
Traceback (most recent call last):
  File "C:\Users\SrikanthMudaliar\AI-Cloud-Advisor\azure_cost_sync.py", line 141, in <module>
    .execute()
     ^^^^^^^^^
  File "C:\Users\SrikanthMudaliar\AppData\Local\Programs\Python\Python312\Lib\site-packages\postgrest\_sync\request_builder.py", line 53, in execute
    raise APIError(dict(json_obj))
postgrest.exceptions.APIError: {'message': 'there is no unique or exclusion constraint matching the ON CONFLICT specification', 'code': '42P10', 'hint': None, 'details': None}
{
  "id": "subscriptions/49ce7e88-e929-4031-b5b2-c8b557e5da2d/providers/Microsoft.CostManagement/query/f8c63f52-b809-46e5-b489-891eed43a7cf",
  "name": "f8c63f52-b809-46e5-b489-891eed43a7cf",
  "type": "Microsoft.CostManagement/query",
  "columns": [
    {
      "name": "PreTaxCost",
      "type": "Number"
    },
    {
      "name": "ServiceName",
      "type": "String"
    },
    {
      "name": "Currency",
      "type": "String"
    }
  ],
  "rows": [
    [
      0.00139872809518128,
      "Bandwidth",
      "INR"
    ],
    [
      350.646166386771,
      "Storage",
      "INR"
    ],
    [
      4441.21505704429,
      "Virtual Machines",
      "INR"
    ],
    [
      234.222860703124,
      "Virtual Network",
      "INR"
    ]
  ]
}
Azure rows fetched: 4
Prepared Azure records:
[{'cloud': 'azure', 'account_name': 'azure-main', 'service_name': 'Bandwidth', 'region': 'global', 'resource_id': None, 'usage_date': '2026-05-22', 'usage_quantity': 0, 'cost': 0.00139872809518128, 'currency': 'USD', 'environment': None, 'application': None, 'tags': None}, {'cloud': 'azure', 'account_name': 'azure-main', 'service_name': 'Storage', 'region': 'global', 'resource_id': None, 'usage_date': '2026-05-22', 'usage_quantity': 0, 'cost': 350.646166386771, 'currency': 'USD', 'environment': None, 'application': None, 'tags': None}, {'cloud': 'azure', 'account_name': 'azure-main', 'service_name': 'Virtual Machines', 'region': 'global', 'resource_id': None, 'usage_date': '2026-05-22', 'usage_quantity': 0, 'cost': 4441.21505704429, 'currency': 'USD', 'environment': None, 'application': None, 'tags': None}]
Traceback (most recent call last):
  File "C:\Users\SrikanthMudaliar\AI-Cloud-Advisor\azure_cost_sync.py", line 141, in <module>
    .execute()
     ^^^^^^^^^
  File "C:\Users\SrikanthMudaliar\AppData\Local\Programs\Python\Python312\Lib\site-packages\postgrest\_sync\request_builder.py", line 53, in execute
    raise APIError(dict(json_obj))
postgrest.exceptions.APIError: {'message': 'there is no unique or exclusion constraint matching the ON CONFLICT specification', 'code': '42P10', 'hint': None, 'details': None}
{
  "id": "subscriptions/49ce7e88-e929-4031-b5b2-c8b557e5da2d/providers/Microsoft.CostManagement/query/68dc1c10-57e2-4c36-8b15-b9d2dbc7bca8",
  "name": "68dc1c10-57e2-4c36-8b15-b9d2dbc7bca8",
  "type": "Microsoft.CostManagement/query",
  "columns": [
    {
      "name": "PreTaxCost",
      "type": "Number"
    },
    {
      "name": "ServiceName",
      "type": "String"
    },
    {
      "name": "Currency",
      "type": "String"
    }
  ],
  "rows": [
    [
      0.00140329288635402,
      "Bandwidth",
      "INR"
    ],
    [
      352.884335893899,
      "Storage",
      "INR"
    ],
    [
      4459.17931954429,
      "Virtual Machines",
      "INR"
    ],
    [
      235.168348203124,
      "Virtual Network",
      "INR"
    ]
  ]
}
Azure rows fetched: 4
Prepared Azure records:
[{'cloud': 'azure', 'account_name': 'azure-main', 'service_name': 'Bandwidth', 'region': 'global', 'resource_id': None, 'usage_date': '2026-05-22', 'usage_quantity': 0, 'cost': 0.00140329288635402, 'currency': 'USD', 'environment': None, 'application': None, 'tags': None}, {'cloud': 'azure', 'account_name': 'azure-main', 'service_name': 'Storage', 'region': 'global', 'resource_id': None, 'usage_date': '2026-05-22', 'usage_quantity': 0, 'cost': 352.884335893899, 'currency': 'USD', 'environment': None, 'application': None, 'tags': None}, {'cloud': 'azure', 'account_name': 'azure-main', 'service_name': 'Virtual Machines', 'region': 'global', 'resource_id': None, 'usage_date': '2026-05-22', 'usage_quantity': 0, 'cost': 4459.17931954429, 'currency': 'USD', 'environment': None, 'application': None, 'tags': None}]
Traceback (most recent call last):
  File "C:\Users\SrikanthMudaliar\AI-Cloud-Advisor\azure_cost_sync.py", line 141, in <module>
    .execute()
     ^^^^^^^^^
  File "C:\Users\SrikanthMudaliar\AppData\Local\Programs\Python\Python312\Lib\site-packages\postgrest\_sync\request_builder.py", line 53, in execute
    raise APIError(dict(json_obj))
postgrest.exceptions.APIError: {'message': 'there is no unique or exclusion constraint matching the ON CONFLICT specification', 'code': '42P10', 'hint': None, 'details': None}
{
  "id": "subscriptions/49ce7e88-e929-4031-b5b2-c8b557e5da2d/providers/Microsoft.CostManagement/query/116007c0-11cb-4d95-ac18-9dc937665d32",
  "name": "116007c0-11cb-4d95-ac18-9dc937665d32",
  "type": "Microsoft.CostManagement/query",
  "columns": [
    {
      "name": "PreTaxCost",
      "type": "Number"
    },
    {
      "name": "ServiceName",
      "type": "String"
    },
    {
      "name": "Currency",
      "type": "String"
    }
  ],
  "rows": [
    [
      0.00140329288635402,
      "Bandwidth",
      "INR"
    ],
    [
      352.884335893899,
      "Storage",
      "INR"
    ],
    [
      4459.17931954429,
      "Virtual Machines",
      "INR"
    ],
    [
      235.168348203124,
      "Virtual Network",
      "INR"
    ]
  ]
}
Azure rows fetched: 4
Prepared Azure records:
[{'cloud': 'azure', 'account_name': 'azure-main', 'service_name': 'Bandwidth', 'region': 'global', 'resource_id': None, 'usage_date': '2026-05-22', 'usage_quantity': 0, 'cost': 0.00140329288635402, 'currency': 'USD', 'environment': None, 'application': None, 'tags': None}, {'cloud': 'azure', 'account_name': 'azure-main', 'service_name': 'Storage', 'region': 'global', 'resource_id': None, 'usage_date': '2026-05-22', 'usage_quantity': 0, 'cost': 352.884335893899, 'currency': 'USD', 'environment': None, 'application': None, 'tags': None}, {'cloud': 'azure', 'account_name': 'azure-main', 'service_name': 'Virtual Machines', 'region': 'global', 'resource_id': None, 'usage_date': '2026-05-22', 'usage_quantity': 0, 'cost': 4459.17931954429, 'currency': 'USD', 'environment': None, 'application': None, 'tags': None}]
Traceback (most recent call last):
  File "C:\Users\SrikanthMudaliar\AI-Cloud-Advisor\azure_cost_sync.py", line 141, in <module>
    .execute()
     ^^^^^^^^^
  File "C:\Users\SrikanthMudaliar\AppData\Local\Programs\Python\Python312\Lib\site-packages\postgrest\_sync\request_builder.py", line 53, in execute
    raise APIError(dict(json_obj))
postgrest.exceptions.APIError: {'message': 'there is no unique or exclusion constraint matching the ON CONFLICT specification', 'code': '42P10', 'hint': None, 'details': None}
{
  "id": "subscriptions/49ce7e88-e929-4031-b5b2-c8b557e5da2d/providers/Microsoft.CostManagement/query/db771460-8aab-41c2-bce1-897c7c485322",
  "name": "db771460-8aab-41c2-bce1-897c7c485322",
  "type": "Microsoft.CostManagement/query",
  "columns": [
    {
      "name": "PreTaxCost",
      "type": "Number"
    },
    {
      "name": "ServiceName",
      "type": "String"
    },
    {
      "name": "Currency",
      "type": "String"
    }
  ],
  "rows": [
    [
      0.00140329288635402,
      "Bandwidth",
      "INR"
    ],
    [
      352.884335893899,
      "Storage",
      "INR"
    ],
    [
      4459.17931954429,
      "Virtual Machines",
      "INR"
    ],
    [
      235.168348203124,
      "Virtual Network",
      "INR"
    ]
  ]
}
Azure rows fetched: 4
Prepared Azure records:
[{'cloud': 'azure', 'account_name': 'azure-main', 'service_name': 'Bandwidth', 'region': 'global', 'resource_id': None, 'usage_date': '2026-05-22', 'usage_quantity': 0, 'cost': 0.00140329288635402, 'currency': 'USD', 'environment': None, 'application': None, 'tags': None}, {'cloud': 'azure', 'account_name': 'azure-main', 'service_name': 'Storage', 'region': 'global', 'resource_id': None, 'usage_date': '2026-05-22', 'usage_quantity': 0, 'cost': 352.884335893899, 'currency': 'USD', 'environment': None, 'application': None, 'tags': None}, {'cloud': 'azure', 'account_name': 'azure-main', 'service_name': 'Virtual Machines', 'region': 'global', 'resource_id': None, 'usage_date': '2026-05-22', 'usage_quantity': 0, 'cost': 4459.17931954429, 'currency': 'USD', 'environment': None, 'application': None, 'tags': None}]
Traceback (most recent call last):
  File "C:\Users\SrikanthMudaliar\AI-Cloud-Advisor\azure_cost_sync.py", line 141, in <module>
    .execute()
     ^^^^^^^^^
  File "C:\Users\SrikanthMudaliar\AppData\Local\Programs\Python\Python312\Lib\site-packages\postgrest\_sync\request_builder.py", line 53, in execute
    raise APIError(dict(json_obj))
postgrest.exceptions.APIError: {'message': 'there is no unique or exclusion constraint matching the ON CONFLICT specification', 'code': '42P10', 'hint': None, 'details': None}
{
  "id": "subscriptions/49ce7e88-e929-4031-b5b2-c8b557e5da2d/providers/Microsoft.CostManagement/query/ae16e745-581e-44c0-87b9-4752c7583ea5",
  "name": "ae16e745-581e-44c0-87b9-4752c7583ea5",
  "type": "Microsoft.CostManagement/query",
  "columns": [
    {
      "name": "PreTaxCost",
      "type": "Number"
    },
    {
      "name": "ServiceName",
      "type": "String"
    },
    {
      "name": "Currency",
      "type": "String"
    }
  ],
  "rows": [
    [
      0.00140329288635402,
      "Bandwidth",
      "INR"
    ],
    [
      352.884335893899,
      "Storage",
      "INR"
    ],
    [
      4459.17931954429,
      "Virtual Machines",
      "INR"
    ],
    [
      235.168348203124,
      "Virtual Network",
      "INR"
    ]
  ]
}
Azure rows fetched: 4
Prepared Azure records:
[{'cloud': 'azure', 'account_name': 'azure-main', 'service_name': 'Bandwidth', 'region': 'global', 'resource_id': None, 'usage_date': '2026-05-22', 'usage_quantity': 0, 'cost': 0.00140329288635402, 'currency': 'USD', 'environment': None, 'application': None, 'tags': None}, {'cloud': 'azure', 'account_name': 'azure-main', 'service_name': 'Storage', 'region': 'global', 'resource_id': None, 'usage_date': '2026-05-22', 'usage_quantity': 0, 'cost': 352.884335893899, 'currency': 'USD', 'environment': None, 'application': None, 'tags': None}, {'cloud': 'azure', 'account_name': 'azure-main', 'service_name': 'Virtual Machines', 'region': 'global', 'resource_id': None, 'usage_date': '2026-05-22', 'usage_quantity': 0, 'cost': 4459.17931954429, 'currency': 'USD', 'environment': None, 'application': None, 'tags': None}]
Traceback (most recent call last):
  File "C:\Users\SrikanthMudaliar\AI-Cloud-Advisor\azure_cost_sync.py", line 141, in <module>
    .execute()
     ^^^^^^^^^
  File "C:\Users\SrikanthMudaliar\AppData\Local\Programs\Python\Python312\Lib\site-packages\postgrest\_sync\request_builder.py", line 53, in execute
    raise APIError(dict(json_obj))
postgrest.exceptions.APIError: {'message': 'there is no unique or exclusion constraint matching the ON CONFLICT specification', 'code': '42P10', 'hint': None, 'details': None}
{
  "id": "subscriptions/49ce7e88-e929-4031-b5b2-c8b557e5da2d/providers/Microsoft.CostManagement/query/bbc44dc8-e303-411a-ac7c-ad22d120433c",
  "name": "bbc44dc8-e303-411a-ac7c-ad22d120433c",
  "type": "Microsoft.CostManagement/query",
  "columns": [
    {
      "name": "PreTaxCost",
      "type": "Number"
    },
    {
      "name": "ServiceName",
      "type": "String"
    },
    {
      "name": "Currency",
      "type": "String"
    }
  ],
  "rows": [
    [
      0.00140823807679116,
      "Bandwidth",
      "INR"
    ],
    [
      354.301277045115,
      "Storage",
      "INR"
    ],
    [
      4477.14358204429,
      "Virtual Machines",
      "INR"
    ],
    [
      236.113835703124,
      "Virtual Network",
      "INR"
    ]
  ]
}
Azure rows fetched: 4
Prepared Azure records:
[{'cloud': 'azure', 'account_name': 'azure-main', 'service_name': 'Bandwidth', 'region': 'global', 'resource_id': None, 'usage_date': '2026-05-22', 'usage_quantity': 0, 'cost': 0.00140823807679116, 'currency': 'USD', 'environment': None, 'application': None, 'tags': None}, {'cloud': 'azure', 'account_name': 'azure-main', 'service_name': 'Storage', 'region': 'global', 'resource_id': None, 'usage_date': '2026-05-22', 'usage_quantity': 0, 'cost': 354.301277045115, 'currency': 'USD', 'environment': None, 'application': None, 'tags': None}, {'cloud': 'azure', 'account_name': 'azure-main', 'service_name': 'Virtual Machines', 'region': 'global', 'resource_id': None, 'usage_date': '2026-05-22', 'usage_quantity': 0, 'cost': 4477.14358204429, 'currency': 'USD', 'environment': None, 'application': None, 'tags': None}]
Traceback (most recent call last):
  File "C:\Users\SrikanthMudaliar\AI-Cloud-Advisor\azure_cost_sync.py", line 141, in <module>
    .execute()
     ^^^^^^^^^
  File "C:\Users\SrikanthMudaliar\AppData\Local\Programs\Python\Python312\Lib\site-packages\postgrest\_sync\request_builder.py", line 53, in execute
    raise APIError(dict(json_obj))
postgrest.exceptions.APIError: {'message': 'there is no unique or exclusion constraint matching the ON CONFLICT specification', 'code': '42P10', 'hint': None, 'details': None}
{
  "id": "subscriptions/49ce7e88-e929-4031-b5b2-c8b557e5da2d/providers/Microsoft.CostManagement/query/dae3e9ea-f3d0-4850-ada9-8a1a36b843f4",
  "name": "dae3e9ea-f3d0-4850-ada9-8a1a36b843f4",
  "type": "Microsoft.CostManagement/query",
  "columns": [
    {
      "name": "PreTaxCost",
      "type": "Number"
    },
    {
      "name": "ServiceName",
      "type": "String"
    },
    {
      "name": "Currency",
      "type": "String"
    }
  ],
  "rows": [
    [
      0.00140823807679116,
      "Bandwidth",
      "INR"
    ],
    [
      354.301277045115,
      "Storage",
      "INR"
    ],
    [
      4477.14358204429,
      "Virtual Machines",
      "INR"
    ],
    [
      236.113835703124,
      "Virtual Network",
      "INR"
    ]
  ]
}
Azure rows fetched: 4
Prepared Azure records:
[{'cloud': 'azure', 'account_name': 'azure-main', 'service_name': 'Bandwidth', 'region': 'global', 'resource_id': None, 'usage_date': '2026-05-22', 'usage_quantity': 0, 'cost': 0.00140823807679116, 'currency': 'USD', 'environment': None, 'application': None, 'tags': None}, {'cloud': 'azure', 'account_name': 'azure-main', 'service_name': 'Storage', 'region': 'global', 'resource_id': None, 'usage_date': '2026-05-22', 'usage_quantity': 0, 'cost': 354.301277045115, 'currency': 'USD', 'environment': None, 'application': None, 'tags': None}, {'cloud': 'azure', 'account_name': 'azure-main', 'service_name': 'Virtual Machines', 'region': 'global', 'resource_id': None, 'usage_date': '2026-05-22', 'usage_quantity': 0, 'cost': 4477.14358204429, 'currency': 'USD', 'environment': None, 'application': None, 'tags': None}]
Traceback (most recent call last):
  File "C:\Users\SrikanthMudaliar\AI-Cloud-Advisor\azure_cost_sync.py", line 141, in <module>
    .execute()
     ^^^^^^^^^
  File "C:\Users\SrikanthMudaliar\AppData\Local\Programs\Python\Python312\Lib\site-packages\postgrest\_sync\request_builder.py", line 53, in execute
    raise APIError(dict(json_obj))
postgrest.exceptions.APIError: {'message': 'there is no unique or exclusion constraint matching the ON CONFLICT specification', 'code': '42P10', 'hint': None, 'details': None}
{
  "id": "subscriptions/49ce7e88-e929-4031-b5b2-c8b557e5da2d/providers/Microsoft.CostManagement/query/71e6d1de-fa4a-4cd5-b967-ea560dc6dc1f",
  "name": "71e6d1de-fa4a-4cd5-b967-ea560dc6dc1f",
  "type": "Microsoft.CostManagement/query",
  "columns": [
    {
      "name": "PreTaxCost",
      "type": "Number"
    },
    {
      "name": "ServiceName",
      "type": "String"
    },
    {
      "name": "Currency",
      "type": "String"
    }
  ],
  "rows": [
    [
      0.00141546566281467,
      "Bandwidth",
      "INR"
    ],
    [
      355.122505401027,
      "Storage",
      "INR"
    ],
    [
      4495.10784454429,
      "Virtual Machines",
      "INR"
    ],
    [
      236.586579453124,
      "Virtual Network",
      "INR"
    ]
  ]
}
Azure rows fetched: 4
Prepared Azure records:
[{'cloud': 'azure', 'account_name': 'azure-main', 'service_name': 'Bandwidth', 'region': 'global', 'resource_id': None, 'usage_date': '2026-05-22', 'usage_quantity': 0, 'cost': 0.00141546566281467, 'currency': 'USD', 'environment': None, 'application': None, 'tags': None}, {'cloud': 'azure', 'account_name': 'azure-main', 'service_name': 'Storage', 'region': 'global', 'resource_id': None, 'usage_date': '2026-05-22', 'usage_quantity': 0, 'cost': 355.122505401027, 'currency': 'USD', 'environment': None, 'application': None, 'tags': None}, {'cloud': 'azure', 'account_name': 'azure-main', 'service_name': 'Virtual Machines', 'region': 'global', 'resource_id': None, 'usage_date': '2026-05-22', 'usage_quantity': 0, 'cost': 4495.10784454429, 'currency': 'USD', 'environment': None, 'application': None, 'tags': None}]
Traceback (most recent call last):
  File "C:\Users\SrikanthMudaliar\AI-Cloud-Advisor\azure_cost_sync.py", line 141, in <module>
    .execute()
     ^^^^^^^^^
  File "C:\Users\SrikanthMudaliar\AppData\Local\Programs\Python\Python312\Lib\site-packages\postgrest\_sync\request_builder.py", line 53, in execute
    raise APIError(dict(json_obj))
postgrest.exceptions.APIError: {'message': 'there is no unique or exclusion constraint matching the ON CONFLICT specification', 'code': '42P10', 'hint': None, 'details': None}
{
  "id": "subscriptions/49ce7e88-e929-4031-b5b2-c8b557e5da2d/providers/Microsoft.CostManagement/query/eeef5091-93a7-475b-87bb-f8d4b8298578",
  "name": "eeef5091-93a7-475b-87bb-f8d4b8298578",
  "type": "Microsoft.CostManagement/query",
  "columns": [
    {
      "name": "PreTaxCost",
      "type": "Number"
    },
    {
      "name": "ServiceName",
      "type": "String"
    },
    {
      "name": "Currency",
      "type": "String"
    }
  ],
  "rows": [
    [
      0.00141546566281467,
      "Bandwidth",
      "INR"
    ],
    [
      355.122505401027,
      "Storage",
      "INR"
    ],
    [
      4495.10784454429,
      "Virtual Machines",
      "INR"
    ],
    [
      236.586579453124,
      "Virtual Network",
      "INR"
    ]
  ]
}
Azure rows fetched: 4
Prepared Azure records:
[{'cloud': 'azure', 'account_name': 'azure-main', 'service_name': 'Bandwidth', 'region': 'global', 'resource_id': None, 'usage_date': '2026-05-22', 'usage_quantity': 0, 'cost': 0.00141546566281467, 'currency': 'USD', 'environment': None, 'application': None, 'tags': None}, {'cloud': 'azure', 'account_name': 'azure-main', 'service_name': 'Storage', 'region': 'global', 'resource_id': None, 'usage_date': '2026-05-22', 'usage_quantity': 0, 'cost': 355.122505401027, 'currency': 'USD', 'environment': None, 'application': None, 'tags': None}, {'cloud': 'azure', 'account_name': 'azure-main', 'service_name': 'Virtual Machines', 'region': 'global', 'resource_id': None, 'usage_date': '2026-05-22', 'usage_quantity': 0, 'cost': 4495.10784454429, 'currency': 'USD', 'environment': None, 'application': None, 'tags': None}]
Traceback (most recent call last):
  File "C:\Users\SrikanthMudaliar\AI-Cloud-Advisor\azure_cost_sync.py", line 141, in <module>
    .execute()
     ^^^^^^^^^
  File "C:\Users\SrikanthMudaliar\AppData\Local\Programs\Python\Python312\Lib\site-packages\postgrest\_sync\request_builder.py", line 53, in execute
    raise APIError(dict(json_obj))
postgrest.exceptions.APIError: {'message': 'there is no unique or exclusion constraint matching the ON CONFLICT specification', 'code': '42P10', 'hint': None, 'details': None}
{
  "id": "subscriptions/49ce7e88-e929-4031-b5b2-c8b557e5da2d/providers/Microsoft.CostManagement/query/c18a9227-33d2-47c8-8407-abea614940a9",
  "name": "c18a9227-33d2-47c8-8407-abea614940a9",
  "type": "Microsoft.CostManagement/query",
  "columns": [
    {
      "name": "PreTaxCost",
      "type": "Number"
    },
    {
      "name": "ServiceName",
      "type": "String"
    },
    {
      "name": "Currency",
      "type": "String"
    }
  ],
  "rows": [
    [
      0.00141546566281467,
      "Bandwidth",
      "INR"
    ],
    [
      355.122505401027,
      "Storage",
      "INR"
    ],
    [
      4495.10784454429,
      "Virtual Machines",
      "INR"
    ],
    [
      236.586579453124,
      "Virtual Network",
      "INR"
    ]
  ]
}
Azure rows fetched: 4
Prepared Azure records:
[{'cloud': 'azure', 'account_name': 'azure-main', 'service_name': 'Bandwidth', 'region': 'global', 'resource_id': None, 'usage_date': '2026-05-22', 'usage_quantity': 0, 'cost': 0.00141546566281467, 'currency': 'USD', 'environment': None, 'application': None, 'tags': None}, {'cloud': 'azure', 'account_name': 'azure-main', 'service_name': 'Storage', 'region': 'global', 'resource_id': None, 'usage_date': '2026-05-22', 'usage_quantity': 0, 'cost': 355.122505401027, 'currency': 'USD', 'environment': None, 'application': None, 'tags': None}, {'cloud': 'azure', 'account_name': 'azure-main', 'service_name': 'Virtual Machines', 'region': 'global', 'resource_id': None, 'usage_date': '2026-05-22', 'usage_quantity': 0, 'cost': 4495.10784454429, 'currency': 'USD', 'environment': None, 'application': None, 'tags': None}]
Traceback (most recent call last):
  File "C:\Users\SrikanthMudaliar\AI-Cloud-Advisor\azure_cost_sync.py", line 141, in <module>
    .execute()
     ^^^^^^^^^
  File "C:\Users\SrikanthMudaliar\AppData\Local\Programs\Python\Python312\Lib\site-packages\postgrest\_sync\request_builder.py", line 53, in execute
    raise APIError(dict(json_obj))
postgrest.exceptions.APIError: {'message': 'there is no unique or exclusion constraint matching the ON CONFLICT specification', 'code': '42P10', 'hint': None, 'details': None}
{
  "id": "subscriptions/49ce7e88-e929-4031-b5b2-c8b557e5da2d/providers/Microsoft.CostManagement/query/317c8a2a-ed97-4a59-aae5-f6c7d77df54e",
  "name": "317c8a2a-ed97-4a59-aae5-f6c7d77df54e",
  "type": "Microsoft.CostManagement/query",
  "columns": [
    {
      "name": "PreTaxCost",
      "type": "Number"
    },
    {
      "name": "ServiceName",
      "type": "String"
    },
    {
      "name": "Currency",
      "type": "String"
    }
  ],
  "rows": [
    [
      0.00142003045398741,
      "Bandwidth",
      "INR"
    ],
    [
      357.285503054619,
      "Storage",
      "INR"
    ],
    [
      4513.07210704429,
      "Virtual Machines",
      "INR"
    ],
    [
      238.004810703124,
      "Virtual Network",
      "INR"
    ]
  ]
}
Azure rows fetched: 4
Prepared Azure records:
[{'cloud': 'azure', 'account_name': 'azure-main', 'service_name': 'Bandwidth', 'region': 'global', 'resource_id': None, 'usage_date': '2026-05-22', 'usage_quantity': 0, 'cost': 0.00142003045398741, 'currency': 'USD', 'environment': None, 'application': None, 'tags': None}, {'cloud': 'azure', 'account_name': 'azure-main', 'service_name': 'Storage', 'region': 'global', 'resource_id': None, 'usage_date': '2026-05-22', 'usage_quantity': 0, 'cost': 357.285503054619, 'currency': 'USD', 'environment': None, 'application': None, 'tags': None}, {'cloud': 'azure', 'account_name': 'azure-main', 'service_name': 'Virtual Machines', 'region': 'global', 'resource_id': None, 'usage_date': '2026-05-22', 'usage_quantity': 0, 'cost': 4513.07210704429, 'currency': 'USD', 'environment': None, 'application': None, 'tags': None}]
Traceback (most recent call last):
  File "C:\Users\SrikanthMudaliar\AI-Cloud-Advisor\azure_cost_sync.py", line 141, in <module>
    .execute()
     ^^^^^^^^^
  File "C:\Users\SrikanthMudaliar\AppData\Local\Programs\Python\Python312\Lib\site-packages\postgrest\_sync\request_builder.py", line 53, in execute
    raise APIError(dict(json_obj))
postgrest.exceptions.APIError: {'message': 'there is no unique or exclusion constraint matching the ON CONFLICT specification', 'code': '42P10', 'hint': None, 'details': None}
{
  "id": "subscriptions/49ce7e88-e929-4031-b5b2-c8b557e5da2d/providers/Microsoft.CostManagement/query/6ef40891-d378-4dbf-bbeb-a241e5b841ff",
  "name": "6ef40891-d378-4dbf-bbeb-a241e5b841ff",
  "type": "Microsoft.CostManagement/query",
  "columns": [
    {
      "name": "PreTaxCost",
      "type": "Number"
    },
    {
      "name": "ServiceName",
      "type": "String"
    },
    {
      "name": "Currency",
      "type": "String"
    }
  ],
  "rows": [
    [
      0.00142003045398741,
      "Bandwidth",
      "INR"
    ],
    [
      357.285503054619,
      "Storage",
      "INR"
    ],
    [
      4513.07210704429,
      "Virtual Machines",
      "INR"
    ],
    [
      238.004810703124,
      "Virtual Network",
      "INR"
    ]
  ]
}
Azure rows fetched: 4
Prepared Azure records:
[{'cloud': 'azure', 'account_name': 'azure-main', 'service_name': 'Bandwidth', 'region': 'global', 'resource_id': None, 'usage_date': '2026-05-22', 'usage_quantity': 0, 'cost': 0.00142003045398741, 'currency': 'USD', 'environment': None, 'application': None, 'tags': None}, {'cloud': 'azure', 'account_name': 'azure-main', 'service_name': 'Storage', 'region': 'global', 'resource_id': None, 'usage_date': '2026-05-22', 'usage_quantity': 0, 'cost': 357.285503054619, 'currency': 'USD', 'environment': None, 'application': None, 'tags': None}, {'cloud': 'azure', 'account_name': 'azure-main', 'service_name': 'Virtual Machines', 'region': 'global', 'resource_id': None, 'usage_date': '2026-05-22', 'usage_quantity': 0, 'cost': 4513.07210704429, 'currency': 'USD', 'environment': None, 'application': None, 'tags': None}]
Traceback (most recent call last):
  File "C:\Users\SrikanthMudaliar\AI-Cloud-Advisor\azure_cost_sync.py", line 141, in <module>
    .execute()
     ^^^^^^^^^
  File "C:\Users\SrikanthMudaliar\AppData\Local\Programs\Python\Python312\Lib\site-packages\postgrest\_sync\request_builder.py", line 53, in execute
    raise APIError(dict(json_obj))
postgrest.exceptions.APIError: {'message': 'there is no unique or exclusion constraint matching the ON CONFLICT specification', 'code': '42P10', 'hint': None, 'details': None}
{
  "id": "subscriptions/49ce7e88-e929-4031-b5b2-c8b557e5da2d/providers/Microsoft.CostManagement/query/ead898ae-97ed-4892-be63-d9208529374b",
  "name": "ead898ae-97ed-4892-be63-d9208529374b",
  "type": "Microsoft.CostManagement/query",
  "columns": [
    {
      "name": "PreTaxCost",
      "type": "Number"
    },
    {
      "name": "ServiceName",
      "type": "String"
    },
    {
      "name": "Currency",
      "type": "String"
    }
  ],
  "rows": [
    [
      0.00142573644295334,
      "Bandwidth",
      "INR"
    ],
    [
      358.106731410531,
      "Storage",
      "INR"
    ],
    [
      4531.03636954429,
      "Virtual Machines",
      "INR"
    ],
    [
      238.950298203124,
      "Virtual Network",
      "INR"
    ]
  ]
}
Azure rows fetched: 4
Prepared Azure records:
[{'cloud': 'azure', 'account_name': 'azure-main', 'service_name': 'Bandwidth', 'region': 'global', 'resource_id': None, 'usage_date': '2026-05-22', 'usage_quantity': 0, 'cost': 0.00142573644295334, 'currency': 'USD', 'environment': None, 'application': None, 'tags': None}, {'cloud': 'azure', 'account_name': 'azure-main', 'service_name': 'Storage', 'region': 'global', 'resource_id': None, 'usage_date': '2026-05-22', 'usage_quantity': 0, 'cost': 358.106731410531, 'currency': 'USD', 'environment': None, 'application': None, 'tags': None}, {'cloud': 'azure', 'account_name': 'azure-main', 'service_name': 'Virtual Machines', 'region': 'global', 'resource_id': None, 'usage_date': '2026-05-22', 'usage_quantity': 0, 'cost': 4531.03636954429, 'currency': 'USD', 'environment': None, 'application': None, 'tags': None}]
Traceback (most recent call last):
  File "C:\Users\SrikanthMudaliar\AI-Cloud-Advisor\azure_cost_sync.py", line 141, in <module>
    .execute()
     ^^^^^^^^^
  File "C:\Users\SrikanthMudaliar\AppData\Local\Programs\Python\Python312\Lib\site-packages\postgrest\_sync\request_builder.py", line 53, in execute
    raise APIError(dict(json_obj))
postgrest.exceptions.APIError: {'message': 'there is no unique or exclusion constraint matching the ON CONFLICT specification', 'code': '42P10', 'hint': None, 'details': None}
^C{
  "id": "subscriptions/49ce7e88-e929-4031-b5b2-c8b557e5da2d/providers/Microsoft.CostManagement/query/646d15a9-41f2-437c-ab12-42d58f5c6775",
  "name": "646d15a9-41f2-437c-ab12-42d58f5c6775",
  "type": "Microsoft.CostManagement/query",
  "columns": [
    {
      "name": "PreTaxCost",
      "type": "Number"
    },
    {
      "name": "ServiceName",
      "type": "String"
    },
    {
      "name": "Currency",
      "type": "String"
    }
  ],
  "rows": [
    [
      0.00146758036203682,
      "Bandwidth",
      "INR"
    ],
    [
      369.297578946171,
      "Storage",
      "INR"
    ],
    [
      4656.78620704428,
      "Virtual Machines",
      "INR"
    ],
    [
      245.095966953124,
      "Virtual Network",
      "INR"
    ]
  ]
}
Azure rows fetched: 4
Prepared Azure records:
[{'cloud': 'azure', 'account_name': 'azure-main', 'service_name': 'Bandwidth', 'region': 'global', 'resource_id': None, 'usage_date': '2026-05-23', 'usage_quantity': 0, 'cost': 0.00146758036203682, 'currency': 'USD', 'environment': None, 'application': None, 'tags': None}, {'cloud': 'azure', 'account_name': 'azure-main', 'service_name': 'Storage', 'region': 'global', 'resource_id': None, 'usage_date': '2026-05-23', 'usage_quantity': 0, 'cost': 369.297578946171, 'currency': 'USD', 'environment': None, 'application': None, 'tags': None}, {'cloud': 'azure', 'account_name': 'azure-main', 'service_name': 'Virtual Machines', 'region': 'global', 'resource_id': None, 'usage_date': '2026-05-23', 'usage_quantity': 0, 'cost': 4656.78620704428, 'currency': 'USD', 'environment': None, 'application': None, 'tags': None}]
Traceback (most recent call last):
  File "C:\Users\SrikanthMudaliar\AI-Cloud-Advisor\azure_cost_sync.py", line 141, in <module>
    .execute()
     ^^^^^^^^^
  File "C:\Users\SrikanthMudaliar\AppData\Local\Programs\Python\Python312\Lib\site-packages\postgrest\_sync\request_builder.py", line 53, in execute
    raise APIError(dict(json_obj))
postgrest.exceptions.APIError: {'message': 'there is no unique or exclusion constraint matching the ON CONFLICT specification', 'code': '42P10', 'hint': None, 'details': None}
{
  "id": "subscriptions/49ce7e88-e929-4031-b5b2-c8b557e5da2d/providers/Microsoft.CostManagement/query/3bd2596c-528b-4edc-a516-c65bb8ece842",
  "name": "3bd2596c-528b-4edc-a516-c65bb8ece842",
  "type": "Microsoft.CostManagement/query",
  "columns": [
    {
      "name": "PreTaxCost",
      "type": "Number"
    },
    {
      "name": "ServiceName",
      "type": "String"
    },
    {
      "name": "Currency",
      "type": "String"
    }
  ],
  "rows": [
    [
      0.00146758036203682,
      "Bandwidth",
      "INR"
    ],
    [
      369.297578946171,
      "Storage",
      "INR"
    ],
    [
      4656.78620704428,
      "Virtual Machines",
      "INR"
    ],
    [
      245.095966953124,
      "Virtual Network",
      "INR"
    ]
  ]
}
Azure rows fetched: 4
Prepared Azure records:
[{'cloud': 'azure', 'account_name': 'azure-main', 'service_name': 'Bandwidth', 'region': 'global', 'resource_id': None, 'usage_date': '2026-05-23', 'usage_quantity': 0, 'cost': 0.00146758036203682, 'currency': 'USD', 'environment': None, 'application': None, 'tags': None}, {'cloud': 'azure', 'account_name': 'azure-main', 'service_name': 'Storage', 'region': 'global', 'resource_id': None, 'usage_date': '2026-05-23', 'usage_quantity': 0, 'cost': 369.297578946171, 'currency': 'USD', 'environment': None, 'application': None, 'tags': None}, {'cloud': 'azure', 'account_name': 'azure-main', 'service_name': 'Virtual Machines', 'region': 'global', 'resource_id': None, 'usage_date': '2026-05-23', 'usage_quantity': 0, 'cost': 4656.78620704428, 'currency': 'USD', 'environment': None, 'application': None, 'tags': None}]
Traceback (most recent call last):
  File "C:\Users\SrikanthMudaliar\AI-Cloud-Advisor\azure_cost_sync.py", line 141, in <module>
    .execute()
     ^^^^^^^^^
  File "C:\Users\SrikanthMudaliar\AppData\Local\Programs\Python\Python312\Lib\site-packages\postgrest\_sync\request_builder.py", line 53, in execute
    raise APIError(dict(json_obj))
postgrest.exceptions.APIError: {'message': 'there is no unique or exclusion constraint matching the ON CONFLICT specification', 'code': '42P10', 'hint': None, 'details': None}
{
  "id": "subscriptions/49ce7e88-e929-4031-b5b2-c8b557e5da2d/providers/Microsoft.CostManagement/query/a6e7f19b-7913-478c-94a2-b5d3b6c3ad9a",
  "name": "a6e7f19b-7913-478c-94a2-b5d3b6c3ad9a",
  "type": "Microsoft.CostManagement/query",
  "columns": [
    {
      "name": "PreTaxCost",
      "type": "Number"
    },
    {
      "name": "ServiceName",
      "type": "String"
    },
    {
      "name": "Currency",
      "type": "String"
    }
  ],
  "rows": [
    [
      0.00147290595173835,
      "Bandwidth",
      "INR"
    ],
    [
      370.789691950923,
      "Storage",
      "INR"
    ],
    [
      4674.75046954428,
      "Virtual Machines",
      "INR"
    ],
    [
      246.514198203124,
      "Virtual Network",
      "INR"
    ]
  ]
}
Azure rows fetched: 4
Prepared Azure records:
[{'cloud': 'azure', 'account_name': 'azure-main', 'service_name': 'Bandwidth', 'region': 'global', 'resource_id': None, 'usage_date': '2026-05-23', 'usage_quantity': 0, 'cost': 0.00147290595173835, 'currency': 'USD', 'environment': None, 'application': None, 'tags': None}, {'cloud': 'azure', 'account_name': 'azure-main', 'service_name': 'Storage', 'region': 'global', 'resource_id': None, 'usage_date': '2026-05-23', 'usage_quantity': 0, 'cost': 370.789691950923, 'currency': 'USD', 'environment': None, 'application': None, 'tags': None}, {'cloud': 'azure', 'account_name': 'azure-main', 'service_name': 'Virtual Machines', 'region': 'global', 'resource_id': None, 'usage_date': '2026-05-23', 'usage_quantity': 0, 'cost': 4674.75046954428, 'currency': 'USD', 'environment': None, 'application': None, 'tags': None}]
Traceback (most recent call last):
  File "C:\Users\SrikanthMudaliar\AI-Cloud-Advisor\azure_cost_sync.py", line 141, in <module>
    .execute()
     ^^^^^^^^^
  File "C:\Users\SrikanthMudaliar\AppData\Local\Programs\Python\Python312\Lib\site-packages\postgrest\_sync\request_builder.py", line 53, in execute
    raise APIError(dict(json_obj))
postgrest.exceptions.APIError: {'message': 'there is no unique or exclusion constraint matching the ON CONFLICT specification', 'code': '42P10', 'hint': None, 'details': None}
{
  "id": "subscriptions/49ce7e88-e929-4031-b5b2-c8b557e5da2d/providers/Microsoft.CostManagement/query/c0da3545-b2fe-4e13-a4fb-f20db2fe7e8d",
  "name": "c0da3545-b2fe-4e13-a4fb-f20db2fe7e8d",
  "type": "Microsoft.CostManagement/query",
  "columns": [
    {
      "name": "PreTaxCost",
      "type": "Number"
    },
    {
      "name": "ServiceName",
      "type": "String"
    },
    {
      "name": "Currency",
      "type": "String"
    }
  ],
  "rows": [
    [
      0.00147290595173835,
      "Bandwidth",
      "INR"
    ],
    [
      370.789691950923,
      "Storage",
      "INR"
    ],
    [
      4674.75046954428,
      "Virtual Machines",
      "INR"
    ],
    [
      246.514198203124,
      "Virtual Network",
      "INR"
    ]
  ]
}
Azure rows fetched: 4
Prepared Azure records:
[{'cloud': 'azure', 'account_name': 'azure-main', 'service_name': 'Bandwidth', 'region': 'global', 'resource_id': None, 'usage_date': '2026-05-23', 'usage_quantity': 0, 'cost': 0.00147290595173835, 'currency': 'USD', 'environment': None, 'application': None, 'tags': None}, {'cloud': 'azure', 'account_name': 'azure-main', 'service_name': 'Storage', 'region': 'global', 'resource_id': None, 'usage_date': '2026-05-23', 'usage_quantity': 0, 'cost': 370.789691950923, 'currency': 'USD', 'environment': None, 'application': None, 'tags': None}, {'cloud': 'azure', 'account_name': 'azure-main', 'service_name': 'Virtual Machines', 'region': 'global', 'resource_id': None, 'usage_date': '2026-05-23', 'usage_quantity': 0, 'cost': 4674.75046954428, 'currency': 'USD', 'environment': None, 'application': None, 'tags': None}]
Traceback (most recent call last):
  File "C:\Users\SrikanthMudaliar\AI-Cloud-Advisor\azure_cost_sync.py", line 141, in <module>
    .execute()
     ^^^^^^^^^
  File "C:\Users\SrikanthMudaliar\AppData\Local\Programs\Python\Python312\Lib\site-packages\postgrest\_sync\request_builder.py", line 53, in execute
    raise APIError(dict(json_obj))
postgrest.exceptions.APIError: {'message': 'there is no unique or exclusion constraint matching the ON CONFLICT specification', 'code': '42P10', 'hint': None, 'details': None}
{
  "id": "subscriptions/49ce7e88-e929-4031-b5b2-c8b557e5da2d/providers/Microsoft.CostManagement/query/91b8dd11-4544-41a6-9da8-3a1b0d8e8c1e",
  "name": "91b8dd11-4544-41a6-9da8-3a1b0d8e8c1e",
  "type": "Microsoft.CostManagement/query",
  "columns": [
    {
      "name": "PreTaxCost",
      "type": "Number"
    },
    {
      "name": "ServiceName",
      "type": "String"
    },
    {
      "name": "Currency",
      "type": "String"
    }
  ],
  "rows": [
    [
      0.00147290595173835,
      "Bandwidth",
      "INR"
    ],
    [
      370.789691950923,
      "Storage",
      "INR"
    ],
    [
      4674.75046954428,
      "Virtual Machines",
      "INR"
    ],
    [
      246.514198203124,
      "Virtual Network",
      "INR"
    ]
  ]
}
Azure rows fetched: 4
Prepared Azure records:
[{'cloud': 'azure', 'account_name': 'azure-main', 'service_name': 'Bandwidth', 'region': 'global', 'resource_id': None, 'usage_date': '2026-05-23', 'usage_quantity': 0, 'cost': 0.00147290595173835, 'currency': 'USD', 'environment': None, 'application': None, 'tags': None}, {'cloud': 'azure', 'account_name': 'azure-main', 'service_name': 'Storage', 'region': 'global', 'resource_id': None, 'usage_date': '2026-05-23', 'usage_quantity': 0, 'cost': 370.789691950923, 'currency': 'USD', 'environment': None, 'application': None, 'tags': None}, {'cloud': 'azure', 'account_name': 'azure-main', 'service_name': 'Virtual Machines', 'region': 'global', 'resource_id': None, 'usage_date': '2026-05-23', 'usage_quantity': 0, 'cost': 4674.75046954428, 'currency': 'USD', 'environment': None, 'application': None, 'tags': None}]
Traceback (most recent call last):
  File "C:\Users\SrikanthMudaliar\AI-Cloud-Advisor\azure_cost_sync.py", line 141, in <module>
    .execute()
     ^^^^^^^^^
  File "C:\Users\SrikanthMudaliar\AppData\Local\Programs\Python\Python312\Lib\site-packages\postgrest\_sync\request_builder.py", line 53, in execute
    raise APIError(dict(json_obj))
postgrest.exceptions.APIError: {'message': 'there is no unique or exclusion constraint matching the ON CONFLICT specification', 'code': '42P10', 'hint': None, 'details': None}
{
  "id": "subscriptions/49ce7e88-e929-4031-b5b2-c8b557e5da2d/providers/Microsoft.CostManagement/query/2569dfa6-9874-4c02-8e24-1bb96b9e50e7",
  "name": "2569dfa6-9874-4c02-8e24-1bb96b9e50e7",
  "type": "Microsoft.CostManagement/query",
  "columns": [
    {
      "name": "PreTaxCost",
      "type": "Number"
    },
    {
      "name": "ServiceName",
      "type": "String"
    },
    {
      "name": "Currency",
      "type": "String"
    }
  ],
  "rows": [
    [
      0.00147290595173835,
      "Bandwidth",
      "INR"
    ],
    [
      370.789691950923,
      "Storage",
      "INR"
    ],
    [
      4674.75046954428,
      "Virtual Machines",
      "INR"
    ],
    [
      246.514198203124,
      "Virtual Network",
      "INR"
    ]
  ]
}
Azure rows fetched: 4
Prepared Azure records:
[{'cloud': 'azure', 'account_name': 'azure-main', 'service_name': 'Bandwidth', 'region': 'global', 'resource_id': None, 'usage_date': '2026-05-23', 'usage_quantity': 0, 'cost': 0.00147290595173835, 'currency': 'USD', 'environment': None, 'application': None, 'tags': None}, {'cloud': 'azure', 'account_name': 'azure-main', 'service_name': 'Storage', 'region': 'global', 'resource_id': None, 'usage_date': '2026-05-23', 'usage_quantity': 0, 'cost': 370.789691950923, 'currency': 'USD', 'environment': None, 'application': None, 'tags': None}, {'cloud': 'azure', 'account_name': 'azure-main', 'service_name': 'Virtual Machines', 'region': 'global', 'resource_id': None, 'usage_date': '2026-05-23', 'usage_quantity': 0, 'cost': 4674.75046954428, 'currency': 'USD', 'environment': None, 'application': None, 'tags': None}]
Traceback (most recent call last):
  File "C:\Users\SrikanthMudaliar\AI-Cloud-Advisor\azure_cost_sync.py", line 141, in <module>
    .execute()
     ^^^^^^^^^
  File "C:\Users\SrikanthMudaliar\AppData\Local\Programs\Python\Python312\Lib\site-packages\postgrest\_sync\request_builder.py", line 53, in execute
    raise APIError(dict(json_obj))
postgrest.exceptions.APIError: {'message': 'there is no unique or exclusion constraint matching the ON CONFLICT specification', 'code': '42P10', 'hint': None, 'details': None}
{
  "id": "subscriptions/49ce7e88-e929-4031-b5b2-c8b557e5da2d/providers/Microsoft.CostManagement/query/e2d97afe-8ae8-4cf4-bd76-975ab77f1036",
  "name": "e2d97afe-8ae8-4cf4-bd76-975ab77f1036",
  "type": "Microsoft.CostManagement/query",
  "columns": [
    {
      "name": "PreTaxCost",
      "type": "Number"
    },
    {
      "name": "ServiceName",
      "type": "String"
    },
    {
      "name": "Currency",
      "type": "String"
    }
  ],
  "rows": [
    [
      0.00147823154143988,
      "Bandwidth",
      "INR"
    ],
    [
      371.535748453299,
      "Storage",
      "INR"
    ],
    [
      4692.71473204428,
      "Virtual Machines",
      "INR"
    ],
    [
      247.459685703124,
      "Virtual Network",
      "INR"
    ]
  ]
}
Azure rows fetched: 4
Prepared Azure records:
[{'cloud': 'azure', 'account_name': 'azure-main', 'service_name': 'Bandwidth', 'region': 'global', 'resource_id': None, 'usage_date': '2026-05-23', 'usage_quantity': 0, 'cost': 0.00147823154143988, 'currency': 'USD', 'environment': None, 'application': None, 'tags': None}, {'cloud': 'azure', 'account_name': 'azure-main', 'service_name': 'Storage', 'region': 'global', 'resource_id': None, 'usage_date': '2026-05-23', 'usage_quantity': 0, 'cost': 371.535748453299, 'currency': 'USD', 'environment': None, 'application': None, 'tags': None}, {'cloud': 'azure', 'account_name': 'azure-main', 'service_name': 'Virtual Machines', 'region': 'global', 'resource_id': None, 'usage_date': '2026-05-23', 'usage_quantity': 0, 'cost': 4692.71473204428, 'currency': 'USD', 'environment': None, 'application': None, 'tags': None}]
Traceback (most recent call last):
  File "C:\Users\SrikanthMudaliar\AI-Cloud-Advisor\azure_cost_sync.py", line 141, in <module>
    .execute()
     ^^^^^^^^^
  File "C:\Users\SrikanthMudaliar\AppData\Local\Programs\Python\Python312\Lib\site-packages\postgrest\_sync\request_builder.py", line 53, in execute
    raise APIError(dict(json_obj))
postgrest.exceptions.APIError: {'message': 'there is no unique or exclusion constraint matching the ON CONFLICT specification', 'code': '42P10', 'hint': None, 'details': None}
{
  "id": "subscriptions/49ce7e88-e929-4031-b5b2-c8b557e5da2d/providers/Microsoft.CostManagement/query/5064c3ce-8d4f-401a-8067-8ae6dc20671a",
  "name": "5064c3ce-8d4f-401a-8067-8ae6dc20671a",
  "type": "Microsoft.CostManagement/query",
  "columns": [
    {
      "name": "PreTaxCost",
      "type": "Number"
    },
    {
      "name": "ServiceName",
      "type": "String"
    },
    {
      "name": "Currency",
      "type": "String"
    }
  ],
  "rows": [
    [
      0.00149192591495811,
      "Bandwidth",
      "INR"
    ],
    [
      374.519974462803,
      "Storage",
      "INR"
    ],
    [
      4728.64325704428,
      "Virtual Machines",
      "INR"
    ],
    [
      249.350660703124,
      "Virtual Network",
      "INR"
    ]
  ]
}
Azure rows fetched: 4
Prepared Azure records:
[{'cloud': 'azure', 'account_name': 'azure-main', 'service_name': 'Bandwidth', 'region': 'global', 'resource_id': None, 'usage_date': '2026-05-23', 'usage_quantity': 0, 'cost': 0.00149192591495811, 'currency': 'USD', 'environment': None, 'application': None, 'tags': None}, {'cloud': 'azure', 'account_name': 'azure-main', 'service_name': 'Storage', 'region': 'global', 'resource_id': None, 'usage_date': '2026-05-23', 'usage_quantity': 0, 'cost': 374.519974462803, 'currency': 'USD', 'environment': None, 'application': None, 'tags': None}, {'cloud': 'azure', 'account_name': 'azure-main', 'service_name': 'Virtual Machines', 'region': 'global', 'resource_id': None, 'usage_date': '2026-05-23', 'usage_quantity': 0, 'cost': 4728.64325704428, 'currency': 'USD', 'environment': None, 'application': None, 'tags': None}]
Traceback (most recent call last):
  File "C:\Users\SrikanthMudaliar\AI-Cloud-Advisor\azure_cost_sync.py", line 141, in <module>
    .execute()
     ^^^^^^^^^
  File "C:\Users\SrikanthMudaliar\AppData\Local\Programs\Python\Python312\Lib\site-packages\postgrest\_sync\request_builder.py", line 53, in execute
    raise APIError(dict(json_obj))
postgrest.exceptions.APIError: {'message': 'there is no unique or exclusion constraint matching the ON CONFLICT specification', 'code': '42P10', 'hint': None, 'details': None}
{
  "id": "subscriptions/49ce7e88-e929-4031-b5b2-c8b557e5da2d/providers/Microsoft.CostManagement/query/b04ffc39-e965-4aff-873f-c224f6dd0591",
  "name": "b04ffc39-e965-4aff-873f-c224f6dd0591",
  "type": "Microsoft.CostManagement/query",
  "columns": [
    {
      "name": "PreTaxCost",
      "type": "Number"
    },
    {
      "name": "ServiceName",
      "type": "String"
    },
    {
      "name": "Currency",
      "type": "String"
    }
  ],
  "rows": [
    [
      0.00149496910907327,
      "Bandwidth",
      "INR"
    ],
    [
      376.682972116395,
      "Storage",
      "INR"
    ],
    [
      4746.60751954428,
      "Virtual Machines",
      "INR"
    ],
    [
      250.296148203124,
      "Virtual Network",
      "INR"
    ]
  ]
}
Azure rows fetched: 4
Prepared Azure records:
[{'cloud': 'azure', 'account_name': 'azure-main', 'service_name': 'Bandwidth', 'region': 'global', 'resource_id': None, 'usage_date': '2026-05-23', 'usage_quantity': 0, 'cost': 0.00149496910907327, 'currency': 'USD', 'environment': None, 'application': None, 'tags': None}, {'cloud': 'azure', 'account_name': 'azure-main', 'service_name': 'Storage', 'region': 'global', 'resource_id': None, 'usage_date': '2026-05-23', 'usage_quantity': 0, 'cost': 376.682972116395, 'currency': 'USD', 'environment': None, 'application': None, 'tags': None}, {'cloud': 'azure', 'account_name': 'azure-main', 'service_name': 'Virtual Machines', 'region': 'global', 'resource_id': None, 'usage_date': '2026-05-23', 'usage_quantity': 0, 'cost': 4746.60751954428, 'currency': 'USD', 'environment': None, 'application': None, 'tags': None}]
Traceback (most recent call last):
  File "C:\Users\SrikanthMudaliar\AI-Cloud-Advisor\azure_cost_sync.py", line 141, in <module>
    .execute()
     ^^^^^^^^^
  File "C:\Users\SrikanthMudaliar\AppData\Local\Programs\Python\Python312\Lib\site-packages\postgrest\_sync\request_builder.py", line 53, in execute
    raise APIError(dict(json_obj))
postgrest.exceptions.APIError: {'message': 'there is no unique or exclusion constraint matching the ON CONFLICT specification', 'code': '42P10', 'hint': None, 'details': None}
{
  "id": "subscriptions/49ce7e88-e929-4031-b5b2-c8b557e5da2d/providers/Microsoft.CostManagement/query/0ea07a84-0ff2-4f7e-a154-fea9f362f656",
  "name": "0ea07a84-0ff2-4f7e-a154-fea9f362f656",
  "type": "Microsoft.CostManagement/query",
  "columns": [
    {
      "name": "PreTaxCost",
      "type": "Number"
    },
    {
      "name": "ServiceName",
      "type": "String"
    },
    {
      "name": "Currency",
      "type": "String"
    }
  ],
  "rows": [
    [
      0.00149496910907327,
      "Bandwidth",
      "INR"
    ],
    [
      376.682972116395,
      "Storage",
      "INR"
    ],
    [
      4746.60751954428,
      "Virtual Machines",
      "INR"
    ],
    [
      250.296148203124,
      "Virtual Network",
      "INR"
    ]
  ]
}
Azure rows fetched: 4
Prepared Azure records:
[{'cloud': 'azure', 'account_name': 'azure-main', 'service_name': 'Bandwidth', 'region': 'global', 'resource_id': None, 'usage_date': '2026-05-23', 'usage_quantity': 0, 'cost': 0.00149496910907327, 'currency': 'USD', 'environment': None, 'application': None, 'tags': None}, {'cloud': 'azure', 'account_name': 'azure-main', 'service_name': 'Storage', 'region': 'global', 'resource_id': None, 'usage_date': '2026-05-23', 'usage_quantity': 0, 'cost': 376.682972116395, 'currency': 'USD', 'environment': None, 'application': None, 'tags': None}, {'cloud': 'azure', 'account_name': 'azure-main', 'service_name': 'Virtual Machines', 'region': 'global', 'resource_id': None, 'usage_date': '2026-05-23', 'usage_quantity': 0, 'cost': 4746.60751954428, 'currency': 'USD', 'environment': None, 'application': None, 'tags': None}]
Traceback (most recent call last):
  File "C:\Users\SrikanthMudaliar\AI-Cloud-Advisor\azure_cost_sync.py", line 141, in <module>
    .execute()
     ^^^^^^^^^
  File "C:\Users\SrikanthMudaliar\AppData\Local\Programs\Python\Python312\Lib\site-packages\postgrest\_sync\request_builder.py", line 53, in execute
    raise APIError(dict(json_obj))
postgrest.exceptions.APIError: {'message': 'there is no unique or exclusion constraint matching the ON CONFLICT specification', 'code': '42P10', 'hint': None, 'details': None}
{
  "id": "subscriptions/49ce7e88-e929-4031-b5b2-c8b557e5da2d/providers/Microsoft.CostManagement/query/350c51ff-21f9-4b25-8ff0-d493db0740e0",
  "name": "350c51ff-21f9-4b25-8ff0-d493db0740e0",
  "type": "Microsoft.CostManagement/query",
  "columns": [
    {
      "name": "PreTaxCost",
      "type": "Number"
    },
    {
      "name": "ServiceName",
      "type": "String"
    },
    {
      "name": "Currency",
      "type": "String"
    }
  ],
  "rows": [
    [
      0.00150219669509678,
      "Bandwidth",
      "INR"
    ],
    [
      378.175085121147,
      "Storage",
      "INR"
    ],
    [
      4773.55391329428,
      "Virtual Machines",
      "INR"
    ],
    [
      251.241635703124,
      "Virtual Network",
      "INR"
    ]
  ]
}
Azure rows fetched: 4
Prepared Azure records:
[{'cloud': 'azure', 'account_name': 'azure-main', 'service_name': 'Bandwidth', 'region': 'global', 'resource_id': None, 'usage_date': '2026-05-23', 'usage_quantity': 0, 'cost': 0.00150219669509678, 'currency': 'USD', 'environment': None, 'application': None, 'tags': None}, {'cloud': 'azure', 'account_name': 'azure-main', 'service_name': 'Storage', 'region': 'global', 'resource_id': None, 'usage_date': '2026-05-23', 'usage_quantity': 0, 'cost': 378.175085121147, 'currency': 'USD', 'environment': None, 'application': None, 'tags': None}, {'cloud': 'azure', 'account_name': 'azure-main', 'service_name': 'Virtual Machines', 'region': 'global', 'resource_id': None, 'usage_date': '2026-05-23', 'usage_quantity': 0, 'cost': 4773.55391329428, 'currency': 'USD', 'environment': None, 'application': None, 'tags': None}]
Traceback (most recent call last):
  File "C:\Users\SrikanthMudaliar\AI-Cloud-Advisor\azure_cost_sync.py", line 141, in <module>
    .execute()
     ^^^^^^^^^
  File "C:\Users\SrikanthMudaliar\AppData\Local\Programs\Python\Python312\Lib\site-packages\postgrest\_sync\request_builder.py", line 53, in execute
    raise APIError(dict(json_obj))
postgrest.exceptions.APIError: {'message': 'there is no unique or exclusion constraint matching the ON CONFLICT specification', 'code': '42P10', 'hint': None, 'details': None}
{
  "id": "subscriptions/49ce7e88-e929-4031-b5b2-c8b557e5da2d/providers/Microsoft.CostManagement/query/d5edf7fc-e01a-4743-a4ee-4ed74240d47e",
  "name": "d5edf7fc-e01a-4743-a4ee-4ed74240d47e",
  "type": "Microsoft.CostManagement/query",
  "columns": [
    {
      "name": "PreTaxCost",
      "type": "Number"
    },
    {
      "name": "ServiceName",
      "type": "String"
    },
    {
      "name": "Currency",
      "type": "String"
    }
  ],
  "rows": [
    [
      0.00150219669509678,
      "Bandwidth",
      "INR"
    ],
    [
      378.175085121147,
      "Storage",
      "INR"
    ],
    [
      4773.55391329428,
      "Virtual Machines",
      "INR"
    ],
    [
      251.241635703124,
      "Virtual Network",
      "INR"
    ]
  ]
}
Azure rows fetched: 4
Prepared Azure records:
[{'cloud': 'azure', 'account_name': 'azure-main', 'service_name': 'Bandwidth', 'region': 'global', 'resource_id': None, 'usage_date': '2026-05-23', 'usage_quantity': 0, 'cost': 0.00150219669509678, 'currency': 'USD', 'environment': None, 'application': None, 'tags': None}, {'cloud': 'azure', 'account_name': 'azure-main', 'service_name': 'Storage', 'region': 'global', 'resource_id': None, 'usage_date': '2026-05-23', 'usage_quantity': 0, 'cost': 378.175085121147, 'currency': 'USD', 'environment': None, 'application': None, 'tags': None}, {'cloud': 'azure', 'account_name': 'azure-main', 'service_name': 'Virtual Machines', 'region': 'global', 'resource_id': None, 'usage_date': '2026-05-23', 'usage_quantity': 0, 'cost': 4773.55391329428, 'currency': 'USD', 'environment': None, 'application': None, 'tags': None}]
Traceback (most recent call last):
  File "C:\Users\SrikanthMudaliar\AI-Cloud-Advisor\azure_cost_sync.py", line 141, in <module>
    .execute()
     ^^^^^^^^^
  File "C:\Users\SrikanthMudaliar\AppData\Local\Programs\Python\Python312\Lib\site-packages\postgrest\_sync\request_builder.py", line 53, in execute
    raise APIError(dict(json_obj))
postgrest.exceptions.APIError: {'message': 'there is no unique or exclusion constraint matching the ON CONFLICT specification', 'code': '42P10', 'hint': None, 'details': None}
{
  "id": "subscriptions/49ce7e88-e929-4031-b5b2-c8b557e5da2d/providers/Microsoft.CostManagement/query/2726381f-ba93-4cc3-9dc9-1dd224facb40",
  "name": "2726381f-ba93-4cc3-9dc9-1dd224facb40",
  "type": "Microsoft.CostManagement/query",
  "columns": [
    {
      "name": "PreTaxCost",
      "type": "Number"
    },
    {
      "name": "ServiceName",
      "type": "String"
    },
    {
      "name": "Currency",
      "type": "String"
    }
  ],
  "rows": [
    [
      0.0015326286362484,
      "Bandwidth",
      "INR"
    ],
    [
      387.948991505571,
      "Storage",
      "INR"
    ],
    [
      4890.32161954428,
      "Virtual Machines",
      "INR"
    ],
    [
      257.860048203124,
      "Virtual Network",
      "INR"
    ]
  ]
}
Azure rows fetched: 4
Prepared Azure records:
[{'cloud': 'azure', 'account_name': 'azure-main', 'service_name': 'Bandwidth', 'region': 'global', 'resource_id': None, 'usage_date': '2026-05-24', 'usage_quantity': 0, 'cost': 0.0015326286362484, 'currency': 'USD', 'environment': None, 'application': None, 'tags': None}, {'cloud': 'azure', 'account_name': 'azure-main', 'service_name': 'Storage', 'region': 'global', 'resource_id': None, 'usage_date': '2026-05-24', 'usage_quantity': 0, 'cost': 387.948991505571, 'currency': 'USD', 'environment': None, 'application': None, 'tags': None}, {'cloud': 'azure', 'account_name': 'azure-main', 'service_name': 'Virtual Machines', 'region': 'global', 'resource_id': None, 'usage_date': '2026-05-24', 'usage_quantity': 0, 'cost': 4890.32161954428, 'currency': 'USD', 'environment': None, 'application': None, 'tags': None}]
Traceback (most recent call last):
  File "C:\Users\SrikanthMudaliar\AI-Cloud-Advisor\azure_cost_sync.py", line 141, in <module>
    .execute()
     ^^^^^^^^^
  File "C:\Users\SrikanthMudaliar\AppData\Local\Programs\Python\Python312\Lib\site-packages\postgrest\_sync\request_builder.py", line 53, in execute
    raise APIError(dict(json_obj))
postgrest.exceptions.APIError: {'message': 'there is no unique or exclusion constraint matching the ON CONFLICT specification', 'code': '42P10', 'hint': None, 'details': None}
{
  "id": "subscriptions/49ce7e88-e929-4031-b5b2-c8b557e5da2d/providers/Microsoft.CostManagement/query/0f2fff90-b407-4812-980a-4662b466c11e",
  "name": "0f2fff90-b407-4812-980a-4662b466c11e",
  "type": "Microsoft.CostManagement/query",
  "columns": [
    {
      "name": "PreTaxCost",
      "type": "Number"
    },
    {
      "name": "ServiceName",
      "type": "String"
    },
    {
      "name": "Currency",
      "type": "String"
    }
  ],
  "rows": [
    [
      0.0015326286362484,
      "Bandwidth",
      "INR"
    ],
    [
      387.948991505571,
      "Storage",
      "INR"
    ],
    [
      4890.32161954428,
      "Virtual Machines",
      "INR"
    ],
    [
      257.860048203124,
      "Virtual Network",
      "INR"
    ]
  ]
}
Azure rows fetched: 4
Prepared Azure records:
[{'cloud': 'azure', 'account_name': 'azure-main', 'service_name': 'Bandwidth', 'region': 'global', 'resource_id': None, 'usage_date': '2026-05-24', 'usage_quantity': 0, 'cost': 0.0015326286362484, 'currency': 'USD', 'environment': None, 'application': None, 'tags': None}, {'cloud': 'azure', 'account_name': 'azure-main', 'service_name': 'Storage', 'region': 'global', 'resource_id': None, 'usage_date': '2026-05-24', 'usage_quantity': 0, 'cost': 387.948991505571, 'currency': 'USD', 'environment': None, 'application': None, 'tags': None}, {'cloud': 'azure', 'account_name': 'azure-main', 'service_name': 'Virtual Machines', 'region': 'global', 'resource_id': None, 'usage_date': '2026-05-24', 'usage_quantity': 0, 'cost': 4890.32161954428, 'currency': 'USD', 'environment': None, 'application': None, 'tags': None}]
Traceback (most recent call last):
  File "C:\Users\SrikanthMudaliar\AI-Cloud-Advisor\azure_cost_sync.py", line 141, in <module>
    .execute()
     ^^^^^^^^^
  File "C:\Users\SrikanthMudaliar\AppData\Local\Programs\Python\Python312\Lib\site-packages\postgrest\_sync\request_builder.py", line 53, in execute
    raise APIError(dict(json_obj))
postgrest.exceptions.APIError: {'message': 'there is no unique or exclusion constraint matching the ON CONFLICT specification', 'code': '42P10', 'hint': None, 'details': None}
{
  "id": "subscriptions/49ce7e88-e929-4031-b5b2-c8b557e5da2d/providers/Microsoft.CostManagement/query/5e0581b8-f02b-4fe5-8c13-868fb98382ab",
  "name": "5e0581b8-f02b-4fe5-8c13-868fb98382ab",
  "type": "Microsoft.CostManagement/query",
  "columns": [
    {
      "name": "PreTaxCost",
      "type": "Number"
    },
    {
      "name": "ServiceName",
      "type": "String"
    },
    {
      "name": "Currency",
      "type": "String"
    }
  ],
  "rows": [
    [
      0.0015326286362484,
      "Bandwidth",
      "INR"
    ],
    [
      387.948991505571,
      "Storage",
      "INR"
    ],
    [
      4890.32161954428,
      "Virtual Machines",
      "INR"
    ],
    [
      257.860048203124,
      "Virtual Network",
      "INR"
    ]
  ]
}
Azure rows fetched: 4
Prepared Azure records:
[{'cloud': 'azure', 'account_name': 'azure-main', 'service_name': 'Bandwidth', 'region': 'global', 'resource_id': None, 'usage_date': '2026-05-24', 'usage_quantity': 0, 'cost': 0.0015326286362484, 'currency': 'USD', 'environment': None, 'application': None, 'tags': None}, {'cloud': 'azure', 'account_name': 'azure-main', 'service_name': 'Storage', 'region': 'global', 'resource_id': None, 'usage_date': '2026-05-24', 'usage_quantity': 0, 'cost': 387.948991505571, 'currency': 'USD', 'environment': None, 'application': None, 'tags': None}, {'cloud': 'azure', 'account_name': 'azure-main', 'service_name': 'Virtual Machines', 'region': 'global', 'resource_id': None, 'usage_date': '2026-05-24', 'usage_quantity': 0, 'cost': 4890.32161954428, 'currency': 'USD', 'environment': None, 'application': None, 'tags': None}]
Traceback (most recent call last):
  File "C:\Users\SrikanthMudaliar\AI-Cloud-Advisor\azure_cost_sync.py", line 141, in <module>
    .execute()
     ^^^^^^^^^
  File "C:\Users\SrikanthMudaliar\AppData\Local\Programs\Python\Python312\Lib\site-packages\postgrest\_sync\request_builder.py", line 53, in execute
    raise APIError(dict(json_obj))
postgrest.exceptions.APIError: {'message': 'there is no unique or exclusion constraint matching the ON CONFLICT specification', 'code': '42P10', 'hint': None, 'details': None}
{
  "id": "subscriptions/49ce7e88-e929-4031-b5b2-c8b557e5da2d/providers/Microsoft.CostManagement/query/f164b723-910e-4e72-b3fb-061c95cb60fd",
  "name": "f164b723-910e-4e72-b3fb-061c95cb60fd",
  "type": "Microsoft.CostManagement/query",
  "columns": [
    {
      "name": "PreTaxCost",
      "type": "Number"
    },
    {
      "name": "ServiceName",
      "type": "String"
    },
    {
      "name": "Currency",
      "type": "String"
    }
  ],
  "rows": [
    [
      0.0015326286362484,
      "Bandwidth",
      "INR"
    ],
    [
      387.948991505571,
      "Storage",
      "INR"
    ],
    [
      4890.32161954428,
      "Virtual Machines",
      "INR"
    ],
    [
      257.860048203124,
      "Virtual Network",
      "INR"
    ]
  ]
}
Azure rows fetched: 4
Prepared Azure records:
[{'cloud': 'azure', 'account_name': 'azure-main', 'service_name': 'Bandwidth', 'region': 'global', 'resource_id': None, 'usage_date': '2026-05-24', 'usage_quantity': 0, 'cost': 0.0015326286362484, 'currency': 'USD', 'environment': None, 'application': None, 'tags': None}, {'cloud': 'azure', 'account_name': 'azure-main', 'service_name': 'Storage', 'region': 'global', 'resource_id': None, 'usage_date': '2026-05-24', 'usage_quantity': 0, 'cost': 387.948991505571, 'currency': 'USD', 'environment': None, 'application': None, 'tags': None}, {'cloud': 'azure', 'account_name': 'azure-main', 'service_name': 'Virtual Machines', 'region': 'global', 'resource_id': None, 'usage_date': '2026-05-24', 'usage_quantity': 0, 'cost': 4890.32161954428, 'currency': 'USD', 'environment': None, 'application': None, 'tags': None}]
Traceback (most recent call last):
  File "C:\Users\SrikanthMudaliar\AI-Cloud-Advisor\azure_cost_sync.py", line 141, in <module>
    .execute()
     ^^^^^^^^^
  File "C:\Users\SrikanthMudaliar\AppData\Local\Programs\Python\Python312\Lib\site-packages\postgrest\_sync\request_builder.py", line 53, in execute
    raise APIError(dict(json_obj))
postgrest.exceptions.APIError: {'message': 'there is no unique or exclusion constraint matching the ON CONFLICT specification', 'code': '42P10', 'hint': None, 'details': None}
{
  "id": "subscriptions/49ce7e88-e929-4031-b5b2-c8b557e5da2d/providers/Microsoft.CostManagement/query/c71dec4a-cae0-4305-838e-2051f6c5d152",
  "name": "c71dec4a-cae0-4305-838e-2051f6c5d152",
  "type": "Microsoft.CostManagement/query",
  "columns": [
    {
      "name": "PreTaxCost",
      "type": "Number"
    },
    {
      "name": "ServiceName",
      "type": "String"
    },
    {
      "name": "Currency",
      "type": "String"
    }
  ],
  "rows": [
    [
      0.0015406170208007,
      "Bandwidth",
      "INR"
    ],
    [
      390.187161012699,
      "Storage",
      "INR"
    ],
    [
      4908.28588204428,
      "Virtual Machines",
      "INR"
    ],
    [
      258.805535703124,
      "Virtual Network",
      "INR"
    ]
  ]
}
Azure rows fetched: 4
Prepared Azure records:
[{'cloud': 'azure', 'account_name': 'azure-main', 'service_name': 'Bandwidth', 'region': 'global', 'resource_id': None, 'usage_date': '2026-05-24', 'usage_quantity': 0, 'cost': 0.0015406170208007, 'currency': 'USD', 'environment': None, 'application': None, 'tags': None}, {'cloud': 'azure', 'account_name': 'azure-main', 'service_name': 'Storage', 'region': 'global', 'resource_id': None, 'usage_date': '2026-05-24', 'usage_quantity': 0, 'cost': 390.187161012699, 'currency': 'USD', 'environment': None, 'application': None, 'tags': None}, {'cloud': 'azure', 'account_name': 'azure-main', 'service_name': 'Virtual Machines', 'region': 'global', 'resource_id': None, 'usage_date': '2026-05-24', 'usage_quantity': 0, 'cost': 4908.28588204428, 'currency': 'USD', 'environment': None, 'application': None, 'tags': None}]
Traceback (most recent call last):
  File "C:\Users\SrikanthMudaliar\AI-Cloud-Advisor\azure_cost_sync.py", line 141, in <module>
    .execute()
     ^^^^^^^^^
  File "C:\Users\SrikanthMudaliar\AppData\Local\Programs\Python\Python312\Lib\site-packages\postgrest\_sync\request_builder.py", line 53, in execute
    raise APIError(dict(json_obj))
postgrest.exceptions.APIError: {'message': 'there is no unique or exclusion constraint matching the ON CONFLICT specification', 'code': '42P10', 'hint': None, 'details': None}
{
  "id": "subscriptions/49ce7e88-e929-4031-b5b2-c8b557e5da2d/providers/Microsoft.CostManagement/query/27196285-cd05-4750-ba4c-1b0631962a16",
  "name": "27196285-cd05-4750-ba4c-1b0631962a16",
  "type": "Microsoft.CostManagement/query",
  "columns": [
    {
      "name": "PreTaxCost",
      "type": "Number"
    },
    {
      "name": "ServiceName",
      "type": "String"
    },
    {
      "name": "Currency",
      "type": "String"
    }
  ],
  "rows": [
    [
      0.00157903734650462,
      "Bandwidth",
      "INR"
    ],
    [
      405.108291060219,
      "Storage",
      "INR"
    ],
    [
      5096.91063829428,
      "Virtual Machines",
      "INR"
    ],
    [
      268.260410703124,
      "Virtual Network",
      "INR"
    ]
  ]
}
Azure rows fetched: 4
Prepared Azure records:
[{'cloud': 'azure', 'account_name': 'azure-main', 'service_name': 'Bandwidth', 'region': 'global', 'resource_id': None, 'usage_date': '2026-05-25', 'usage_quantity': 0, 'cost': 0.00157903734650462, 'currency': 'USD', 'environment': None, 'application': None, 'tags': None}, {'cloud': 'azure', 'account_name': 'azure-main', 'service_name': 'Storage', 'region': 'global', 'resource_id': None, 'usage_date': '2026-05-25', 'usage_quantity': 0, 'cost': 405.108291060219, 'currency': 'USD', 'environment': None, 'application': None, 'tags': None}, {'cloud': 'azure', 'account_name': 'azure-main', 'service_name': 'Virtual Machines', 'region': 'global', 'resource_id': None, 'usage_date': '2026-05-25', 'usage_quantity': 0, 'cost': 5096.91063829428, 'currency': 'USD', 'environment': None, 'application': None, 'tags': None}]
Traceback (most recent call last):
  File "C:\Users\SrikanthMudaliar\AI-Cloud-Advisor\azure_cost_sync.py", line 141, in <module>
    .execute()
     ^^^^^^^^^
  File "C:\Users\SrikanthMudaliar\AppData\Local\Programs\Python\Python312\Lib\site-packages\postgrest\_sync\request_builder.py", line 53, in execute
    raise APIError(dict(json_obj))
postgrest.exceptions.APIError: {'message': 'there is no unique or exclusion constraint matching the ON CONFLICT specification', 'code': '42P10', 'hint': None, 'details': None}
{
  "id": "subscriptions/49ce7e88-e929-4031-b5b2-c8b557e5da2d/providers/Microsoft.CostManagement/query/fb7295a2-99b4-4cd6-92c6-da77b041eb97",
  "name": "fb7295a2-99b4-4cd6-92c6-da77b041eb97",
  "type": "Microsoft.CostManagement/query",
  "columns": [
    {
      "name": "PreTaxCost",
      "type": "Number"
    },
    {
      "name": "ServiceName",
      "type": "String"
    },
    {
      "name": "Currency",
      "type": "String"
    }
  ],
  "rows": [
    [
      0.00158512373473495,
      "Bandwidth",
      "INR"
    ],
    [
      406.525232211435,
      "Storage",
      "INR"
    ],
    [
      5105.89276954428,
      "Virtual Machines",
      "INR"
    ],
    [
      269.205898203124,
      "Virtual Network",
      "INR"
    ]
  ]
}
Azure rows fetched: 4
Prepared Azure records:
[{'cloud': 'azure', 'account_name': 'azure-main', 'service_name': 'Bandwidth', 'region': 'global', 'resource_id': None, 'usage_date': '2026-05-25', 'usage_quantity': 0, 'cost': 0.00158512373473495, 'currency': 'USD', 'environment': None, 'application': None, 'tags': None}, {'cloud': 'azure', 'account_name': 'azure-main', 'service_name': 'Storage', 'region': 'global', 'resource_id': None, 'usage_date': '2026-05-25', 'usage_quantity': 0, 'cost': 406.525232211435, 'currency': 'USD', 'environment': None, 'application': None, 'tags': None}, {'cloud': 'azure', 'account_name': 'azure-main', 'service_name': 'Virtual Machines', 'region': 'global', 'resource_id': None, 'usage_date': '2026-05-25', 'usage_quantity': 0, 'cost': 5105.89276954428, 'currency': 'USD', 'environment': None, 'application': None, 'tags': None}]
Traceback (most recent call last):
  File "C:\Users\SrikanthMudaliar\AI-Cloud-Advisor\azure_cost_sync.py", line 141, in <module>
    .execute()
     ^^^^^^^^^
  File "C:\Users\SrikanthMudaliar\AppData\Local\Programs\Python\Python312\Lib\site-packages\postgrest\_sync\request_builder.py", line 53, in execute
    raise APIError(dict(json_obj))
postgrest.exceptions.APIError: {'message': 'there is no unique or exclusion constraint matching the ON CONFLICT specification', 'code': '42P10', 'hint': None, 'details': None}
{
  "id": "subscriptions/49ce7e88-e929-4031-b5b2-c8b557e5da2d/providers/Microsoft.CostManagement/query/4b0e18f5-8e47-47a7-a87c-6c49a81fa5ab",
  "name": "4b0e18f5-8e47-47a7-a87c-6c49a81fa5ab",
  "type": "Microsoft.CostManagement/query",
  "columns": [
    {
      "name": "PreTaxCost",
      "type": "Number"
    },
    {
      "name": "ServiceName",
      "type": "String"
    },
    {
      "name": "Currency",
      "type": "String"
    }
  ],
  "rows": [
    [
      0.00158512373473495,
      "Bandwidth",
      "INR"
    ],
    [
      406.525232211435,
      "Storage",
      "INR"
    ],
    [
      5105.89276954428,
      "Virtual Machines",
      "INR"
    ],
    [
      269.205898203124,
      "Virtual Network",
      "INR"
    ]
  ]
}
Azure rows fetched: 4
Prepared Azure records:
[{'cloud': 'azure', 'account_name': 'azure-main', 'service_name': 'Bandwidth', 'region': 'global', 'resource_id': None, 'usage_date': '2026-05-25', 'usage_quantity': 0, 'cost': 0.00158512373473495, 'currency': 'USD', 'environment': None, 'application': None, 'tags': None}, {'cloud': 'azure', 'account_name': 'azure-main', 'service_name': 'Storage', 'region': 'global', 'resource_id': None, 'usage_date': '2026-05-25', 'usage_quantity': 0, 'cost': 406.525232211435, 'currency': 'USD', 'environment': None, 'application': None, 'tags': None}, {'cloud': 'azure', 'account_name': 'azure-main', 'service_name': 'Virtual Machines', 'region': 'global', 'resource_id': None, 'usage_date': '2026-05-25', 'usage_quantity': 0, 'cost': 5105.89276954428, 'currency': 'USD', 'environment': None, 'application': None, 'tags': None}]
Traceback (most recent call last):
  File "C:\Users\SrikanthMudaliar\AI-Cloud-Advisor\azure_cost_sync.py", line 141, in <module>
    .execute()
     ^^^^^^^^^
  File "C:\Users\SrikanthMudaliar\AppData\Local\Programs\Python\Python312\Lib\site-packages\postgrest\_sync\request_builder.py", line 53, in execute
    raise APIError(dict(json_obj))
postgrest.exceptions.APIError: {'message': 'there is no unique or exclusion constraint matching the ON CONFLICT specification', 'code': '42P10', 'hint': None, 'details': None}
{
  "id": "subscriptions/49ce7e88-e929-4031-b5b2-c8b557e5da2d/providers/Microsoft.CostManagement/query/4ac4ea61-5b09-4115-8b0d-5148448c8891",
  "name": "4ac4ea61-5b09-4115-8b0d-5148448c8891",
  "type": "Microsoft.CostManagement/query",
  "columns": [
    {
      "name": "PreTaxCost",
      "type": "Number"
    },
    {
      "name": "ServiceName",
      "type": "String"
    },
    {
      "name": "Currency",
      "type": "String"
    }
  ],
  "rows": [
    [
      0.00158512373473495,
      "Bandwidth",
      "INR"
    ],
    [
      406.525232211435,
      "Storage",
      "INR"
    ],
    [
      5105.89276954428,
      "Virtual Machines",
      "INR"
    ],
    [
      269.205898203124,
      "Virtual Network",
      "INR"
    ]
  ]
}
Azure rows fetched: 4
Prepared Azure records:
[{'cloud': 'azure', 'account_name': 'azure-main', 'service_name': 'Bandwidth', 'region': 'global', 'resource_id': None, 'usage_date': '2026-05-25', 'usage_quantity': 0, 'cost': 0.00158512373473495, 'currency': 'USD', 'environment': None, 'application': None, 'tags': None}, {'cloud': 'azure', 'account_name': 'azure-main', 'service_name': 'Storage', 'region': 'global', 'resource_id': None, 'usage_date': '2026-05-25', 'usage_quantity': 0, 'cost': 406.525232211435, 'currency': 'USD', 'environment': None, 'application': None, 'tags': None}, {'cloud': 'azure', 'account_name': 'azure-main', 'service_name': 'Virtual Machines', 'region': 'global', 'resource_id': None, 'usage_date': '2026-05-25', 'usage_quantity': 0, 'cost': 5105.89276954428, 'currency': 'USD', 'environment': None, 'application': None, 'tags': None}]
Traceback (most recent call last):
  File "C:\Users\SrikanthMudaliar\AI-Cloud-Advisor\azure_cost_sync.py", line 141, in <module>
    .execute()
     ^^^^^^^^^
  File "C:\Users\SrikanthMudaliar\AppData\Local\Programs\Python\Python312\Lib\site-packages\postgrest\_sync\request_builder.py", line 53, in execute
    raise APIError(dict(json_obj))
postgrest.exceptions.APIError: {'message': 'there is no unique or exclusion constraint matching the ON CONFLICT specification', 'code': '42P10', 'hint': None, 'details': None}
ClientSecretCredential.get_token_info failed: Authentication failed: HTTPSConnection(host='login.microsoftonline.com', port=443): Failed to resolve 'login.microsoftonline.com' ([Errno 11001] getaddrinfo failed)
Traceback (most recent call last):
  File "C:\Users\SrikanthMudaliar\AppData\Local\Programs\Python\Python312\Lib\site-packages\azure\identity\_internal\decorators.py", line 75, in wrapper
    return fn(*args, **kwargs)
           ^^^^^^^^^^^^^^^^^^^
  File "C:\Users\SrikanthMudaliar\AppData\Local\Programs\Python\Python312\Lib\site-packages\azure\identity\_internal\client_credential_base.py", line 27, in _acquire_token_silently
    app = self._get_app(**kwargs)
          ^^^^^^^^^^^^^^^^^^^^^^^
  File "C:\Users\SrikanthMudaliar\AppData\Local\Programs\Python\Python312\Lib\site-packages\azure\identity\_internal\msal_credentials.py", line 109, in _get_app
    client_applications_map[tenant_id] = app_class(
                                         ^^^^^^^^^^
  File "C:\Users\SrikanthMudaliar\AppData\Local\Programs\Python\Python312\Lib\site-packages\msal\application.py", line 649, in __init__
    self.authority = Authority(
                     ^^^^^^^^^^
  File "C:\Users\SrikanthMudaliar\AppData\Local\Programs\Python\Python312\Lib\site-packages\msal\authority.py", line 98, in __init__
    openid_config = tenant_discovery(
                    ^^^^^^^^^^^^^^^^^
  File "C:\Users\SrikanthMudaliar\AppData\Local\Programs\Python\Python312\Lib\site-packages\msal\authority.py", line 292, in tenant_discovery
    resp = http_client.get(tenant_discovery_endpoint, **kwargs)
           ^^^^^^^^^^^^^^^^^^^^^^^^^^^^^^^^^^^^^^^^^^^^^^^^^^^^
  File "C:\Users\SrikanthMudaliar\AppData\Local\Programs\Python\Python312\Lib\site-packages\msal\individual_cache.py", line 273, in wrapper
    value = function(*args, **kwargs)
            ^^^^^^^^^^^^^^^^^^^^^^^^^
  File "C:\Users\SrikanthMudaliar\AppData\Local\Programs\Python\Python312\Lib\site-packages\msal\throttled_http_client.py", line 99, in get
    return NormalizedResponse(self.http_client.get(*args, **kwargs))
                              ^^^^^^^^^^^^^^^^^^^^^^^^^^^^^^^^^^^^^
  File "C:\Users\SrikanthMudaliar\AppData\Local\Programs\Python\Python312\Lib\site-packages\azure\identity\_internal\msal_client.py", line 107, in get
    response = self._pipeline.run(request, stream=False)
               ^^^^^^^^^^^^^^^^^^^^^^^^^^^^^^^^^^^^^^^^^
  File "C:\Users\SrikanthMudaliar\AppData\Local\Programs\Python\Python312\Lib\site-packages\azure\core\pipeline\_base.py", line 242, in run
    return first_node.send(pipeline_request)
           ^^^^^^^^^^^^^^^^^^^^^^^^^^^^^^^^^
  File "C:\Users\SrikanthMudaliar\AppData\Local\Programs\Python\Python312\Lib\site-packages\azure\core\pipeline\_base.py", line 98, in send
    response = self.next.send(request)
               ^^^^^^^^^^^^^^^^^^^^^^^
  File "C:\Users\SrikanthMudaliar\AppData\Local\Programs\Python\Python312\Lib\site-packages\azure\core\pipeline\_base.py", line 98, in send
    response = self.next.send(request)
               ^^^^^^^^^^^^^^^^^^^^^^^
  File "C:\Users\SrikanthMudaliar\AppData\Local\Programs\Python\Python312\Lib\site-packages\azure\core\pipeline\_base.py", line 98, in send
    response = self.next.send(request)
               ^^^^^^^^^^^^^^^^^^^^^^^
  [Previous line repeated 1 more time]
  File "C:\Users\SrikanthMudaliar\AppData\Local\Programs\Python\Python312\Lib\site-packages\azure\core\pipeline\policies\_retry.py", line 567, in send
    raise err
  File "C:\Users\SrikanthMudaliar\AppData\Local\Programs\Python\Python312\Lib\site-packages\azure\core\pipeline\policies\_retry.py", line 545, in send
    response = self.next.send(request)
               ^^^^^^^^^^^^^^^^^^^^^^^
  File "C:\Users\SrikanthMudaliar\AppData\Local\Programs\Python\Python312\Lib\site-packages\azure\core\pipeline\_base.py", line 98, in send
    response = self.next.send(request)
               ^^^^^^^^^^^^^^^^^^^^^^^
  File "C:\Users\SrikanthMudaliar\AppData\Local\Programs\Python\Python312\Lib\site-packages\azure\core\pipeline\_base.py", line 98, in send
    response = self.next.send(request)
               ^^^^^^^^^^^^^^^^^^^^^^^
  File "C:\Users\SrikanthMudaliar\AppData\Local\Programs\Python\Python312\Lib\site-packages\azure\core\pipeline\_base.py", line 98, in send
    response = self.next.send(request)
               ^^^^^^^^^^^^^^^^^^^^^^^
  [Previous line repeated 1 more time]
  File "C:\Users\SrikanthMudaliar\AppData\Local\Programs\Python\Python312\Lib\site-packages\azure\core\pipeline\_base.py", line 130, in send
    self._sender.send(request.http_request, **request.context.options),
    ^^^^^^^^^^^^^^^^^^^^^^^^^^^^^^^^^^^^^^^^^^^^^^^^^^^^^^^^^^^^^^^^^^
  File "C:\Users\SrikanthMudaliar\AppData\Local\Programs\Python\Python312\Lib\site-packages\azure\core\pipeline\transport\_requests_basic.py", line 428, in send
    raise error
azure.core.exceptions.ServiceRequestError: HTTPSConnection(host='login.microsoftonline.com', port=443): Failed to resolve 'login.microsoftonline.com' ([Errno 11001] getaddrinfo failed)

The above exception was the direct cause of the following exception:

Traceback (most recent call last):
  File "C:\Users\SrikanthMudaliar\AI-Cloud-Advisor\azure_cost_sync.py", line 46, in <module>
    query_result = cost_client.query.usage(
                   ^^^^^^^^^^^^^^^^^^^^^^^^
  File "C:\Users\SrikanthMudaliar\AppData\Local\Programs\Python\Python312\Lib\site-packages\azure\core\tracing\decorator.py", line 119, in wrapper_use_tracer
    return func(*args, **kwargs)
           ^^^^^^^^^^^^^^^^^^^^^
  File "C:\Users\SrikanthMudaliar\AppData\Local\Programs\Python\Python312\Lib\site-packages\azure\mgmt\costmanagement\operations\_query_operations.py", line 269, in usage
    pipeline_response: PipelineResponse = self._client._pipeline.run(  # pylint: disable=protected-access
                                          ^^^^^^^^^^^^^^^^^^^^^^^^^^^^^^^^^^^^^^^^^^^^^^^^^^^^^^^^^^^^^^^
  File "C:\Users\SrikanthMudaliar\AppData\Local\Programs\Python\Python312\Lib\site-packages\azure\core\pipeline\_base.py", line 242, in run
    return first_node.send(pipeline_request)
           ^^^^^^^^^^^^^^^^^^^^^^^^^^^^^^^^^
  File "C:\Users\SrikanthMudaliar\AppData\Local\Programs\Python\Python312\Lib\site-packages\azure\core\pipeline\_base.py", line 98, in send
    response = self.next.send(request)
               ^^^^^^^^^^^^^^^^^^^^^^^
  File "C:\Users\SrikanthMudaliar\AppData\Local\Programs\Python\Python312\Lib\site-packages\azure\core\pipeline\_base.py", line 98, in send
    response = self.next.send(request)
               ^^^^^^^^^^^^^^^^^^^^^^^
  File "C:\Users\SrikanthMudaliar\AppData\Local\Programs\Python\Python312\Lib\site-packages\azure\core\pipeline\_base.py", line 98, in send
    response = self.next.send(request)
               ^^^^^^^^^^^^^^^^^^^^^^^
  [Previous line repeated 2 more times]
  File "C:\Users\SrikanthMudaliar\AppData\Local\Programs\Python\Python312\Lib\site-packages\azure\mgmt\core\policies\_base.py", line 95, in send
    response = self.next.send(request)
               ^^^^^^^^^^^^^^^^^^^^^^^
  File "C:\Users\SrikanthMudaliar\AppData\Local\Programs\Python\Python312\Lib\site-packages\azure\core\pipeline\policies\_redirect.py", line 205, in send
    response = self.next.send(request)
               ^^^^^^^^^^^^^^^^^^^^^^^
  File "C:\Users\SrikanthMudaliar\AppData\Local\Programs\Python\Python312\Lib\site-packages\azure\core\pipeline\policies\_retry.py", line 545, in send
    response = self.next.send(request)
               ^^^^^^^^^^^^^^^^^^^^^^^
  File "C:\Users\SrikanthMudaliar\AppData\Local\Programs\Python\Python312\Lib\site-packages\azure\core\pipeline\policies\_authentication.py", line 192, in send
    self.on_request(request)
  File "C:\Users\SrikanthMudaliar\AppData\Local\Programs\Python\Python312\Lib\site-packages\azure\core\pipeline\policies\_authentication.py", line 167, in on_request
    self._request_token(*self._scopes)
  File "C:\Users\SrikanthMudaliar\AppData\Local\Programs\Python\Python312\Lib\site-packages\azure\core\pipeline\policies\_authentication.py", line 142, in _request_token
    self._token = self._get_token(*scopes, **kwargs)
                  ^^^^^^^^^^^^^^^^^^^^^^^^^^^^^^^^^^
  File "C:\Users\SrikanthMudaliar\AppData\Local\Programs\Python\Python312\Lib\site-packages\azure\core\pipeline\policies\_authentication.py", line 132, in _get_token
    return cast(SupportsTokenInfo, self._credential).get_token_info(*scopes, options=options)
           ^^^^^^^^^^^^^^^^^^^^^^^^^^^^^^^^^^^^^^^^^^^^^^^^^^^^^^^^^^^^^^^^^^^^^^^^^^^^^^^^^^
  File "C:\Users\SrikanthMudaliar\AppData\Local\Programs\Python\Python312\Lib\site-packages\azure\identity\_internal\get_token_mixin.py", line 104, in get_token_info
    return self._get_token_base(*scopes, options=options, base_method_name="get_token_info")
           ^^^^^^^^^^^^^^^^^^^^^^^^^^^^^^^^^^^^^^^^^^^^^^^^^^^^^^^^^^^^^^^^^^^^^^^^^^^^^^^^^
  File "C:\Users\SrikanthMudaliar\AppData\Local\Programs\Python\Python312\Lib\site-packages\azure\identity\_internal\get_token_mixin.py", line 122, in _get_token_base
    token = self._acquire_token_silently(
            ^^^^^^^^^^^^^^^^^^^^^^^^^^^^^
  File "C:\Users\SrikanthMudaliar\AppData\Local\Programs\Python\Python312\Lib\site-packages\azure\identity\_internal\decorators.py", line 80, in wrapper
    raise auth_error from ex
azure.core.exceptions.ClientAuthenticationError: Authentication failed: HTTPSConnection(host='login.microsoftonline.com', port=443): Failed to resolve 'login.microsoftonline.com' ([Errno 11001] getaddrinfo failed)
{
  "id": "subscriptions/49ce7e88-e929-4031-b5b2-c8b557e5da2d/providers/Microsoft.CostManagement/query/26acefc2-87c3-4dcf-8467-4e376cb20b12",
  "name": "26acefc2-87c3-4dcf-8467-4e376cb20b12",
  "type": "Microsoft.CostManagement/query",
  "columns": [
    {
      "name": "PreTaxCost",
      "type": "Number"
    },
    {
      "name": "ServiceName",
      "type": "String"
    },
    {
      "name": "Currency",
      "type": "String"
    }
  ],
  "rows": [
    [
      0.00159044932443648,
      "Bandwidth",
      "INR"
    ],
    [
      407.346460567347,
      "Storage",
      "INR"
    ],
    [
      5132.83916329428,
      "Virtual Machines",
      "INR"
    ],
    [
      270.151385703124,
      "Virtual Network",
      "INR"
    ]
  ]
}
Azure rows fetched: 4
Prepared Azure records:
[{'cloud': 'azure', 'account_name': 'azure-main', 'service_name': 'Bandwidth', 'region': 'global', 'resource_id': None, 'usage_date': '2026-05-25', 'usage_quantity': 0, 'cost': 0.00159044932443648, 'currency': 'USD', 'environment': None, 'application': None, 'tags': None}, {'cloud': 'azure', 'account_name': 'azure-main', 'service_name': 'Storage', 'region': 'global', 'resource_id': None, 'usage_date': '2026-05-25', 'usage_quantity': 0, 'cost': 407.346460567347, 'currency': 'USD', 'environment': None, 'application': None, 'tags': None}, {'cloud': 'azure', 'account_name': 'azure-main', 'service_name': 'Virtual Machines', 'region': 'global', 'resource_id': None, 'usage_date': '2026-05-25', 'usage_quantity': 0, 'cost': 5132.83916329428, 'currency': 'USD', 'environment': None, 'application': None, 'tags': None}]
Traceback (most recent call last):
  File "C:\Users\SrikanthMudaliar\AI-Cloud-Advisor\azure_cost_sync.py", line 141, in <module>
    .execute()
     ^^^^^^^^^
  File "C:\Users\SrikanthMudaliar\AppData\Local\Programs\Python\Python312\Lib\site-packages\postgrest\_sync\request_builder.py", line 53, in execute
    raise APIError(dict(json_obj))
postgrest.exceptions.APIError: {'message': 'there is no unique or exclusion constraint matching the ON CONFLICT specification', 'code': '42P10', 'hint': None, 'details': None}
{
  "id": "subscriptions/49ce7e88-e929-4031-b5b2-c8b557e5da2d/providers/Microsoft.CostManagement/query/e76962da-9a3a-4789-9fa6-455cb97977fe",
  "name": "e76962da-9a3a-4789-9fa6-455cb97977fe",
  "type": "Microsoft.CostManagement/query",
  "columns": [
    {
      "name": "PreTaxCost",
      "type": "Number"
    },
    {
      "name": "ServiceName",
      "type": "String"
    },
    {
      "name": "Currency",
      "type": "String"
    }
  ],
  "rows": [
    [
      0.00160680649280547,
      "Bandwidth",
      "INR"
    ],
    [
      412.493684230443,
      "Storage",
      "INR"
    ],
    [
      5177.74981954428,
      "Virtual Machines",
      "INR"
    ],
    [
      272.987848203124,
      "Virtual Network",
      "INR"
    ]
  ]
}
Azure rows fetched: 4
Prepared Azure records:
[{'cloud': 'azure', 'account_name': 'azure-main', 'service_name': 'Bandwidth', 'region': 'global', 'resource_id': None, 'usage_date': '2026-05-25', 'usage_quantity': 0, 'cost': 0.00160680649280547, 'currency': 'USD', 'environment': None, 'application': None, 'tags': None}, {'cloud': 'azure', 'account_name': 'azure-main', 'service_name': 'Storage', 'region': 'global', 'resource_id': None, 'usage_date': '2026-05-25', 'usage_quantity': 0, 'cost': 412.493684230443, 'currency': 'USD', 'environment': None, 'application': None, 'tags': None}, {'cloud': 'azure', 'account_name': 'azure-main', 'service_name': 'Virtual Machines', 'region': 'global', 'resource_id': None, 'usage_date': '2026-05-25', 'usage_quantity': 0, 'cost': 5177.74981954428, 'currency': 'USD', 'environment': None, 'application': None, 'tags': None}]
Traceback (most recent call last):
  File "C:\Users\SrikanthMudaliar\AI-Cloud-Advisor\azure_cost_sync.py", line 141, in <module>
    .execute()
     ^^^^^^^^^
  File "C:\Users\SrikanthMudaliar\AppData\Local\Programs\Python\Python312\Lib\site-packages\postgrest\_sync\request_builder.py", line 53, in execute
    raise APIError(dict(json_obj))
postgrest.exceptions.APIError: {'message': 'there is no unique or exclusion constraint matching the ON CONFLICT specification', 'code': '42P10', 'hint': None, 'details': None}
{
  "id": "subscriptions/49ce7e88-e929-4031-b5b2-c8b557e5da2d/providers/Microsoft.CostManagement/query/66afd5c6-4b74-4f50-8937-718f331502d8",
  "name": "66afd5c6-4b74-4f50-8937-718f331502d8",
  "type": "Microsoft.CostManagement/query",
  "columns": [
    {
      "name": "PreTaxCost",
      "type": "Number"
    },
    {
      "name": "ServiceName",
      "type": "String"
    },
    {
      "name": "Currency",
      "type": "String"
    }
  ],
  "rows": [
    [
      0.00160680649280547,
      "Bandwidth",
      "INR"
    ],
    [
      412.493684230443,
      "Storage",
      "INR"
    ],
    [
      5177.74981954428,
      "Virtual Machines",
      "INR"
    ],
    [
      272.987848203124,
      "Virtual Network",
      "INR"
    ]
  ]
}
Azure rows fetched: 4
Prepared Azure records:
[{'cloud': 'azure', 'account_name': 'azure-main', 'service_name': 'Bandwidth', 'region': 'global', 'resource_id': None, 'usage_date': '2026-05-25', 'usage_quantity': 0, 'cost': 0.00160680649280547, 'currency': 'USD', 'environment': None, 'application': None, 'tags': None}, {'cloud': 'azure', 'account_name': 'azure-main', 'service_name': 'Storage', 'region': 'global', 'resource_id': None, 'usage_date': '2026-05-25', 'usage_quantity': 0, 'cost': 412.493684230443, 'currency': 'USD', 'environment': None, 'application': None, 'tags': None}, {'cloud': 'azure', 'account_name': 'azure-main', 'service_name': 'Virtual Machines', 'region': 'global', 'resource_id': None, 'usage_date': '2026-05-25', 'usage_quantity': 0, 'cost': 5177.74981954428, 'currency': 'USD', 'environment': None, 'application': None, 'tags': None}]
Traceback (most recent call last):
  File "C:\Users\SrikanthMudaliar\AI-Cloud-Advisor\azure_cost_sync.py", line 141, in <module>
    .execute()
     ^^^^^^^^^
  File "C:\Users\SrikanthMudaliar\AppData\Local\Programs\Python\Python312\Lib\site-packages\postgrest\_sync\request_builder.py", line 53, in execute
    raise APIError(dict(json_obj))
postgrest.exceptions.APIError: {'message': 'there is no unique or exclusion constraint matching the ON CONFLICT specification', 'code': '42P10', 'hint': None, 'details': None}
{
  "id": "subscriptions/49ce7e88-e929-4031-b5b2-c8b557e5da2d/providers/Microsoft.CostManagement/query/26572e4e-05a8-45e4-a36e-8fab6aead0ad",
  "name": "26572e4e-05a8-45e4-a36e-8fab6aead0ad",
  "type": "Microsoft.CostManagement/query",
  "columns": [
    {
      "name": "PreTaxCost",
      "type": "Number"
    },
    {
      "name": "ServiceName",
      "type": "String"
    },
    {
      "name": "Currency",
      "type": "String"
    }
  ],
  "rows": [
    [
      0.00160680649280547,
      "Bandwidth",
      "INR"
    ],
    [
      412.493684230443,
      "Storage",
      "INR"
    ],
    [
      5177.74981954428,
      "Virtual Machines",
      "INR"
    ],
    [
      272.987848203124,
      "Virtual Network",
      "INR"
    ]
  ]
}
Azure rows fetched: 4
Prepared Azure records:
[{'cloud': 'azure', 'account_name': 'azure-main', 'service_name': 'Bandwidth', 'region': 'global', 'resource_id': None, 'usage_date': '2026-05-25', 'usage_quantity': 0, 'cost': 0.00160680649280547, 'currency': 'USD', 'environment': None, 'application': None, 'tags': None}, {'cloud': 'azure', 'account_name': 'azure-main', 'service_name': 'Storage', 'region': 'global', 'resource_id': None, 'usage_date': '2026-05-25', 'usage_quantity': 0, 'cost': 412.493684230443, 'currency': 'USD', 'environment': None, 'application': None, 'tags': None}, {'cloud': 'azure', 'account_name': 'azure-main', 'service_name': 'Virtual Machines', 'region': 'global', 'resource_id': None, 'usage_date': '2026-05-25', 'usage_quantity': 0, 'cost': 5177.74981954428, 'currency': 'USD', 'environment': None, 'application': None, 'tags': None}]
Traceback (most recent call last):
  File "C:\Users\SrikanthMudaliar\AI-Cloud-Advisor\azure_cost_sync.py", line 141, in <module>
    .execute()
     ^^^^^^^^^
  File "C:\Users\SrikanthMudaliar\AppData\Local\Programs\Python\Python312\Lib\site-packages\postgrest\_sync\request_builder.py", line 53, in execute
    raise APIError(dict(json_obj))
postgrest.exceptions.APIError: {'message': 'there is no unique or exclusion constraint matching the ON CONFLICT specification', 'code': '42P10', 'hint': None, 'details': None}
Traceback (most recent call last):
  File "C:\Users\SrikanthMudaliar\AI-Cloud-Advisor\azure_cost_sync.py", line 46, in <module>
    query_result = cost_client.query.usage(
                   ^^^^^^^^^^^^^^^^^^^^^^^^
  File "C:\Users\SrikanthMudaliar\AppData\Local\Programs\Python\Python312\Lib\site-packages\azure\core\tracing\decorator.py", line 119, in wrapper_use_tracer
    return func(*args, **kwargs)
           ^^^^^^^^^^^^^^^^^^^^^
  File "C:\Users\SrikanthMudaliar\AppData\Local\Programs\Python\Python312\Lib\site-packages\azure\mgmt\costmanagement\operations\_query_operations.py", line 278, in usage
    raise HttpResponseError(response=response, model=error, error_format=ARMErrorFormat)
azure.core.exceptions.HttpResponseError: (429) Too many requests. Please retry.
Code: 429
Message: Too many requests. Please retry.
Traceback (most recent call last):
  File "C:\Users\SrikanthMudaliar\AI-Cloud-Advisor\azure_cost_sync.py", line 46, in <module>
    query_result = cost_client.query.usage(
                   ^^^^^^^^^^^^^^^^^^^^^^^^
  File "C:\Users\SrikanthMudaliar\AppData\Local\Programs\Python\Python312\Lib\site-packages\azure\core\tracing\decorator.py", line 119, in wrapper_use_tracer
    return func(*args, **kwargs)
           ^^^^^^^^^^^^^^^^^^^^^
  File "C:\Users\SrikanthMudaliar\AppData\Local\Programs\Python\Python312\Lib\site-packages\azure\mgmt\costmanagement\operations\_query_operations.py", line 278, in usage
    raise HttpResponseError(response=response, model=error, error_format=ARMErrorFormat)
azure.core.exceptions.HttpResponseError: (429) Too many requests. Please retry.
Code: 429
Message: Too many requests. Please retry.
{
  "id": "subscriptions/49ce7e88-e929-4031-b5b2-c8b557e5da2d/providers/Microsoft.CostManagement/query/cd295f7b-5abf-4309-9820-7323e5984fae",
  "name": "cd295f7b-5abf-4309-9820-7323e5984fae",
  "type": "Microsoft.CostManagement/query",
  "columns": [
    {
      "name": "PreTaxCost",
      "type": "Number"
    },
    {
      "name": "ServiceName",
      "type": "String"
    },
    {
      "name": "Currency",
      "type": "String"
    }
  ],
  "rows": [
    [
      0.00161745767220854,
      "Bandwidth",
      "INR"
    ],
    [
      414.807025591107,
      "Storage",
      "INR"
    ],
    [
      5213.67834454428,
      "Virtual Machines",
      "INR"
    ],
    [
      274.878823203124,
      "Virtual Network",
      "INR"
    ]
  ]
}
Azure rows fetched: 4
Prepared Azure records:
[{'cloud': 'azure', 'account_name': 'azure-main', 'service_name': 'Bandwidth', 'region': 'global', 'resource_id': None, 'usage_date': '2026-05-25', 'usage_quantity': 0, 'cost': 0.00161745767220854, 'currency': 'USD', 'environment': None, 'application': None, 'tags': None}, {'cloud': 'azure', 'account_name': 'azure-main', 'service_name': 'Storage', 'region': 'global', 'resource_id': None, 'usage_date': '2026-05-25', 'usage_quantity': 0, 'cost': 414.807025591107, 'currency': 'USD', 'environment': None, 'application': None, 'tags': None}, {'cloud': 'azure', 'account_name': 'azure-main', 'service_name': 'Virtual Machines', 'region': 'global', 'resource_id': None, 'usage_date': '2026-05-25', 'usage_quantity': 0, 'cost': 5213.67834454428, 'currency': 'USD', 'environment': None, 'application': None, 'tags': None}]
Traceback (most recent call last):
  File "C:\Users\SrikanthMudaliar\AI-Cloud-Advisor\azure_cost_sync.py", line 141, in <module>
    .execute()
     ^^^^^^^^^
  File "C:\Users\SrikanthMudaliar\AppData\Local\Programs\Python\Python312\Lib\site-packages\postgrest\_sync\request_builder.py", line 53, in execute
    raise APIError(dict(json_obj))
postgrest.exceptions.APIError: {'message': 'there is no unique or exclusion constraint matching the ON CONFLICT specification', 'code': '42P10', 'hint': None, 'details': None}
{
  "id": "subscriptions/49ce7e88-e929-4031-b5b2-c8b557e5da2d/providers/Microsoft.CostManagement/query/acdcdb64-6c2e-4338-89ee-7e3d278e1c48",
  "name": "acdcdb64-6c2e-4338-89ee-7e3d278e1c48",
  "type": "Microsoft.CostManagement/query",
  "columns": [
    {
      "name": "PreTaxCost",
      "type": "Number"
    },
    {
      "name": "ServiceName",
      "type": "String"
    },
    {
      "name": "Currency",
      "type": "String"
    }
  ],
  "rows": [
    [
      0.00164598761703818,
      "Bandwidth",
      "INR"
    ],
    [
      420.775477610115,
      "Storage",
      "INR"
    ],
    [
      5285.53539454428,
      "Virtual Machines",
      "INR"
    ],
    [
      278.660773203124,
      "Virtual Network",
      "INR"
    ]
  ]
}
Azure rows fetched: 4
Prepared Azure records:
[{'cloud': 'azure', 'account_name': 'azure-main', 'service_name': 'Bandwidth', 'region': 'global', 'resource_id': None, 'usage_date': '2026-05-26', 'usage_quantity': 0, 'cost': 0.00164598761703818, 'currency': 'USD', 'environment': None, 'application': None, 'tags': None}, {'cloud': 'azure', 'account_name': 'azure-main', 'service_name': 'Storage', 'region': 'global', 'resource_id': None, 'usage_date': '2026-05-26', 'usage_quantity': 0, 'cost': 420.775477610115, 'currency': 'USD', 'environment': None, 'application': None, 'tags': None}, {'cloud': 'azure', 'account_name': 'azure-main', 'service_name': 'Virtual Machines', 'region': 'global', 'resource_id': None, 'usage_date': '2026-05-26', 'usage_quantity': 0, 'cost': 5285.53539454428, 'currency': 'USD', 'environment': None, 'application': None, 'tags': None}]
Traceback (most recent call last):
  File "C:\Users\SrikanthMudaliar\AI-Cloud-Advisor\azure_cost_sync.py", line 141, in <module>
    .execute()
     ^^^^^^^^^
  File "C:\Users\SrikanthMudaliar\AppData\Local\Programs\Python\Python312\Lib\site-packages\postgrest\_sync\request_builder.py", line 53, in execute
    raise APIError(dict(json_obj))
postgrest.exceptions.APIError: {'message': 'there is no unique or exclusion constraint matching the ON CONFLICT specification', 'code': '42P10', 'hint': None, 'details': None}
{
  "id": "subscriptions/49ce7e88-e929-4031-b5b2-c8b557e5da2d/providers/Microsoft.CostManagement/query/a1cbd00c-a177-4938-8657-4c813c3991a0",
  "name": "a1cbd00c-a177-4938-8657-4c813c3991a0",
  "type": "Microsoft.CostManagement/query",
  "columns": [
    {
      "name": "PreTaxCost",
      "type": "Number"
    },
    {
      "name": "ServiceName",
      "type": "String"
    },
    {
      "name": "Currency",
      "type": "String"
    }
  ],
  "rows": [
    [
      0.00164598761703818,
      "Bandwidth",
      "INR"
    ],
    [
      420.775477610115,
      "Storage",
      "INR"
    ],
    [
      5285.53539454428,
      "Virtual Machines",
      "INR"
    ],
    [
      278.660773203124,
      "Virtual Network",
      "INR"
    ]
  ]
}
Azure rows fetched: 4
Prepared Azure records:
[{'cloud': 'azure', 'account_name': 'azure-main', 'service_name': 'Bandwidth', 'region': 'global', 'resource_id': None, 'usage_date': '2026-05-26', 'usage_quantity': 0, 'cost': 0.00164598761703818, 'currency': 'USD', 'environment': None, 'application': None, 'tags': None}, {'cloud': 'azure', 'account_name': 'azure-main', 'service_name': 'Storage', 'region': 'global', 'resource_id': None, 'usage_date': '2026-05-26', 'usage_quantity': 0, 'cost': 420.775477610115, 'currency': 'USD', 'environment': None, 'application': None, 'tags': None}, {'cloud': 'azure', 'account_name': 'azure-main', 'service_name': 'Virtual Machines', 'region': 'global', 'resource_id': None, 'usage_date': '2026-05-26', 'usage_quantity': 0, 'cost': 5285.53539454428, 'currency': 'USD', 'environment': None, 'application': None, 'tags': None}]
Traceback (most recent call last):
  File "C:\Users\SrikanthMudaliar\AI-Cloud-Advisor\azure_cost_sync.py", line 141, in <module>
    .execute()
     ^^^^^^^^^
  File "C:\Users\SrikanthMudaliar\AppData\Local\Programs\Python\Python312\Lib\site-packages\postgrest\_sync\request_builder.py", line 53, in execute
    raise APIError(dict(json_obj))
postgrest.exceptions.APIError: {'message': 'there is no unique or exclusion constraint matching the ON CONFLICT specification', 'code': '42P10', 'hint': None, 'details': None}
{
  "id": "subscriptions/49ce7e88-e929-4031-b5b2-c8b557e5da2d/providers/Microsoft.CostManagement/query/7e946ec2-347c-4746-810a-d7447687ff2f",
  "name": "7e946ec2-347c-4746-810a-d7447687ff2f",
  "type": "Microsoft.CostManagement/query",
  "columns": [
    {
      "name": "PreTaxCost",
      "type": "Number"
    },
    {
      "name": "ServiceName",
      "type": "String"
    },
    {
      "name": "Currency",
      "type": "String"
    }
  ],
  "rows": [
    [
      0.00164598761703818,
      "Bandwidth",
      "INR"
    ],
    [
      420.775477610115,
      "Storage",
      "INR"
    ],
    [
      5285.53539454428,
      "Virtual Machines",
      "INR"
    ],
    [
      278.660773203124,
      "Virtual Network",
      "INR"
    ]
  ]
}
Azure rows fetched: 4
Prepared Azure records:
[{'cloud': 'azure', 'account_name': 'azure-main', 'service_name': 'Bandwidth', 'region': 'global', 'resource_id': None, 'usage_date': '2026-05-26', 'usage_quantity': 0, 'cost': 0.00164598761703818, 'currency': 'USD', 'environment': None, 'application': None, 'tags': None}, {'cloud': 'azure', 'account_name': 'azure-main', 'service_name': 'Storage', 'region': 'global', 'resource_id': None, 'usage_date': '2026-05-26', 'usage_quantity': 0, 'cost': 420.775477610115, 'currency': 'USD', 'environment': None, 'application': None, 'tags': None}, {'cloud': 'azure', 'account_name': 'azure-main', 'service_name': 'Virtual Machines', 'region': 'global', 'resource_id': None, 'usage_date': '2026-05-26', 'usage_quantity': 0, 'cost': 5285.53539454428, 'currency': 'USD', 'environment': None, 'application': None, 'tags': None}]
Traceback (most recent call last):
  File "C:\Users\SrikanthMudaliar\AI-Cloud-Advisor\azure_cost_sync.py", line 141, in <module>
    .execute()
     ^^^^^^^^^
  File "C:\Users\SrikanthMudaliar\AppData\Local\Programs\Python\Python312\Lib\site-packages\postgrest\_sync\request_builder.py", line 53, in execute
    raise APIError(dict(json_obj))
postgrest.exceptions.APIError: {'message': 'there is no unique or exclusion constraint matching the ON CONFLICT specification', 'code': '42P10', 'hint': None, 'details': None}
{
  "id": "subscriptions/49ce7e88-e929-4031-b5b2-c8b557e5da2d/providers/Microsoft.CostManagement/query/4ed2d4eb-778f-46dc-b055-5310edf1f50a",
  "name": "4ed2d4eb-778f-46dc-b055-5310edf1f50a",
  "type": "Microsoft.CostManagement/query",
  "columns": [
    {
      "name": "PreTaxCost",
      "type": "Number"
    },
    {
      "name": "ServiceName",
      "type": "String"
    },
    {
      "name": "Currency",
      "type": "String"
    }
  ],
  "rows": [
    [
      0.00164598761703818,
      "Bandwidth",
      "INR"
    ],
    [
      420.775477610115,
      "Storage",
      "INR"
    ],
    [
      5285.53539454428,
      "Virtual Machines",
      "INR"
    ],
    [
      278.660773203124,
      "Virtual Network",
      "INR"
    ]
  ]
}
Azure rows fetched: 4
Prepared Azure records:
[{'cloud': 'azure', 'account_name': 'azure-main', 'service_name': 'Bandwidth', 'region': 'global', 'resource_id': None, 'usage_date': '2026-05-26', 'usage_quantity': 0, 'cost': 0.00164598761703818, 'currency': 'USD', 'environment': None, 'application': None, 'tags': None}, {'cloud': 'azure', 'account_name': 'azure-main', 'service_name': 'Storage', 'region': 'global', 'resource_id': None, 'usage_date': '2026-05-26', 'usage_quantity': 0, 'cost': 420.775477610115, 'currency': 'USD', 'environment': None, 'application': None, 'tags': None}, {'cloud': 'azure', 'account_name': 'azure-main', 'service_name': 'Virtual Machines', 'region': 'global', 'resource_id': None, 'usage_date': '2026-05-26', 'usage_quantity': 0, 'cost': 5285.53539454428, 'currency': 'USD', 'environment': None, 'application': None, 'tags': None}]
Traceback (most recent call last):
  File "C:\Users\SrikanthMudaliar\AI-Cloud-Advisor\azure_cost_sync.py", line 141, in <module>
    .execute()
     ^^^^^^^^^
  File "C:\Users\SrikanthMudaliar\AppData\Local\Programs\Python\Python312\Lib\site-packages\postgrest\_sync\request_builder.py", line 53, in execute
    raise APIError(dict(json_obj))
postgrest.exceptions.APIError: {'message': 'there is no unique or exclusion constraint matching the ON CONFLICT specification', 'code': '42P10', 'hint': None, 'details': None}
ClientSecretCredential.get_token_info failed: Authentication failed: HTTPSConnection(host='login.microsoftonline.com', port=443): Failed to resolve 'login.microsoftonline.com' ([Errno 11001] getaddrinfo failed)
Traceback (most recent call last):
  File "C:\Users\SrikanthMudaliar\AppData\Local\Programs\Python\Python312\Lib\site-packages\azure\identity\_internal\decorators.py", line 75, in wrapper
    return fn(*args, **kwargs)
           ^^^^^^^^^^^^^^^^^^^
  File "C:\Users\SrikanthMudaliar\AppData\Local\Programs\Python\Python312\Lib\site-packages\azure\identity\_internal\client_credential_base.py", line 27, in _acquire_token_silently
    app = self._get_app(**kwargs)
          ^^^^^^^^^^^^^^^^^^^^^^^
  File "C:\Users\SrikanthMudaliar\AppData\Local\Programs\Python\Python312\Lib\site-packages\azure\identity\_internal\msal_credentials.py", line 109, in _get_app
    client_applications_map[tenant_id] = app_class(
                                         ^^^^^^^^^^
  File "C:\Users\SrikanthMudaliar\AppData\Local\Programs\Python\Python312\Lib\site-packages\msal\application.py", line 649, in __init__
    self.authority = Authority(
                     ^^^^^^^^^^
  File "C:\Users\SrikanthMudaliar\AppData\Local\Programs\Python\Python312\Lib\site-packages\msal\authority.py", line 98, in __init__
    openid_config = tenant_discovery(
                    ^^^^^^^^^^^^^^^^^
  File "C:\Users\SrikanthMudaliar\AppData\Local\Programs\Python\Python312\Lib\site-packages\msal\authority.py", line 292, in tenant_discovery
    resp = http_client.get(tenant_discovery_endpoint, **kwargs)
           ^^^^^^^^^^^^^^^^^^^^^^^^^^^^^^^^^^^^^^^^^^^^^^^^^^^^
  File "C:\Users\SrikanthMudaliar\AppData\Local\Programs\Python\Python312\Lib\site-packages\msal\individual_cache.py", line 273, in wrapper
    value = function(*args, **kwargs)
            ^^^^^^^^^^^^^^^^^^^^^^^^^
  File "C:\Users\SrikanthMudaliar\AppData\Local\Programs\Python\Python312\Lib\site-packages\msal\throttled_http_client.py", line 99, in get
    return NormalizedResponse(self.http_client.get(*args, **kwargs))
                              ^^^^^^^^^^^^^^^^^^^^^^^^^^^^^^^^^^^^^
  File "C:\Users\SrikanthMudaliar\AppData\Local\Programs\Python\Python312\Lib\site-packages\azure\identity\_internal\msal_client.py", line 107, in get
    response = self._pipeline.run(request, stream=False)
               ^^^^^^^^^^^^^^^^^^^^^^^^^^^^^^^^^^^^^^^^^
  File "C:\Users\SrikanthMudaliar\AppData\Local\Programs\Python\Python312\Lib\site-packages\azure\core\pipeline\_base.py", line 242, in run
    return first_node.send(pipeline_request)
           ^^^^^^^^^^^^^^^^^^^^^^^^^^^^^^^^^
  File "C:\Users\SrikanthMudaliar\AppData\Local\Programs\Python\Python312\Lib\site-packages\azure\core\pipeline\_base.py", line 98, in send
    response = self.next.send(request)
               ^^^^^^^^^^^^^^^^^^^^^^^
  File "C:\Users\SrikanthMudaliar\AppData\Local\Programs\Python\Python312\Lib\site-packages\azure\core\pipeline\_base.py", line 98, in send
    response = self.next.send(request)
               ^^^^^^^^^^^^^^^^^^^^^^^
  File "C:\Users\SrikanthMudaliar\AppData\Local\Programs\Python\Python312\Lib\site-packages\azure\core\pipeline\_base.py", line 98, in send
    response = self.next.send(request)
               ^^^^^^^^^^^^^^^^^^^^^^^
  [Previous line repeated 1 more time]
  File "C:\Users\SrikanthMudaliar\AppData\Local\Programs\Python\Python312\Lib\site-packages\azure\core\pipeline\policies\_retry.py", line 567, in send
    raise err
  File "C:\Users\SrikanthMudaliar\AppData\Local\Programs\Python\Python312\Lib\site-packages\azure\core\pipeline\policies\_retry.py", line 545, in send
    response = self.next.send(request)
               ^^^^^^^^^^^^^^^^^^^^^^^
  File "C:\Users\SrikanthMudaliar\AppData\Local\Programs\Python\Python312\Lib\site-packages\azure\core\pipeline\_base.py", line 98, in send
    response = self.next.send(request)
               ^^^^^^^^^^^^^^^^^^^^^^^
  File "C:\Users\SrikanthMudaliar\AppData\Local\Programs\Python\Python312\Lib\site-packages\azure\core\pipeline\_base.py", line 98, in send
    response = self.next.send(request)
               ^^^^^^^^^^^^^^^^^^^^^^^
  File "C:\Users\SrikanthMudaliar\AppData\Local\Programs\Python\Python312\Lib\site-packages\azure\core\pipeline\_base.py", line 98, in send
    response = self.next.send(request)
               ^^^^^^^^^^^^^^^^^^^^^^^
  [Previous line repeated 1 more time]
  File "C:\Users\SrikanthMudaliar\AppData\Local\Programs\Python\Python312\Lib\site-packages\azure\core\pipeline\_base.py", line 130, in send
    self._sender.send(request.http_request, **request.context.options),
    ^^^^^^^^^^^^^^^^^^^^^^^^^^^^^^^^^^^^^^^^^^^^^^^^^^^^^^^^^^^^^^^^^^
  File "C:\Users\SrikanthMudaliar\AppData\Local\Programs\Python\Python312\Lib\site-packages\azure\core\pipeline\transport\_requests_basic.py", line 428, in send
    raise error
azure.core.exceptions.ServiceRequestError: HTTPSConnection(host='login.microsoftonline.com', port=443): Failed to resolve 'login.microsoftonline.com' ([Errno 11001] getaddrinfo failed)

The above exception was the direct cause of the following exception:

Traceback (most recent call last):
  File "C:\Users\SrikanthMudaliar\AI-Cloud-Advisor\azure_cost_sync.py", line 46, in <module>
    query_result = cost_client.query.usage(
                   ^^^^^^^^^^^^^^^^^^^^^^^^
  File "C:\Users\SrikanthMudaliar\AppData\Local\Programs\Python\Python312\Lib\site-packages\azure\core\tracing\decorator.py", line 119, in wrapper_use_tracer
    return func(*args, **kwargs)
           ^^^^^^^^^^^^^^^^^^^^^
  File "C:\Users\SrikanthMudaliar\AppData\Local\Programs\Python\Python312\Lib\site-packages\azure\mgmt\costmanagement\operations\_query_operations.py", line 269, in usage
    pipeline_response: PipelineResponse = self._client._pipeline.run(  # pylint: disable=protected-access
                                          ^^^^^^^^^^^^^^^^^^^^^^^^^^^^^^^^^^^^^^^^^^^^^^^^^^^^^^^^^^^^^^^
  File "C:\Users\SrikanthMudaliar\AppData\Local\Programs\Python\Python312\Lib\site-packages\azure\core\pipeline\_base.py", line 242, in run
    return first_node.send(pipeline_request)
           ^^^^^^^^^^^^^^^^^^^^^^^^^^^^^^^^^
  File "C:\Users\SrikanthMudaliar\AppData\Local\Programs\Python\Python312\Lib\site-packages\azure\core\pipeline\_base.py", line 98, in send
    response = self.next.send(request)
               ^^^^^^^^^^^^^^^^^^^^^^^
  File "C:\Users\SrikanthMudaliar\AppData\Local\Programs\Python\Python312\Lib\site-packages\azure\core\pipeline\_base.py", line 98, in send
    response = self.next.send(request)
               ^^^^^^^^^^^^^^^^^^^^^^^
  File "C:\Users\SrikanthMudaliar\AppData\Local\Programs\Python\Python312\Lib\site-packages\azure\core\pipeline\_base.py", line 98, in send
    response = self.next.send(request)
               ^^^^^^^^^^^^^^^^^^^^^^^
  [Previous line repeated 2 more times]
  File "C:\Users\SrikanthMudaliar\AppData\Local\Programs\Python\Python312\Lib\site-packages\azure\mgmt\core\policies\_base.py", line 95, in send
    response = self.next.send(request)
               ^^^^^^^^^^^^^^^^^^^^^^^
  File "C:\Users\SrikanthMudaliar\AppData\Local\Programs\Python\Python312\Lib\site-packages\azure\core\pipeline\policies\_redirect.py", line 205, in send
    response = self.next.send(request)
               ^^^^^^^^^^^^^^^^^^^^^^^
  File "C:\Users\SrikanthMudaliar\AppData\Local\Programs\Python\Python312\Lib\site-packages\azure\core\pipeline\policies\_retry.py", line 545, in send
    response = self.next.send(request)
               ^^^^^^^^^^^^^^^^^^^^^^^
  File "C:\Users\SrikanthMudaliar\AppData\Local\Programs\Python\Python312\Lib\site-packages\azure\core\pipeline\policies\_authentication.py", line 192, in send
    self.on_request(request)
  File "C:\Users\SrikanthMudaliar\AppData\Local\Programs\Python\Python312\Lib\site-packages\azure\core\pipeline\policies\_authentication.py", line 167, in on_request
    self._request_token(*self._scopes)
  File "C:\Users\SrikanthMudaliar\AppData\Local\Programs\Python\Python312\Lib\site-packages\azure\core\pipeline\policies\_authentication.py", line 142, in _request_token
    self._token = self._get_token(*scopes, **kwargs)
                  ^^^^^^^^^^^^^^^^^^^^^^^^^^^^^^^^^^
  File "C:\Users\SrikanthMudaliar\AppData\Local\Programs\Python\Python312\Lib\site-packages\azure\core\pipeline\policies\_authentication.py", line 132, in _get_token
    return cast(SupportsTokenInfo, self._credential).get_token_info(*scopes, options=options)
           ^^^^^^^^^^^^^^^^^^^^^^^^^^^^^^^^^^^^^^^^^^^^^^^^^^^^^^^^^^^^^^^^^^^^^^^^^^^^^^^^^^
  File "C:\Users\SrikanthMudaliar\AppData\Local\Programs\Python\Python312\Lib\site-packages\azure\identity\_internal\get_token_mixin.py", line 104, in get_token_info
    return self._get_token_base(*scopes, options=options, base_method_name="get_token_info")
           ^^^^^^^^^^^^^^^^^^^^^^^^^^^^^^^^^^^^^^^^^^^^^^^^^^^^^^^^^^^^^^^^^^^^^^^^^^^^^^^^^
  File "C:\Users\SrikanthMudaliar\AppData\Local\Programs\Python\Python312\Lib\site-packages\azure\identity\_internal\get_token_mixin.py", line 122, in _get_token_base
    token = self._acquire_token_silently(
            ^^^^^^^^^^^^^^^^^^^^^^^^^^^^^
  File "C:\Users\SrikanthMudaliar\AppData\Local\Programs\Python\Python312\Lib\site-packages\azure\identity\_internal\decorators.py", line 80, in wrapper
    raise auth_error from ex
azure.core.exceptions.ClientAuthenticationError: Authentication failed: HTTPSConnection(host='login.microsoftonline.com', port=443): Failed to resolve 'login.microsoftonline.com' ([Errno 11001] getaddrinfo failed)
{
  "id": "subscriptions/49ce7e88-e929-4031-b5b2-c8b557e5da2d/providers/Microsoft.CostManagement/query/05c29635-6f18-4e38-b47c-b685a83bf6a3",
  "name": "05c29635-6f18-4e38-b47c-b685a83bf6a3",
  "type": "Microsoft.CostManagement/query",
  "columns": [
    {
      "name": "PreTaxCost",
      "type": "Number"
    },
    {
      "name": "ServiceName",
      "type": "String"
    },
    {
      "name": "Currency",
      "type": "String"
    }
  ],
  "rows": [
    [
      0.00165169360600411,
      "Bandwidth",
      "INR"
    ],
    [
      422.938475263707,
      "Storage",
      "INR"
    ],
    [
      5312.48178829428,
      "Virtual Machines",
      "INR"
    ],
    [
      279.606260703124,
      "Virtual Network",
      "INR"
    ]
  ]
}
Azure rows fetched: 4
Prepared Azure records:
[{'cloud': 'azure', 'account_name': 'azure-main', 'service_name': 'Bandwidth', 'region': 'global', 'resource_id': None, 'usage_date': '2026-05-26', 'usage_quantity': 0, 'cost': 0.00165169360600411, 'currency': 'USD', 'environment': None, 'application': None, 'tags': None}, {'cloud': 'azure', 'account_name': 'azure-main', 'service_name': 'Storage', 'region': 'global', 'resource_id': None, 'usage_date': '2026-05-26', 'usage_quantity': 0, 'cost': 422.938475263707, 'currency': 'USD', 'environment': None, 'application': None, 'tags': None}, {'cloud': 'azure', 'account_name': 'azure-main', 'service_name': 'Virtual Machines', 'region': 'global', 'resource_id': None, 'usage_date': '2026-05-26', 'usage_quantity': 0, 'cost': 5312.48178829428, 'currency': 'USD', 'environment': None, 'application': None, 'tags': None}]
Traceback (most recent call last):
  File "C:\Users\SrikanthMudaliar\AI-Cloud-Advisor\azure_cost_sync.py", line 141, in <module>
    .execute()
     ^^^^^^^^^
  File "C:\Users\SrikanthMudaliar\AppData\Local\Programs\Python\Python312\Lib\site-packages\postgrest\_sync\request_builder.py", line 53, in execute
    raise APIError(dict(json_obj))
postgrest.exceptions.APIError: {'message': 'there is no unique or exclusion constraint matching the ON CONFLICT specification', 'code': '42P10', 'hint': None, 'details': None}
{
  "id": "subscriptions/49ce7e88-e929-4031-b5b2-c8b557e5da2d/providers/Microsoft.CostManagement/query/841a1819-8324-4239-ab5f-19c38ebf069e",
  "name": "841a1819-8324-4239-ab5f-19c38ebf069e",
  "type": "Microsoft.CostManagement/query",
  "columns": [
    {
      "name": "PreTaxCost",
      "type": "Number"
    },
    {
      "name": "ServiceName",
      "type": "String"
    },
    {
      "name": "Currency",
      "type": "String"
    }
  ],
  "rows": [
    [
      0.00165169360600411,
      "Bandwidth",
      "INR"
    ],
    [
      422.938475263707,
      "Storage",
      "INR"
    ],
    [
      5312.48178829428,
      "Virtual Machines",
      "INR"
    ],
    [
      279.606260703124,
      "Virtual Network",
      "INR"
    ]
  ]
}
Azure rows fetched: 4
Prepared Azure records:
[{'cloud': 'azure', 'account_name': 'azure-main', 'service_name': 'Bandwidth', 'region': 'global', 'resource_id': None, 'usage_date': '2026-05-26', 'usage_quantity': 0, 'cost': 0.00165169360600411, 'currency': 'USD', 'environment': None, 'application': None, 'tags': None}, {'cloud': 'azure', 'account_name': 'azure-main', 'service_name': 'Storage', 'region': 'global', 'resource_id': None, 'usage_date': '2026-05-26', 'usage_quantity': 0, 'cost': 422.938475263707, 'currency': 'USD', 'environment': None, 'application': None, 'tags': None}, {'cloud': 'azure', 'account_name': 'azure-main', 'service_name': 'Virtual Machines', 'region': 'global', 'resource_id': None, 'usage_date': '2026-05-26', 'usage_quantity': 0, 'cost': 5312.48178829428, 'currency': 'USD', 'environment': None, 'application': None, 'tags': None}]
Traceback (most recent call last):
  File "C:\Users\SrikanthMudaliar\AI-Cloud-Advisor\azure_cost_sync.py", line 141, in <module>
    .execute()
     ^^^^^^^^^
  File "C:\Users\SrikanthMudaliar\AppData\Local\Programs\Python\Python312\Lib\site-packages\postgrest\_sync\request_builder.py", line 53, in execute
    raise APIError(dict(json_obj))
postgrest.exceptions.APIError: {'message': 'there is no unique or exclusion constraint matching the ON CONFLICT specification', 'code': '42P10', 'hint': None, 'details': None}
{
  "id": "subscriptions/49ce7e88-e929-4031-b5b2-c8b557e5da2d/providers/Microsoft.CostManagement/query/5cc84077-61ba-469c-aa25-f3226d917c4a",
  "name": "5cc84077-61ba-469c-aa25-f3226d917c4a",
  "type": "Microsoft.CostManagement/query",
  "columns": [
    {
      "name": "PreTaxCost",
      "type": "Number"
    },
    {
      "name": "ServiceName",
      "type": "String"
    },
    {
      "name": "Currency",
      "type": "String"
    }
  ],
  "rows": [
    [
      0.00165816039349883,
      "Bandwidth",
      "INR"
    ],
    [
      424.430588268459,
      "Storage",
      "INR"
    ],
    [
      5321.46391954428,
      "Virtual Machines",
      "INR"
    ],
    [
      280.551748203124,
      "Virtual Network",
      "INR"
    ]
  ]
}
Azure rows fetched: 4
Prepared Azure records:
[{'cloud': 'azure', 'account_name': 'azure-main', 'service_name': 'Bandwidth', 'region': 'global', 'resource_id': None, 'usage_date': '2026-05-26', 'usage_quantity': 0, 'cost': 0.00165816039349883, 'currency': 'USD', 'environment': None, 'application': None, 'tags': None}, {'cloud': 'azure', 'account_name': 'azure-main', 'service_name': 'Storage', 'region': 'global', 'resource_id': None, 'usage_date': '2026-05-26', 'usage_quantity': 0, 'cost': 424.430588268459, 'currency': 'USD', 'environment': None, 'application': None, 'tags': None}, {'cloud': 'azure', 'account_name': 'azure-main', 'service_name': 'Virtual Machines', 'region': 'global', 'resource_id': None, 'usage_date': '2026-05-26', 'usage_quantity': 0, 'cost': 5321.46391954428, 'currency': 'USD', 'environment': None, 'application': None, 'tags': None}]
Traceback (most recent call last):
  File "C:\Users\SrikanthMudaliar\AI-Cloud-Advisor\azure_cost_sync.py", line 141, in <module>
    .execute()
     ^^^^^^^^^
  File "C:\Users\SrikanthMudaliar\AppData\Local\Programs\Python\Python312\Lib\site-packages\postgrest\_sync\request_builder.py", line 53, in execute
    raise APIError(dict(json_obj))
postgrest.exceptions.APIError: {'message': 'there is no unique or exclusion constraint matching the ON CONFLICT specification', 'code': '42P10', 'hint': None, 'details': None}
ClientSecretCredential.get_token_info failed: Authentication failed: HTTPSConnection(host='login.microsoftonline.com', port=443): Failed to resolve 'login.microsoftonline.com' ([Errno 11001] getaddrinfo failed)
Traceback (most recent call last):
  File "C:\Users\SrikanthMudaliar\AppData\Local\Programs\Python\Python312\Lib\site-packages\azure\identity\_internal\decorators.py", line 75, in wrapper
    return fn(*args, **kwargs)
           ^^^^^^^^^^^^^^^^^^^
  File "C:\Users\SrikanthMudaliar\AppData\Local\Programs\Python\Python312\Lib\site-packages\azure\identity\_internal\client_credential_base.py", line 27, in _acquire_token_silently
    app = self._get_app(**kwargs)
          ^^^^^^^^^^^^^^^^^^^^^^^
  File "C:\Users\SrikanthMudaliar\AppData\Local\Programs\Python\Python312\Lib\site-packages\azure\identity\_internal\msal_credentials.py", line 109, in _get_app
    client_applications_map[tenant_id] = app_class(
                                         ^^^^^^^^^^
  File "C:\Users\SrikanthMudaliar\AppData\Local\Programs\Python\Python312\Lib\site-packages\msal\application.py", line 649, in __init__
    self.authority = Authority(
                     ^^^^^^^^^^
  File "C:\Users\SrikanthMudaliar\AppData\Local\Programs\Python\Python312\Lib\site-packages\msal\authority.py", line 98, in __init__
    openid_config = tenant_discovery(
                    ^^^^^^^^^^^^^^^^^
  File "C:\Users\SrikanthMudaliar\AppData\Local\Programs\Python\Python312\Lib\site-packages\msal\authority.py", line 292, in tenant_discovery
    resp = http_client.get(tenant_discovery_endpoint, **kwargs)
           ^^^^^^^^^^^^^^^^^^^^^^^^^^^^^^^^^^^^^^^^^^^^^^^^^^^^
  File "C:\Users\SrikanthMudaliar\AppData\Local\Programs\Python\Python312\Lib\site-packages\msal\individual_cache.py", line 273, in wrapper
    value = function(*args, **kwargs)
            ^^^^^^^^^^^^^^^^^^^^^^^^^
  File "C:\Users\SrikanthMudaliar\AppData\Local\Programs\Python\Python312\Lib\site-packages\msal\throttled_http_client.py", line 99, in get
    return NormalizedResponse(self.http_client.get(*args, **kwargs))
                              ^^^^^^^^^^^^^^^^^^^^^^^^^^^^^^^^^^^^^
  File "C:\Users\SrikanthMudaliar\AppData\Local\Programs\Python\Python312\Lib\site-packages\azure\identity\_internal\msal_client.py", line 107, in get
    response = self._pipeline.run(request, stream=False)
               ^^^^^^^^^^^^^^^^^^^^^^^^^^^^^^^^^^^^^^^^^
  File "C:\Users\SrikanthMudaliar\AppData\Local\Programs\Python\Python312\Lib\site-packages\azure\core\pipeline\_base.py", line 242, in run
    return first_node.send(pipeline_request)
           ^^^^^^^^^^^^^^^^^^^^^^^^^^^^^^^^^
  File "C:\Users\SrikanthMudaliar\AppData\Local\Programs\Python\Python312\Lib\site-packages\azure\core\pipeline\_base.py", line 98, in send
    response = self.next.send(request)
               ^^^^^^^^^^^^^^^^^^^^^^^
  File "C:\Users\SrikanthMudaliar\AppData\Local\Programs\Python\Python312\Lib\site-packages\azure\core\pipeline\_base.py", line 98, in send
    response = self.next.send(request)
               ^^^^^^^^^^^^^^^^^^^^^^^
  File "C:\Users\SrikanthMudaliar\AppData\Local\Programs\Python\Python312\Lib\site-packages\azure\core\pipeline\_base.py", line 98, in send
    response = self.next.send(request)
               ^^^^^^^^^^^^^^^^^^^^^^^
  [Previous line repeated 1 more time]
  File "C:\Users\SrikanthMudaliar\AppData\Local\Programs\Python\Python312\Lib\site-packages\azure\core\pipeline\policies\_retry.py", line 567, in send
    raise err
  File "C:\Users\SrikanthMudaliar\AppData\Local\Programs\Python\Python312\Lib\site-packages\azure\core\pipeline\policies\_retry.py", line 545, in send
    response = self.next.send(request)
               ^^^^^^^^^^^^^^^^^^^^^^^
  File "C:\Users\SrikanthMudaliar\AppData\Local\Programs\Python\Python312\Lib\site-packages\azure\core\pipeline\_base.py", line 98, in send
    response = self.next.send(request)
               ^^^^^^^^^^^^^^^^^^^^^^^
  File "C:\Users\SrikanthMudaliar\AppData\Local\Programs\Python\Python312\Lib\site-packages\azure\core\pipeline\_base.py", line 98, in send
    response = self.next.send(request)
               ^^^^^^^^^^^^^^^^^^^^^^^
  File "C:\Users\SrikanthMudaliar\AppData\Local\Programs\Python\Python312\Lib\site-packages\azure\core\pipeline\_base.py", line 98, in send
    response = self.next.send(request)
               ^^^^^^^^^^^^^^^^^^^^^^^
  [Previous line repeated 1 more time]
  File "C:\Users\SrikanthMudaliar\AppData\Local\Programs\Python\Python312\Lib\site-packages\azure\core\pipeline\_base.py", line 130, in send
    self._sender.send(request.http_request, **request.context.options),
    ^^^^^^^^^^^^^^^^^^^^^^^^^^^^^^^^^^^^^^^^^^^^^^^^^^^^^^^^^^^^^^^^^^
  File "C:\Users\SrikanthMudaliar\AppData\Local\Programs\Python\Python312\Lib\site-packages\azure\core\pipeline\transport\_requests_basic.py", line 428, in send
    raise error
azure.core.exceptions.ServiceRequestError: HTTPSConnection(host='login.microsoftonline.com', port=443): Failed to resolve 'login.microsoftonline.com' ([Errno 11001] getaddrinfo failed)

The above exception was the direct cause of the following exception:

Traceback (most recent call last):
  File "C:\Users\SrikanthMudaliar\AI-Cloud-Advisor\azure_cost_sync.py", line 46, in <module>
    query_result = cost_client.query.usage(
                   ^^^^^^^^^^^^^^^^^^^^^^^^
  File "C:\Users\SrikanthMudaliar\AppData\Local\Programs\Python\Python312\Lib\site-packages\azure\core\tracing\decorator.py", line 119, in wrapper_use_tracer
    return func(*args, **kwargs)
           ^^^^^^^^^^^^^^^^^^^^^
  File "C:\Users\SrikanthMudaliar\AppData\Local\Programs\Python\Python312\Lib\site-packages\azure\mgmt\costmanagement\operations\_query_operations.py", line 269, in usage
    pipeline_response: PipelineResponse = self._client._pipeline.run(  # pylint: disable=protected-access
                                          ^^^^^^^^^^^^^^^^^^^^^^^^^^^^^^^^^^^^^^^^^^^^^^^^^^^^^^^^^^^^^^^
  File "C:\Users\SrikanthMudaliar\AppData\Local\Programs\Python\Python312\Lib\site-packages\azure\core\pipeline\_base.py", line 242, in run
    return first_node.send(pipeline_request)
           ^^^^^^^^^^^^^^^^^^^^^^^^^^^^^^^^^
  File "C:\Users\SrikanthMudaliar\AppData\Local\Programs\Python\Python312\Lib\site-packages\azure\core\pipeline\_base.py", line 98, in send
    response = self.next.send(request)
               ^^^^^^^^^^^^^^^^^^^^^^^
  File "C:\Users\SrikanthMudaliar\AppData\Local\Programs\Python\Python312\Lib\site-packages\azure\core\pipeline\_base.py", line 98, in send
    response = self.next.send(request)
               ^^^^^^^^^^^^^^^^^^^^^^^
  File "C:\Users\SrikanthMudaliar\AppData\Local\Programs\Python\Python312\Lib\site-packages\azure\core\pipeline\_base.py", line 98, in send
    response = self.next.send(request)
               ^^^^^^^^^^^^^^^^^^^^^^^
  [Previous line repeated 2 more times]
  File "C:\Users\SrikanthMudaliar\AppData\Local\Programs\Python\Python312\Lib\site-packages\azure\mgmt\core\policies\_base.py", line 95, in send
    response = self.next.send(request)
               ^^^^^^^^^^^^^^^^^^^^^^^
  File "C:\Users\SrikanthMudaliar\AppData\Local\Programs\Python\Python312\Lib\site-packages\azure\core\pipeline\policies\_redirect.py", line 205, in send
    response = self.next.send(request)
               ^^^^^^^^^^^^^^^^^^^^^^^
  File "C:\Users\SrikanthMudaliar\AppData\Local\Programs\Python\Python312\Lib\site-packages\azure\core\pipeline\policies\_retry.py", line 545, in send
    response = self.next.send(request)
               ^^^^^^^^^^^^^^^^^^^^^^^
  File "C:\Users\SrikanthMudaliar\AppData\Local\Programs\Python\Python312\Lib\site-packages\azure\core\pipeline\policies\_authentication.py", line 192, in send
    self.on_request(request)
  File "C:\Users\SrikanthMudaliar\AppData\Local\Programs\Python\Python312\Lib\site-packages\azure\core\pipeline\policies\_authentication.py", line 167, in on_request
    self._request_token(*self._scopes)
  File "C:\Users\SrikanthMudaliar\AppData\Local\Programs\Python\Python312\Lib\site-packages\azure\core\pipeline\policies\_authentication.py", line 142, in _request_token
    self._token = self._get_token(*scopes, **kwargs)
                  ^^^^^^^^^^^^^^^^^^^^^^^^^^^^^^^^^^
  File "C:\Users\SrikanthMudaliar\AppData\Local\Programs\Python\Python312\Lib\site-packages\azure\core\pipeline\policies\_authentication.py", line 132, in _get_token
    return cast(SupportsTokenInfo, self._credential).get_token_info(*scopes, options=options)
           ^^^^^^^^^^^^^^^^^^^^^^^^^^^^^^^^^^^^^^^^^^^^^^^^^^^^^^^^^^^^^^^^^^^^^^^^^^^^^^^^^^
  File "C:\Users\SrikanthMudaliar\AppData\Local\Programs\Python\Python312\Lib\site-packages\azure\identity\_internal\get_token_mixin.py", line 104, in get_token_info
    return self._get_token_base(*scopes, options=options, base_method_name="get_token_info")
           ^^^^^^^^^^^^^^^^^^^^^^^^^^^^^^^^^^^^^^^^^^^^^^^^^^^^^^^^^^^^^^^^^^^^^^^^^^^^^^^^^
  File "C:\Users\SrikanthMudaliar\AppData\Local\Programs\Python\Python312\Lib\site-packages\azure\identity\_internal\get_token_mixin.py", line 122, in _get_token_base
    token = self._acquire_token_silently(
            ^^^^^^^^^^^^^^^^^^^^^^^^^^^^^
  File "C:\Users\SrikanthMudaliar\AppData\Local\Programs\Python\Python312\Lib\site-packages\azure\identity\_internal\decorators.py", line 80, in wrapper
    raise auth_error from ex
azure.core.exceptions.ClientAuthenticationError: Authentication failed: HTTPSConnection(host='login.microsoftonline.com', port=443): Failed to resolve 'login.microsoftonline.com' ([Errno 11001] getaddrinfo failed)
{
  "id": "subscriptions/49ce7e88-e929-4031-b5b2-c8b557e5da2d/providers/Microsoft.CostManagement/query/c2bb8e23-205f-460f-a3d4-34a8b7d9ac5d",
  "name": "c2bb8e23-205f-460f-a3d4-34a8b7d9ac5d",
  "type": "Microsoft.CostManagement/query",
  "columns": [
    {
      "name": "PreTaxCost",
      "type": "Number"
    },
    {
      "name": "ServiceName",
      "type": "String"
    },
    {
      "name": "Currency",
      "type": "String"
    }
  ],
  "rows": [
    [
      0.00165816039349883,
      "Bandwidth",
      "INR"
    ],
    [
      424.430588268459,
      "Storage",
      "INR"
    ],
    [
      5321.46391954428,
      "Virtual Machines",
      "INR"
    ],
    [
      280.551748203124,
      "Virtual Network",
      "INR"
    ]
  ]
}
Azure rows fetched: 4
Prepared Azure records:
[{'cloud': 'azure', 'account_name': 'azure-main', 'service_name': 'Bandwidth', 'region': 'global', 'resource_id': None, 'usage_date': '2026-05-26', 'usage_quantity': 0, 'cost': 0.00165816039349883, 'currency': 'USD', 'environment': None, 'application': None, 'tags': None}, {'cloud': 'azure', 'account_name': 'azure-main', 'service_name': 'Storage', 'region': 'global', 'resource_id': None, 'usage_date': '2026-05-26', 'usage_quantity': 0, 'cost': 424.430588268459, 'currency': 'USD', 'environment': None, 'application': None, 'tags': None}, {'cloud': 'azure', 'account_name': 'azure-main', 'service_name': 'Virtual Machines', 'region': 'global', 'resource_id': None, 'usage_date': '2026-05-26', 'usage_quantity': 0, 'cost': 5321.46391954428, 'currency': 'USD', 'environment': None, 'application': None, 'tags': None}]
Traceback (most recent call last):
  File "C:\Users\SrikanthMudaliar\AI-Cloud-Advisor\azure_cost_sync.py", line 141, in <module>
    .execute()
     ^^^^^^^^^
  File "C:\Users\SrikanthMudaliar\AppData\Local\Programs\Python\Python312\Lib\site-packages\postgrest\_sync\request_builder.py", line 53, in execute
    raise APIError(dict(json_obj))
postgrest.exceptions.APIError: {'message': 'there is no unique or exclusion constraint matching the ON CONFLICT specification', 'code': '42P10', 'hint': None, 'details': None}
{
  "id": "subscriptions/49ce7e88-e929-4031-b5b2-c8b557e5da2d/providers/Microsoft.CostManagement/query/20ea63cb-b136-412a-9496-ef1da54c1fb2",
  "name": "20ea63cb-b136-412a-9496-ef1da54c1fb2",
  "type": "Microsoft.CostManagement/query",
  "columns": [
    {
      "name": "PreTaxCost",
      "type": "Number"
    },
    {
      "name": "ServiceName",
      "type": "String"
    },
    {
      "name": "Currency",
      "type": "String"
    }
  ],
  "rows": [
    [
      0.00165816039349883,
      "Bandwidth",
      "INR"
    ],
    [
      424.430588268459,
      "Storage",
      "INR"
    ],
    [
      5321.46391954428,
      "Virtual Machines",
      "INR"
    ],
    [
      280.551748203124,
      "Virtual Network",
      "INR"
    ]
  ]
}
Azure rows fetched: 4
Prepared Azure records:
[{'cloud': 'azure', 'account_name': 'azure-main', 'service_name': 'Bandwidth', 'region': 'global', 'resource_id': None, 'usage_date': '2026-05-26', 'usage_quantity': 0, 'cost': 0.00165816039349883, 'currency': 'USD', 'environment': None, 'application': None, 'tags': None}, {'cloud': 'azure', 'account_name': 'azure-main', 'service_name': 'Storage', 'region': 'global', 'resource_id': None, 'usage_date': '2026-05-26', 'usage_quantity': 0, 'cost': 424.430588268459, 'currency': 'USD', 'environment': None, 'application': None, 'tags': None}, {'cloud': 'azure', 'account_name': 'azure-main', 'service_name': 'Virtual Machines', 'region': 'global', 'resource_id': None, 'usage_date': '2026-05-26', 'usage_quantity': 0, 'cost': 5321.46391954428, 'currency': 'USD', 'environment': None, 'application': None, 'tags': None}]
Traceback (most recent call last):
  File "C:\Users\SrikanthMudaliar\AI-Cloud-Advisor\azure_cost_sync.py", line 141, in <module>
    .execute()
     ^^^^^^^^^
  File "C:\Users\SrikanthMudaliar\AppData\Local\Programs\Python\Python312\Lib\site-packages\postgrest\_sync\request_builder.py", line 53, in execute
    raise APIError(dict(json_obj))
postgrest.exceptions.APIError: {'message': 'there is no unique or exclusion constraint matching the ON CONFLICT specification', 'code': '42P10', 'hint': None, 'details': None}
{
  "id": "subscriptions/49ce7e88-e929-4031-b5b2-c8b557e5da2d/providers/Microsoft.CostManagement/query/509be1c2-8c61-4a2c-a5d0-a1b6cc5a9a14",
  "name": "509be1c2-8c61-4a2c-a5d0-a1b6cc5a9a14",
  "type": "Microsoft.CostManagement/query",
  "columns": [
    {
      "name": "PreTaxCost",
      "type": "Number"
    },
    {
      "name": "ServiceName",
      "type": "String"
    },
    {
      "name": "Currency",
      "type": "String"
    }
  ],
  "rows": [
    [
      0.00168060395009815,
      "Bandwidth",
      "INR"
    ],
    [
      429.728155638627,
      "Storage",
      "INR"
    ],
    [
      5393.32096954428,
      "Virtual Machines",
      "INR"
    ],
    [
      284.333698203124,
      "Virtual Network",
      "INR"
    ]
  ]
}
Azure rows fetched: 4
Prepared Azure records:
[{'cloud': 'azure', 'account_name': 'azure-main', 'service_name': 'Bandwidth', 'region': 'global', 'resource_id': None, 'usage_date': '2026-05-26', 'usage_quantity': 0, 'cost': 0.00168060395009815, 'currency': 'USD', 'environment': None, 'application': None, 'tags': None}, {'cloud': 'azure', 'account_name': 'azure-main', 'service_name': 'Storage', 'region': 'global', 'resource_id': None, 'usage_date': '2026-05-26', 'usage_quantity': 0, 'cost': 429.728155638627, 'currency': 'USD', 'environment': None, 'application': None, 'tags': None}, {'cloud': 'azure', 'account_name': 'azure-main', 'service_name': 'Virtual Machines', 'region': 'global', 'resource_id': None, 'usage_date': '2026-05-26', 'usage_quantity': 0, 'cost': 5393.32096954428, 'currency': 'USD', 'environment': None, 'application': None, 'tags': None}]
Traceback (most recent call last):
  File "C:\Users\SrikanthMudaliar\AI-Cloud-Advisor\azure_cost_sync.py", line 141, in <module>
    .execute()
     ^^^^^^^^^
  File "C:\Users\SrikanthMudaliar\AppData\Local\Programs\Python\Python312\Lib\site-packages\postgrest\_sync\request_builder.py", line 53, in execute
    raise APIError(dict(json_obj))
postgrest.exceptions.APIError: {'message': 'there is no unique or exclusion constraint matching the ON CONFLICT specification', 'code': '42P10', 'hint': None, 'details': None}
{
  "id": "subscriptions/49ce7e88-e929-4031-b5b2-c8b557e5da2d/providers/Microsoft.CostManagement/query/95b47682-99b1-4fe8-9e03-247686f6b4d3",
  "name": "95b47682-99b1-4fe8-9e03-247686f6b4d3",
  "type": "Microsoft.CostManagement/query",
  "columns": [
    {
      "name": "PreTaxCost",
      "type": "Number"
    },
    {
      "name": "ServiceName",
      "type": "String"
    },
    {
      "name": "Currency",
      "type": "String"
    }
  ],
  "rows": [
    [
      0.00168060395009815,
      "Bandwidth",
      "INR"
    ],
    [
      429.728155638627,
      "Storage",
      "INR"
    ],
    [
      5393.32096954428,
      "Virtual Machines",
      "INR"
    ],
    [
      284.333698203124,
      "Virtual Network",
      "INR"
    ]
  ]
}
Azure rows fetched: 4
Prepared Azure records:
[{'cloud': 'azure', 'account_name': 'azure-main', 'service_name': 'Bandwidth', 'region': 'global', 'resource_id': None, 'usage_date': '2026-05-26', 'usage_quantity': 0, 'cost': 0.00168060395009815, 'currency': 'USD', 'environment': None, 'application': None, 'tags': None}, {'cloud': 'azure', 'account_name': 'azure-main', 'service_name': 'Storage', 'region': 'global', 'resource_id': None, 'usage_date': '2026-05-26', 'usage_quantity': 0, 'cost': 429.728155638627, 'currency': 'USD', 'environment': None, 'application': None, 'tags': None}, {'cloud': 'azure', 'account_name': 'azure-main', 'service_name': 'Virtual Machines', 'region': 'global', 'resource_id': None, 'usage_date': '2026-05-26', 'usage_quantity': 0, 'cost': 5393.32096954428, 'currency': 'USD', 'environment': None, 'application': None, 'tags': None}]
Traceback (most recent call last):
  File "C:\Users\SrikanthMudaliar\AI-Cloud-Advisor\azure_cost_sync.py", line 141, in <module>
    .execute()
     ^^^^^^^^^
  File "C:\Users\SrikanthMudaliar\AppData\Local\Programs\Python\Python312\Lib\site-packages\postgrest\_sync\request_builder.py", line 53, in execute
    raise APIError(dict(json_obj))
postgrest.exceptions.APIError: {'message': 'there is no unique or exclusion constraint matching the ON CONFLICT specification', 'code': '42P10', 'hint': None, 'details': None}
{
  "id": "subscriptions/49ce7e88-e929-4031-b5b2-c8b557e5da2d/providers/Microsoft.CostManagement/query/9006c99a-716a-4e0d-9b51-de7a3e2d19fa",
  "name": "9006c99a-716a-4e0d-9b51-de7a3e2d19fa",
  "type": "Microsoft.CostManagement/query",
  "columns": [
    {
      "name": "PreTaxCost",
      "type": "Number"
    },
    {
      "name": "ServiceName",
      "type": "String"
    },
    {
      "name": "Currency",
      "type": "String"
    }
  ],
  "rows": [
    [
      0.00168859233465045,
      "Bandwidth",
      "INR"
    ],
    [
      431.220268643378,
      "Storage",
      "INR"
    ],
    [
      5411.28523204428,
      "Virtual Machines",
      "INR"
    ],
    [
      285.279185703124,
      "Virtual Network",
      "INR"
    ]
  ]
}
Azure rows fetched: 4
Prepared Azure records:
[{'cloud': 'azure', 'account_name': 'azure-main', 'service_name': 'Bandwidth', 'region': 'global', 'resource_id': None, 'usage_date': '2026-05-26', 'usage_quantity': 0, 'cost': 0.00168859233465045, 'currency': 'USD', 'environment': None, 'application': None, 'tags': None}, {'cloud': 'azure', 'account_name': 'azure-main', 'service_name': 'Storage', 'region': 'global', 'resource_id': None, 'usage_date': '2026-05-26', 'usage_quantity': 0, 'cost': 431.220268643378, 'currency': 'USD', 'environment': None, 'application': None, 'tags': None}, {'cloud': 'azure', 'account_name': 'azure-main', 'service_name': 'Virtual Machines', 'region': 'global', 'resource_id': None, 'usage_date': '2026-05-26', 'usage_quantity': 0, 'cost': 5411.28523204428, 'currency': 'USD', 'environment': None, 'application': None, 'tags': None}]
Traceback (most recent call last):
  File "C:\Users\SrikanthMudaliar\AI-Cloud-Advisor\azure_cost_sync.py", line 141, in <module>
    .execute()
     ^^^^^^^^^
  File "C:\Users\SrikanthMudaliar\AppData\Local\Programs\Python\Python312\Lib\site-packages\postgrest\_sync\request_builder.py", line 53, in execute
    raise APIError(dict(json_obj))
postgrest.exceptions.APIError: {'message': 'there is no unique or exclusion constraint matching the ON CONFLICT specification', 'code': '42P10', 'hint': None, 'details': None}
{
  "id": "subscriptions/49ce7e88-e929-4031-b5b2-c8b557e5da2d/providers/Microsoft.CostManagement/query/e65f4c9a-1bb1-43be-a4fe-d09288342fa9",
  "name": "e65f4c9a-1bb1-43be-a4fe-d09288342fa9",
  "type": "Microsoft.CostManagement/query",
  "columns": [
    {
      "name": "PreTaxCost",
      "type": "Number"
    },
    {
      "name": "ServiceName",
      "type": "String"
    },
    {
      "name": "Currency",
      "type": "String"
    }
  ],
  "rows": [
    [
      0.00168859233465045,
      "Bandwidth",
      "INR"
    ],
    [
      431.220268643378,
      "Storage",
      "INR"
    ],
    [
      5411.28523204428,
      "Virtual Machines",
      "INR"
    ],
    [
      285.279185703124,
      "Virtual Network",
      "INR"
    ]
  ]
}
Azure rows fetched: 4
Prepared Azure records:
[{'cloud': 'azure', 'account_name': 'azure-main', 'service_name': 'Bandwidth', 'region': 'global', 'resource_id': None, 'usage_date': '2026-05-26', 'usage_quantity': 0, 'cost': 0.00168859233465045, 'currency': 'USD', 'environment': None, 'application': None, 'tags': None}, {'cloud': 'azure', 'account_name': 'azure-main', 'service_name': 'Storage', 'region': 'global', 'resource_id': None, 'usage_date': '2026-05-26', 'usage_quantity': 0, 'cost': 431.220268643378, 'currency': 'USD', 'environment': None, 'application': None, 'tags': None}, {'cloud': 'azure', 'account_name': 'azure-main', 'service_name': 'Virtual Machines', 'region': 'global', 'resource_id': None, 'usage_date': '2026-05-26', 'usage_quantity': 0, 'cost': 5411.28523204428, 'currency': 'USD', 'environment': None, 'application': None, 'tags': None}]
Traceback (most recent call last):
  File "C:\Users\SrikanthMudaliar\AI-Cloud-Advisor\azure_cost_sync.py", line 141, in <module>
    .execute()
     ^^^^^^^^^
  File "C:\Users\SrikanthMudaliar\AppData\Local\Programs\Python\Python312\Lib\site-packages\postgrest\_sync\request_builder.py", line 53, in execute
    raise APIError(dict(json_obj))
postgrest.exceptions.APIError: {'message': 'there is no unique or exclusion constraint matching the ON CONFLICT specification', 'code': '42P10', 'hint': None, 'details': None}
{
  "id": "subscriptions/49ce7e88-e929-4031-b5b2-c8b557e5da2d/providers/Microsoft.CostManagement/query/4ba18b43-0582-477b-8201-b55301574772",
  "name": "4ba18b43-0582-477b-8201-b55301574772",
  "type": "Microsoft.CostManagement/query",
  "columns": [
    {
      "name": "PreTaxCost",
      "type": "Number"
    },
    {
      "name": "ServiceName",
      "type": "String"
    },
    {
      "name": "Currency",
      "type": "String"
    }
  ],
  "rows": [
    [
      0.00172320866771042,
      "Bandwidth",
      "INR"
    ],
    [
      438.756005520674,
      "Storage",
      "INR"
    ],
    [
      5501.10654454428,
      "Virtual Machines",
      "INR"
    ],
    [
      290.006623203124,
      "Virtual Network",
      "INR"
    ]
  ]
}
Azure rows fetched: 4
Prepared Azure records:
[{'cloud': 'azure', 'account_name': 'azure-main', 'service_name': 'Bandwidth', 'region': 'global', 'resource_id': None, 'usage_date': '2026-05-27', 'usage_quantity': 0, 'cost': 0.00172320866771042, 'currency': 'USD', 'environment': None, 'application': None, 'tags': None}, {'cloud': 'azure', 'account_name': 'azure-main', 'service_name': 'Storage', 'region': 'global', 'resource_id': None, 'usage_date': '2026-05-27', 'usage_quantity': 0, 'cost': 438.756005520674, 'currency': 'USD', 'environment': None, 'application': None, 'tags': None}, {'cloud': 'azure', 'account_name': 'azure-main', 'service_name': 'Virtual Machines', 'region': 'global', 'resource_id': None, 'usage_date': '2026-05-27', 'usage_quantity': 0, 'cost': 5501.10654454428, 'currency': 'USD', 'environment': None, 'application': None, 'tags': None}]
Traceback (most recent call last):
  File "C:\Users\SrikanthMudaliar\AI-Cloud-Advisor\azure_cost_sync.py", line 141, in <module>
    .execute()
     ^^^^^^^^^
  File "C:\Users\SrikanthMudaliar\AppData\Local\Programs\Python\Python312\Lib\site-packages\postgrest\_sync\request_builder.py", line 53, in execute
    raise APIError(dict(json_obj))
postgrest.exceptions.APIError: {'message': 'there is no unique or exclusion constraint matching the ON CONFLICT specification', 'code': '42P10', 'hint': None, 'details': None}
{
  "id": "subscriptions/49ce7e88-e929-4031-b5b2-c8b557e5da2d/providers/Microsoft.CostManagement/query/9234f5e0-1738-46cf-9931-b4fe5044963a",
  "name": "9234f5e0-1738-46cf-9931-b4fe5044963a",
  "type": "Microsoft.CostManagement/query",
  "columns": [
    {
      "name": "PreTaxCost",
      "type": "Number"
    },
    {
      "name": "ServiceName",
      "type": "String"
    },
    {
      "name": "Currency",
      "type": "String"
    }
  ],
  "rows": [
    [
      0.00172320866771042,
      "Bandwidth",
      "INR"
    ],
    [
      438.756005520674,
      "Storage",
      "INR"
    ],
    [
      5501.10654454428,
      "Virtual Machines",
      "INR"
    ],
    [
      290.006623203124,
      "Virtual Network",
      "INR"
    ]
  ]
}
Azure rows fetched: 4
Prepared Azure records:
[{'cloud': 'azure', 'account_name': 'azure-main', 'service_name': 'Bandwidth', 'region': 'global', 'resource_id': None, 'usage_date': '2026-05-27', 'usage_quantity': 0, 'cost': 0.00172320866771042, 'currency': 'USD', 'environment': None, 'application': None, 'tags': None}, {'cloud': 'azure', 'account_name': 'azure-main', 'service_name': 'Storage', 'region': 'global', 'resource_id': None, 'usage_date': '2026-05-27', 'usage_quantity': 0, 'cost': 438.756005520674, 'currency': 'USD', 'environment': None, 'application': None, 'tags': None}, {'cloud': 'azure', 'account_name': 'azure-main', 'service_name': 'Virtual Machines', 'region': 'global', 'resource_id': None, 'usage_date': '2026-05-27', 'usage_quantity': 0, 'cost': 5501.10654454428, 'currency': 'USD', 'environment': None, 'application': None, 'tags': None}]
Traceback (most recent call last):
  File "C:\Users\SrikanthMudaliar\AI-Cloud-Advisor\azure_cost_sync.py", line 141, in <module>
    .execute()
     ^^^^^^^^^
  File "C:\Users\SrikanthMudaliar\AppData\Local\Programs\Python\Python312\Lib\site-packages\postgrest\_sync\request_builder.py", line 53, in execute
    raise APIError(dict(json_obj))
postgrest.exceptions.APIError: {'message': 'there is no unique or exclusion constraint matching the ON CONFLICT specification', 'code': '42P10', 'hint': None, 'details': None}
Traceback (most recent call last):
  File "C:\Users\SrikanthMudaliar\AI-Cloud-Advisor\azure_cost_sync.py", line 46, in <module>
    query_result = cost_client.query.usage(
                   ^^^^^^^^^^^^^^^^^^^^^^^^
  File "C:\Users\SrikanthMudaliar\AppData\Local\Programs\Python\Python312\Lib\site-packages\azure\core\tracing\decorator.py", line 119, in wrapper_use_tracer
    return func(*args, **kwargs)
           ^^^^^^^^^^^^^^^^^^^^^
  File "C:\Users\SrikanthMudaliar\AppData\Local\Programs\Python\Python312\Lib\site-packages\azure\mgmt\costmanagement\operations\_query_operations.py", line 278, in usage
    raise HttpResponseError(response=response, model=error, error_format=ARMErrorFormat)
azure.core.exceptions.HttpResponseError: (429) Too many requests. Please retry.
Code: 429
Message: Too many requests. Please retry.
Traceback (most recent call last):
  File "C:\Users\SrikanthMudaliar\AI-Cloud-Advisor\azure_cost_sync.py", line 46, in <module>
    query_result = cost_client.query.usage(
                   ^^^^^^^^^^^^^^^^^^^^^^^^
  File "C:\Users\SrikanthMudaliar\AppData\Local\Programs\Python\Python312\Lib\site-packages\azure\core\tracing\decorator.py", line 119, in wrapper_use_tracer
    return func(*args, **kwargs)
           ^^^^^^^^^^^^^^^^^^^^^
  File "C:\Users\SrikanthMudaliar\AppData\Local\Programs\Python\Python312\Lib\site-packages\azure\mgmt\costmanagement\operations\_query_operations.py", line 278, in usage
    raise HttpResponseError(response=response, model=error, error_format=ARMErrorFormat)
azure.core.exceptions.HttpResponseError: (429) Too many requests. Please retry.
Code: 429
Message: Too many requests. Please retry.
{
  "id": "subscriptions/49ce7e88-e929-4031-b5b2-c8b557e5da2d/providers/Microsoft.CostManagement/query/b8d50dba-b345-41cf-8f2b-6bd67707fe94",
  "name": "b8d50dba-b345-41cf-8f2b-6bd67707fe94",
  "type": "Microsoft.CostManagement/query",
  "columns": [
    {
      "name": "PreTaxCost",
      "type": "Number"
    },
    {
      "name": "ServiceName",
      "type": "String"
    },
    {
      "name": "Currency",
      "type": "String"
    }
  ],
  "rows": [
    [
      0.00172320866771042,
      "Bandwidth",
      "INR"
    ],
    [
      438.756005520674,
      "Storage",
      "INR"
    ],
    [
      5501.10654454428,
      "Virtual Machines",
      "INR"
    ],
    [
      290.006623203124,
      "Virtual Network",
      "INR"
    ]
  ]
}
Azure rows fetched: 4
Prepared Azure records:
[{'cloud': 'azure', 'account_name': 'azure-main', 'service_name': 'Bandwidth', 'region': 'global', 'resource_id': None, 'usage_date': '2026-05-27', 'usage_quantity': 0, 'cost': 0.00172320866771042, 'currency': 'USD', 'environment': None, 'application': None, 'tags': None}, {'cloud': 'azure', 'account_name': 'azure-main', 'service_name': 'Storage', 'region': 'global', 'resource_id': None, 'usage_date': '2026-05-27', 'usage_quantity': 0, 'cost': 438.756005520674, 'currency': 'USD', 'environment': None, 'application': None, 'tags': None}, {'cloud': 'azure', 'account_name': 'azure-main', 'service_name': 'Virtual Machines', 'region': 'global', 'resource_id': None, 'usage_date': '2026-05-27', 'usage_quantity': 0, 'cost': 5501.10654454428, 'currency': 'USD', 'environment': None, 'application': None, 'tags': None}]
Traceback (most recent call last):
  File "C:\Users\SrikanthMudaliar\AI-Cloud-Advisor\azure_cost_sync.py", line 141, in <module>
    .execute()
     ^^^^^^^^^
  File "C:\Users\SrikanthMudaliar\AppData\Local\Programs\Python\Python312\Lib\site-packages\postgrest\_sync\request_builder.py", line 53, in execute
    raise APIError(dict(json_obj))
postgrest.exceptions.APIError: {'message': 'there is no unique or exclusion constraint matching the ON CONFLICT specification', 'code': '42P10', 'hint': None, 'details': None}
{
  "id": "subscriptions/49ce7e88-e929-4031-b5b2-c8b557e5da2d/providers/Microsoft.CostManagement/query/c7f6a825-e0ca-4658-a05c-f561c71475e1",
  "name": "c7f6a825-e0ca-4658-a05c-f561c71475e1",
  "type": "Microsoft.CostManagement/query",
  "columns": [
    {
      "name": "PreTaxCost",
      "type": "Number"
    },
    {
      "name": "ServiceName",
      "type": "String"
    },
    {
      "name": "Currency",
      "type": "String"
    }
  ],
  "rows": [
    [
      0.00174146783240139,
      "Bandwidth",
      "INR"
    ],
    [
      444.649285686146,
      "Storage",
      "INR"
    ],
    [
      5572.96359454428,
      "Virtual Machines",
      "INR"
    ],
    [
      293.788573203124,
      "Virtual Network",
      "INR"
    ]
  ]
}
Azure rows fetched: 4
Prepared Azure records:
[{'cloud': 'azure', 'account_name': 'azure-main', 'service_name': 'Bandwidth', 'region': 'global', 'resource_id': None, 'usage_date': '2026-05-27', 'usage_quantity': 0, 'cost': 0.00174146783240139, 'currency': 'USD', 'environment': None, 'application': None, 'tags': None}, {'cloud': 'azure', 'account_name': 'azure-main', 'service_name': 'Storage', 'region': 'global', 'resource_id': None, 'usage_date': '2026-05-27', 'usage_quantity': 0, 'cost': 444.649285686146, 'currency': 'USD', 'environment': None, 'application': None, 'tags': None}, {'cloud': 'azure', 'account_name': 'azure-main', 'service_name': 'Virtual Machines', 'region': 'global', 'resource_id': None, 'usage_date': '2026-05-27', 'usage_quantity': 0, 'cost': 5572.96359454428, 'currency': 'USD', 'environment': None, 'application': None, 'tags': None}]
Traceback (most recent call last):
  File "C:\Users\SrikanthMudaliar\AI-Cloud-Advisor\azure_cost_sync.py", line 141, in <module>
    .execute()
     ^^^^^^^^^
  File "C:\Users\SrikanthMudaliar\AppData\Local\Programs\Python\Python312\Lib\site-packages\postgrest\_sync\request_builder.py", line 53, in execute
    raise APIError(dict(json_obj))
postgrest.exceptions.APIError: {'message': 'there is no unique or exclusion constraint matching the ON CONFLICT specification', 'code': '42P10', 'hint': None, 'details': None}
{
  "id": "subscriptions/49ce7e88-e929-4031-b5b2-c8b557e5da2d/providers/Microsoft.CostManagement/query/a7b90bd4-3b4a-4222-a079-8abc9c77e8c6",
  "name": "a7b90bd4-3b4a-4222-a079-8abc9c77e8c6",
  "type": "Microsoft.CostManagement/query",
  "columns": [
    {
      "name": "PreTaxCost",
      "type": "Number"
    },
    {
      "name": "ServiceName",
      "type": "String"
    },
    {
      "name": "Currency",
      "type": "String"
    }
  ],
  "rows": [
    [
      0.00174146783240139,
      "Bandwidth",
      "INR"
    ],
    [
      444.649285686146,
      "Storage",
      "INR"
    ],
    [
      5572.96359454428,
      "Virtual Machines",
      "INR"
    ],
    [
      293.788573203124,
      "Virtual Network",
      "INR"
    ]
  ]
}
Azure rows fetched: 4
Prepared Azure records:
[{'cloud': 'azure', 'account_name': 'azure-main', 'service_name': 'Bandwidth', 'region': 'global', 'resource_id': None, 'usage_date': '2026-05-27', 'usage_quantity': 0, 'cost': 0.00174146783240139, 'currency': 'USD', 'environment': None, 'application': None, 'tags': None}, {'cloud': 'azure', 'account_name': 'azure-main', 'service_name': 'Storage', 'region': 'global', 'resource_id': None, 'usage_date': '2026-05-27', 'usage_quantity': 0, 'cost': 444.649285686146, 'currency': 'USD', 'environment': None, 'application': None, 'tags': None}, {'cloud': 'azure', 'account_name': 'azure-main', 'service_name': 'Virtual Machines', 'region': 'global', 'resource_id': None, 'usage_date': '2026-05-27', 'usage_quantity': 0, 'cost': 5572.96359454428, 'currency': 'USD', 'environment': None, 'application': None, 'tags': None}]
Traceback (most recent call last):
  File "C:\Users\SrikanthMudaliar\AI-Cloud-Advisor\azure_cost_sync.py", line 141, in <module>
    .execute()
     ^^^^^^^^^
  File "C:\Users\SrikanthMudaliar\AppData\Local\Programs\Python\Python312\Lib\site-packages\postgrest\_sync\request_builder.py", line 53, in execute
    raise APIError(dict(json_obj))
postgrest.exceptions.APIError: {'message': 'there is no unique or exclusion constraint matching the ON CONFLICT specification', 'code': '42P10', 'hint': None, 'details': None}
Traceback (most recent call last):
  File "C:\Users\SrikanthMudaliar\AI-Cloud-Advisor\azure_cost_sync.py", line 46, in <module>
    query_result = cost_client.query.usage(
                   ^^^^^^^^^^^^^^^^^^^^^^^^
  File "C:\Users\SrikanthMudaliar\AppData\Local\Programs\Python\Python312\Lib\site-packages\azure\core\tracing\decorator.py", line 119, in wrapper_use_tracer
    return func(*args, **kwargs)
           ^^^^^^^^^^^^^^^^^^^^^
  File "C:\Users\SrikanthMudaliar\AppData\Local\Programs\Python\Python312\Lib\site-packages\azure\mgmt\costmanagement\operations\_query_operations.py", line 278, in usage
    raise HttpResponseError(response=response, model=error, error_format=ARMErrorFormat)
azure.core.exceptions.HttpResponseError: (429) Too many requests. Please retry.
Code: 429
Message: Too many requests. Please retry.
{
  "id": "subscriptions/49ce7e88-e929-4031-b5b2-c8b557e5da2d/providers/Microsoft.CostManagement/query/76b72850-0b5c-402f-a11d-4801a22bae8a",
  "name": "76b72850-0b5c-402f-a11d-4801a22bae8a",
  "type": "Microsoft.CostManagement/query",
  "columns": [
    {
      "name": "PreTaxCost",
      "type": "Number"
    },
    {
      "name": "ServiceName",
      "type": "String"
    },
    {
      "name": "Currency",
      "type": "String"
    }
  ],
  "rows": [
    [
      0.00179091973677277,
      "Bandwidth",
      "INR"
    ],
    [
      460.316472236042,
      "Storage",
      "INR"
    ],
    [
      5752.60621954428,
      "Virtual Machines",
      "INR"
    ],
    [
      303.243448203124,
      "Virtual Network",
      "INR"
    ]
  ]
}
Azure rows fetched: 4
Prepared Azure records:
[{'cloud': 'azure', 'account_name': 'azure-main', 'service_name': 'Bandwidth', 'region': 'global', 'resource_id': None, 'usage_date': '2026-05-28', 'usage_quantity': 0, 'cost': 0.00179091973677277, 'currency': 'USD', 'environment': None, 'application': None, 'tags': None}, {'cloud': 'azure', 'account_name': 'azure-main', 'service_name': 'Storage', 'region': 'global', 'resource_id': None, 'usage_date': '2026-05-28', 'usage_quantity': 0, 'cost': 460.316472236042, 'currency': 'USD', 'environment': None, 'application': None, 'tags': None}, {'cloud': 'azure', 'account_name': 'azure-main', 'service_name': 'Virtual Machines', 'region': 'global', 'resource_id': None, 'usage_date': '2026-05-28', 'usage_quantity': 0, 'cost': 5752.60621954428, 'currency': 'USD', 'environment': None, 'application': None, 'tags': None}]
Traceback (most recent call last):
  File "C:\Users\SrikanthMudaliar\AI-Cloud-Advisor\azure_cost_sync.py", line 141, in <module>
    .execute()
     ^^^^^^^^^
  File "C:\Users\SrikanthMudaliar\AppData\Local\Programs\Python\Python312\Lib\site-packages\postgrest\_sync\request_builder.py", line 53, in execute
    raise APIError(dict(json_obj))
postgrest.exceptions.APIError: {'message': 'there is no unique or exclusion constraint matching the ON CONFLICT specification', 'code': '42P10', 'hint': None, 'details': None}
{
  "id": "subscriptions/49ce7e88-e929-4031-b5b2-c8b557e5da2d/providers/Microsoft.CostManagement/query/141aac5d-47c3-4dd4-ae5a-944323c6bcff",
  "name": "141aac5d-47c3-4dd4-ae5a-944323c6bcff",
  "type": "Microsoft.CostManagement/query",
  "columns": [
    {
      "name": "PreTaxCost",
      "type": "Number"
    },
    {
      "name": "ServiceName",
      "type": "String"
    },
    {
      "name": "Currency",
      "type": "String"
    }
  ],
  "rows": [
    [
      0.00179396293088793,
      "Bandwidth",
      "INR"
    ],
    [
      461.808585240794,
      "Storage",
      "INR"
    ],
    [
      5770.57048204428,
      "Virtual Machines",
      "INR"
    ],
    [
      304.188935703124,
      "Virtual Network",
      "INR"
    ]
  ]
}
Azure rows fetched: 4
Prepared Azure records:
[{'cloud': 'azure', 'account_name': 'azure-main', 'service_name': 'Bandwidth', 'region': 'global', 'resource_id': None, 'usage_date': '2026-05-28', 'usage_quantity': 0, 'cost': 0.00179396293088793, 'currency': 'USD', 'environment': None, 'application': None, 'tags': None}, {'cloud': 'azure', 'account_name': 'azure-main', 'service_name': 'Storage', 'region': 'global', 'resource_id': None, 'usage_date': '2026-05-28', 'usage_quantity': 0, 'cost': 461.808585240794, 'currency': 'USD', 'environment': None, 'application': None, 'tags': None}, {'cloud': 'azure', 'account_name': 'azure-main', 'service_name': 'Virtual Machines', 'region': 'global', 'resource_id': None, 'usage_date': '2026-05-28', 'usage_quantity': 0, 'cost': 5770.57048204428, 'currency': 'USD', 'environment': None, 'application': None, 'tags': None}]
Traceback (most recent call last):
  File "C:\Users\SrikanthMudaliar\AI-Cloud-Advisor\azure_cost_sync.py", line 141, in <module>
    .execute()
     ^^^^^^^^^
  File "C:\Users\SrikanthMudaliar\AppData\Local\Programs\Python\Python312\Lib\site-packages\postgrest\_sync\request_builder.py", line 53, in execute
    raise APIError(dict(json_obj))
postgrest.exceptions.APIError: {'message': 'there is no unique or exclusion constraint matching the ON CONFLICT specification', 'code': '42P10', 'hint': None, 'details': None}
Traceback (most recent call last):
  File "C:\Users\SrikanthMudaliar\AI-Cloud-Advisor\azure_cost_sync.py", line 46, in <module>
    query_result = cost_client.query.usage(
                   ^^^^^^^^^^^^^^^^^^^^^^^^
  File "C:\Users\SrikanthMudaliar\AppData\Local\Programs\Python\Python312\Lib\site-packages\azure\core\tracing\decorator.py", line 119, in wrapper_use_tracer
    return func(*args, **kwargs)
           ^^^^^^^^^^^^^^^^^^^^^
  File "C:\Users\SrikanthMudaliar\AppData\Local\Programs\Python\Python312\Lib\site-packages\azure\mgmt\costmanagement\operations\_query_operations.py", line 278, in usage
    raise HttpResponseError(response=response, model=error, error_format=ARMErrorFormat)
azure.core.exceptions.HttpResponseError: (429) Too many requests. Please retry.
Code: 429
Message: Too many requests. Please retry.
{
  "id": "subscriptions/49ce7e88-e929-4031-b5b2-c8b557e5da2d/providers/Microsoft.CostManagement/query/53585326-dc12-499f-9c40-3be6c65be27c",
  "name": "53585326-dc12-499f-9c40-3be6c65be27c",
  "type": "Microsoft.CostManagement/query",
  "columns": [
    {
      "name": "PreTaxCost",
      "type": "Number"
    },
    {
      "name": "ServiceName",
      "type": "String"
    },
    {
      "name": "Currency",
      "type": "String"
    }
  ],
  "rows": [
    [
      0.00180765730440616,
      "Bandwidth",
      "INR"
    ],
    [
      464.792811250298,
      "Storage",
      "INR"
    ],
    [
      5815.48113829428,
      "Virtual Machines",
      "INR"
    ],
    [
      306.079910703124,
      "Virtual Network",
      "INR"
    ]
  ]
}
Azure rows fetched: 4
Prepared Azure records:
[{'cloud': 'azure', 'account_name': 'azure-main', 'service_name': 'Bandwidth', 'region': 'global', 'resource_id': None, 'usage_date': '2026-05-28', 'usage_quantity': 0, 'cost': 0.00180765730440616, 'currency': 'USD', 'environment': None, 'application': None, 'tags': None}, {'cloud': 'azure', 'account_name': 'azure-main', 'service_name': 'Storage', 'region': 'global', 'resource_id': None, 'usage_date': '2026-05-28', 'usage_quantity': 0, 'cost': 464.792811250298, 'currency': 'USD', 'environment': None, 'application': None, 'tags': None}, {'cloud': 'azure', 'account_name': 'azure-main', 'service_name': 'Virtual Machines', 'region': 'global', 'resource_id': None, 'usage_date': '2026-05-28', 'usage_quantity': 0, 'cost': 5815.48113829428, 'currency': 'USD', 'environment': None, 'application': None, 'tags': None}]
Traceback (most recent call last):
  File "C:\Users\SrikanthMudaliar\AI-Cloud-Advisor\azure_cost_sync.py", line 141, in <module>
    .execute()
     ^^^^^^^^^
  File "C:\Users\SrikanthMudaliar\AppData\Local\Programs\Python\Python312\Lib\site-packages\postgrest\_sync\request_builder.py", line 53, in execute
    raise APIError(dict(json_obj))
postgrest.exceptions.APIError: {'message': 'there is no unique or exclusion constraint matching the ON CONFLICT specification', 'code': '42P10', 'hint': None, 'details': None}
{
  "id": "subscriptions/49ce7e88-e929-4031-b5b2-c8b557e5da2d/providers/Microsoft.CostManagement/query/33c02425-4583-4361-83f0-c2bc4214183a",
  "name": "33c02425-4583-4361-83f0-c2bc4214183a",
  "type": "Microsoft.CostManagement/query",
  "columns": [
    {
      "name": "PreTaxCost",
      "type": "Number"
    },
    {
      "name": "ServiceName",
      "type": "String"
    },
    {
      "name": "Currency",
      "type": "String"
    }
  ],
  "rows": [
    [
      0.00181146129705011,
      "Bandwidth",
      "INR"
    ],
    [
      466.28492425505,
      "Storage",
      "INR"
    ],
    [
      5824.46326954428,
      "Virtual Machines",
      "INR"
    ],
    [
      307.025398203124,
      "Virtual Network",
      "INR"
    ]
  ]
}
Azure rows fetched: 4
Prepared Azure records:
[{'cloud': 'azure', 'account_name': 'azure-main', 'service_name': 'Bandwidth', 'region': 'global', 'resource_id': None, 'usage_date': '2026-05-28', 'usage_quantity': 0, 'cost': 0.00181146129705011, 'currency': 'USD', 'environment': None, 'application': None, 'tags': None}, {'cloud': 'azure', 'account_name': 'azure-main', 'service_name': 'Storage', 'region': 'global', 'resource_id': None, 'usage_date': '2026-05-28', 'usage_quantity': 0, 'cost': 466.28492425505, 'currency': 'USD', 'environment': None, 'application': None, 'tags': None}, {'cloud': 'azure', 'account_name': 'azure-main', 'service_name': 'Virtual Machines', 'region': 'global', 'resource_id': None, 'usage_date': '2026-05-28', 'usage_quantity': 0, 'cost': 5824.46326954428, 'currency': 'USD', 'environment': None, 'application': None, 'tags': None}]
Traceback (most recent call last):
  File "C:\Users\SrikanthMudaliar\AI-Cloud-Advisor\azure_cost_sync.py", line 141, in <module>
    .execute()
     ^^^^^^^^^
  File "C:\Users\SrikanthMudaliar\AppData\Local\Programs\Python\Python312\Lib\site-packages\postgrest\_sync\request_builder.py", line 53, in execute
    raise APIError(dict(json_obj))
postgrest.exceptions.APIError: {'message': 'there is no unique or exclusion constraint matching the ON CONFLICT specification', 'code': '42P10', 'hint': None, 'details': None}
{
  "id": "subscriptions/49ce7e88-e929-4031-b5b2-c8b557e5da2d/providers/Microsoft.CostManagement/query/be2214d5-7ae9-40a4-b6b6-f10717ddbdea",
  "name": "be2214d5-7ae9-40a4-b6b6-f10717ddbdea",
  "type": "Microsoft.CostManagement/query",
  "columns": [
    {
      "name": "PreTaxCost",
      "type": "Number"
    },
    {
      "name": "ServiceName",
      "type": "String"
    },
    {
      "name": "Currency",
      "type": "String"
    }
  ],
  "rows": [
    [
      0.00181146129705011,
      "Bandwidth",
      "INR"
    ],
    [
      466.28492425505,
      "Storage",
      "INR"
    ],
    [
      5824.46326954428,
      "Virtual Machines",
      "INR"
    ],
    [
      307.025398203124,
      "Virtual Network",
      "INR"
    ]
  ]
}
Azure rows fetched: 4
Prepared Azure records:
[{'cloud': 'azure', 'account_name': 'azure-main', 'service_name': 'Bandwidth', 'region': 'global', 'resource_id': None, 'usage_date': '2026-05-28', 'usage_quantity': 0, 'cost': 0.00181146129705011, 'currency': 'USD', 'environment': None, 'application': None, 'tags': None}, {'cloud': 'azure', 'account_name': 'azure-main', 'service_name': 'Storage', 'region': 'global', 'resource_id': None, 'usage_date': '2026-05-28', 'usage_quantity': 0, 'cost': 466.28492425505, 'currency': 'USD', 'environment': None, 'application': None, 'tags': None}, {'cloud': 'azure', 'account_name': 'azure-main', 'service_name': 'Virtual Machines', 'region': 'global', 'resource_id': None, 'usage_date': '2026-05-28', 'usage_quantity': 0, 'cost': 5824.46326954428, 'currency': 'USD', 'environment': None, 'application': None, 'tags': None}]
Traceback (most recent call last):
  File "C:\Users\SrikanthMudaliar\AI-Cloud-Advisor\azure_cost_sync.py", line 141, in <module>
    .execute()
     ^^^^^^^^^
  File "C:\Users\SrikanthMudaliar\AppData\Local\Programs\Python\Python312\Lib\site-packages\postgrest\_sync\request_builder.py", line 53, in execute
    raise APIError(dict(json_obj))
postgrest.exceptions.APIError: {'message': 'there is no unique or exclusion constraint matching the ON CONFLICT specification', 'code': '42P10', 'hint': None, 'details': None}
{
  "id": "subscriptions/49ce7e88-e929-4031-b5b2-c8b557e5da2d/providers/Microsoft.CostManagement/query/f4dd3d08-e844-4be5-bf12-e98d802a987d",
  "name": "f4dd3d08-e844-4be5-bf12-e98d802a987d",
  "type": "Microsoft.CostManagement/query",
  "columns": [
    {
      "name": "PreTaxCost",
      "type": "Number"
    },
    {
      "name": "ServiceName",
      "type": "String"
    },
    {
      "name": "Currency",
      "type": "String"
    }
  ],
  "rows": [
    [
      0.00181146129705011,
      "Bandwidth",
      "INR"
    ],
    [
      466.28492425505,
      "Storage",
      "INR"
    ],
    [
      5824.46326954428,
      "Virtual Machines",
      "INR"
    ],
    [
      307.025398203124,
      "Virtual Network",
      "INR"
    ]
  ]
}
Azure rows fetched: 4
Prepared Azure records:
[{'cloud': 'azure', 'account_name': 'azure-main', 'service_name': 'Bandwidth', 'region': 'global', 'resource_id': None, 'usage_date': '2026-05-28', 'usage_quantity': 0, 'cost': 0.00181146129705011, 'currency': 'USD', 'environment': None, 'application': None, 'tags': None}, {'cloud': 'azure', 'account_name': 'azure-main', 'service_name': 'Storage', 'region': 'global', 'resource_id': None, 'usage_date': '2026-05-28', 'usage_quantity': 0, 'cost': 466.28492425505, 'currency': 'USD', 'environment': None, 'application': None, 'tags': None}, {'cloud': 'azure', 'account_name': 'azure-main', 'service_name': 'Virtual Machines', 'region': 'global', 'resource_id': None, 'usage_date': '2026-05-28', 'usage_quantity': 0, 'cost': 5824.46326954428, 'currency': 'USD', 'environment': None, 'application': None, 'tags': None}]
Traceback (most recent call last):
  File "C:\Users\SrikanthMudaliar\AI-Cloud-Advisor\azure_cost_sync.py", line 141, in <module>
    .execute()
     ^^^^^^^^^
  File "C:\Users\SrikanthMudaliar\AppData\Local\Programs\Python\Python312\Lib\site-packages\postgrest\_sync\request_builder.py", line 53, in execute
    raise APIError(dict(json_obj))
postgrest.exceptions.APIError: {'message': 'there is no unique or exclusion constraint matching the ON CONFLICT specification', 'code': '42P10', 'hint': None, 'details': None}
{
  "id": "subscriptions/49ce7e88-e929-4031-b5b2-c8b557e5da2d/providers/Microsoft.CostManagement/query/1a696598-e2ff-43f3-9d99-f48edb1c3d34",
  "name": "1a696598-e2ff-43f3-9d99-f48edb1c3d34",
  "type": "Microsoft.CostManagement/query",
  "columns": [
    {
      "name": "PreTaxCost",
      "type": "Number"
    },
    {
      "name": "ServiceName",
      "type": "String"
    },
    {
      "name": "Currency",
      "type": "String"
    }
  ],
  "rows": [
    [
      0.00184874042496084,
      "Bandwidth",
      "INR"
    ],
    [
      476.654543434778,
      "Storage",
      "INR"
    ],
    [
      5950.21310704428,
      "Virtual Machines",
      "INR"
    ],
    [
      313.643810703124,
      "Virtual Network",
      "INR"
    ]
  ]
}
Azure rows fetched: 4
Prepared Azure records:
[{'cloud': 'azure', 'account_name': 'azure-main', 'service_name': 'Bandwidth', 'region': 'global', 'resource_id': None, 'usage_date': '2026-05-29', 'usage_quantity': 0, 'cost': 0.00184874042496084, 'currency': 'USD', 'environment': None, 'application': None, 'tags': None}, {'cloud': 'azure', 'account_name': 'azure-main', 'service_name': 'Storage', 'region': 'global', 'resource_id': None, 'usage_date': '2026-05-29', 'usage_quantity': 0, 'cost': 476.654543434778, 'currency': 'USD', 'environment': None, 'application': None, 'tags': None}, {'cloud': 'azure', 'account_name': 'azure-main', 'service_name': 'Virtual Machines', 'region': 'global', 'resource_id': None, 'usage_date': '2026-05-29', 'usage_quantity': 0, 'cost': 5950.21310704428, 'currency': 'USD', 'environment': None, 'application': None, 'tags': None}]
Traceback (most recent call last):
  File "C:\Users\SrikanthMudaliar\AI-Cloud-Advisor\azure_cost_sync.py", line 141, in <module>
    .execute()
     ^^^^^^^^^
  File "C:\Users\SrikanthMudaliar\AppData\Local\Programs\Python\Python312\Lib\site-packages\postgrest\_sync\request_builder.py", line 53, in execute
    raise APIError(dict(json_obj))
postgrest.exceptions.APIError: {'message': 'there is no unique or exclusion constraint matching the ON CONFLICT specification', 'code': '42P10', 'hint': None, 'details': None}
{
  "id": "subscriptions/49ce7e88-e929-4031-b5b2-c8b557e5da2d/providers/Microsoft.CostManagement/query/adb392ad-2049-4bee-b419-f6b5e8c02fc7",
  "name": "adb392ad-2049-4bee-b419-f6b5e8c02fc7",
  "type": "Microsoft.CostManagement/query",
  "columns": [
    {
      "name": "PreTaxCost",
      "type": "Number"
    },
    {
      "name": "ServiceName",
      "type": "String"
    },
    {
      "name": "Currency",
      "type": "String"
    }
  ],
  "rows": [
    [
      0.00184874042496084,
      "Bandwidth",
      "INR"
    ],
    [
      476.654543434778,
      "Storage",
      "INR"
    ],
    [
      5950.21310704428,
      "Virtual Machines",
      "INR"
    ],
    [
      313.643810703124,
      "Virtual Network",
      "INR"
    ]
  ]
}
Azure rows fetched: 4
Prepared Azure records:
[{'cloud': 'azure', 'account_name': 'azure-main', 'service_name': 'Bandwidth', 'region': 'global', 'resource_id': None, 'usage_date': '2026-05-29', 'usage_quantity': 0, 'cost': 0.00184874042496084, 'currency': 'USD', 'environment': None, 'application': None, 'tags': None}, {'cloud': 'azure', 'account_name': 'azure-main', 'service_name': 'Storage', 'region': 'global', 'resource_id': None, 'usage_date': '2026-05-29', 'usage_quantity': 0, 'cost': 476.654543434778, 'currency': 'USD', 'environment': None, 'application': None, 'tags': None}, {'cloud': 'azure', 'account_name': 'azure-main', 'service_name': 'Virtual Machines', 'region': 'global', 'resource_id': None, 'usage_date': '2026-05-29', 'usage_quantity': 0, 'cost': 5950.21310704428, 'currency': 'USD', 'environment': None, 'application': None, 'tags': None}]
Traceback (most recent call last):
  File "C:\Users\SrikanthMudaliar\AI-Cloud-Advisor\azure_cost_sync.py", line 141, in <module>
    .execute()
     ^^^^^^^^^
  File "C:\Users\SrikanthMudaliar\AppData\Local\Programs\Python\Python312\Lib\site-packages\postgrest\_sync\request_builder.py", line 53, in execute
    raise APIError(dict(json_obj))
postgrest.exceptions.APIError: {'message': 'there is no unique or exclusion constraint matching the ON CONFLICT specification', 'code': '42P10', 'hint': None, 'details': None}
{
  "id": "subscriptions/49ce7e88-e929-4031-b5b2-c8b557e5da2d/providers/Microsoft.CostManagement/query/6ad77d29-79e9-4ae1-8cca-4f1b795f4964",
  "name": "6ad77d29-79e9-4ae1-8cca-4f1b795f4964",
  "type": "Microsoft.CostManagement/query",
  "columns": [
    {
      "name": "PreTaxCost",
      "type": "Number"
    },
    {
      "name": "ServiceName",
      "type": "String"
    },
    {
      "name": "Currency",
      "type": "String"
    }
  ],
  "rows": [
    [
      0.00185406601466238,
      "Bandwidth",
      "INR"
    ],
    [
      477.47577179069,
      "Storage",
      "INR"
    ],
    [
      5968.17736954428,
      "Virtual Machines",
      "INR"
    ],
    [
      314.589298203124,
      "Virtual Network",
      "INR"
    ]
  ]
}
Azure rows fetched: 4
Prepared Azure records:
[{'cloud': 'azure', 'account_name': 'azure-main', 'service_name': 'Bandwidth', 'region': 'global', 'resource_id': None, 'usage_date': '2026-05-29', 'usage_quantity': 0, 'cost': 0.00185406601466238, 'currency': 'USD', 'environment': None, 'application': None, 'tags': None}, {'cloud': 'azure', 'account_name': 'azure-main', 'service_name': 'Storage', 'region': 'global', 'resource_id': None, 'usage_date': '2026-05-29', 'usage_quantity': 0, 'cost': 477.47577179069, 'currency': 'USD', 'environment': None, 'application': None, 'tags': None}, {'cloud': 'azure', 'account_name': 'azure-main', 'service_name': 'Virtual Machines', 'region': 'global', 'resource_id': None, 'usage_date': '2026-05-29', 'usage_quantity': 0, 'cost': 5968.17736954428, 'currency': 'USD', 'environment': None, 'application': None, 'tags': None}]
Traceback (most recent call last):
  File "C:\Users\SrikanthMudaliar\AI-Cloud-Advisor\azure_cost_sync.py", line 141, in <module>
    .execute()
     ^^^^^^^^^
  File "C:\Users\SrikanthMudaliar\AppData\Local\Programs\Python\Python312\Lib\site-packages\postgrest\_sync\request_builder.py", line 53, in execute
    raise APIError(dict(json_obj))
postgrest.exceptions.APIError: {'message': 'there is no unique or exclusion constraint matching the ON CONFLICT specification', 'code': '42P10', 'hint': None, 'details': None}
{
  "id": "subscriptions/49ce7e88-e929-4031-b5b2-c8b557e5da2d/providers/Microsoft.CostManagement/query/1a6c12b5-85c8-4beb-82ac-1f0f93402e9d",
  "name": "1a6c12b5-85c8-4beb-82ac-1f0f93402e9d",
  "type": "Microsoft.CostManagement/query",
  "columns": [
    {
      "name": "PreTaxCost",
      "type": "Number"
    },
    {
      "name": "ServiceName",
      "type": "String"
    },
    {
      "name": "Currency",
      "type": "String"
    }
  ],
  "rows": [
    [
      0.00185406601466238,
      "Bandwidth",
      "INR"
    ],
    [
      477.47577179069,
      "Storage",
      "INR"
    ],
    [
      5968.17736954428,
      "Virtual Machines",
      "INR"
    ],
    [
      314.589298203124,
      "Virtual Network",
      "INR"
    ]
  ]
}
Azure rows fetched: 4
Prepared Azure records:
[{'cloud': 'azure', 'account_name': 'azure-main', 'service_name': 'Bandwidth', 'region': 'global', 'resource_id': None, 'usage_date': '2026-05-29', 'usage_quantity': 0, 'cost': 0.00185406601466238, 'currency': 'USD', 'environment': None, 'application': None, 'tags': None}, {'cloud': 'azure', 'account_name': 'azure-main', 'service_name': 'Storage', 'region': 'global', 'resource_id': None, 'usage_date': '2026-05-29', 'usage_quantity': 0, 'cost': 477.47577179069, 'currency': 'USD', 'environment': None, 'application': None, 'tags': None}, {'cloud': 'azure', 'account_name': 'azure-main', 'service_name': 'Virtual Machines', 'region': 'global', 'resource_id': None, 'usage_date': '2026-05-29', 'usage_quantity': 0, 'cost': 5968.17736954428, 'currency': 'USD', 'environment': None, 'application': None, 'tags': None}]
Traceback (most recent call last):
  File "C:\Users\SrikanthMudaliar\AI-Cloud-Advisor\azure_cost_sync.py", line 141, in <module>
    .execute()
     ^^^^^^^^^
  File "C:\Users\SrikanthMudaliar\AppData\Local\Programs\Python\Python312\Lib\site-packages\postgrest\_sync\request_builder.py", line 53, in execute
    raise APIError(dict(json_obj))
postgrest.exceptions.APIError: {'message': 'there is no unique or exclusion constraint matching the ON CONFLICT specification', 'code': '42P10', 'hint': None, 'details': None}
{
  "id": "subscriptions/49ce7e88-e929-4031-b5b2-c8b557e5da2d/providers/Microsoft.CostManagement/query/83c1f6b8-ca4a-42cf-bc4b-a28858ab86c4",
  "name": "83c1f6b8-ca4a-42cf-bc4b-a28858ab86c4",
  "type": "Microsoft.CostManagement/query",
  "columns": [
    {
      "name": "PreTaxCost",
      "type": "Number"
    },
    {
      "name": "ServiceName",
      "type": "String"
    },
    {
      "name": "Currency",
      "type": "String"
    }
  ],
  "rows": [
    [
      0.00185406601466238,
      "Bandwidth",
      "INR"
    ],
    [
      477.47577179069,
      "Storage",
      "INR"
    ],
    [
      5968.17736954428,
      "Virtual Machines",
      "INR"
    ],
    [
      314.589298203124,
      "Virtual Network",
      "INR"
    ]
  ]
}
Azure rows fetched: 4
Prepared Azure records:
[{'cloud': 'azure', 'account_name': 'azure-main', 'service_name': 'Bandwidth', 'region': 'global', 'resource_id': None, 'usage_date': '2026-05-29', 'usage_quantity': 0, 'cost': 0.00185406601466238, 'currency': 'USD', 'environment': None, 'application': None, 'tags': None}, {'cloud': 'azure', 'account_name': 'azure-main', 'service_name': 'Storage', 'region': 'global', 'resource_id': None, 'usage_date': '2026-05-29', 'usage_quantity': 0, 'cost': 477.47577179069, 'currency': 'USD', 'environment': None, 'application': None, 'tags': None}, {'cloud': 'azure', 'account_name': 'azure-main', 'service_name': 'Virtual Machines', 'region': 'global', 'resource_id': None, 'usage_date': '2026-05-29', 'usage_quantity': 0, 'cost': 5968.17736954428, 'currency': 'USD', 'environment': None, 'application': None, 'tags': None}]
Traceback (most recent call last):
  File "C:\Users\SrikanthMudaliar\AI-Cloud-Advisor\azure_cost_sync.py", line 141, in <module>
    .execute()
     ^^^^^^^^^
  File "C:\Users\SrikanthMudaliar\AppData\Local\Programs\Python\Python312\Lib\site-packages\postgrest\_sync\request_builder.py", line 53, in execute
    raise APIError(dict(json_obj))
postgrest.exceptions.APIError: {'message': 'there is no unique or exclusion constraint matching the ON CONFLICT specification', 'code': '42P10', 'hint': None, 'details': None}
Traceback (most recent call last):
  File "C:\Users\SrikanthMudaliar\AI-Cloud-Advisor\azure_cost_sync.py", line 46, in <module>
    query_result = cost_client.query.usage(
                   ^^^^^^^^^^^^^^^^^^^^^^^^
  File "C:\Users\SrikanthMudaliar\AppData\Local\Programs\Python\Python312\Lib\site-packages\azure\core\tracing\decorator.py", line 119, in wrapper_use_tracer
    return func(*args, **kwargs)
           ^^^^^^^^^^^^^^^^^^^^^
  File "C:\Users\SrikanthMudaliar\AppData\Local\Programs\Python\Python312\Lib\site-packages\azure\mgmt\costmanagement\operations\_query_operations.py", line 278, in usage
    raise HttpResponseError(response=response, model=error, error_format=ARMErrorFormat)
azure.core.exceptions.HttpResponseError: (429) Too many requests. Please retry.
Code: 429
Message: Too many requests. Please retry.
{
  "id": "subscriptions/49ce7e88-e929-4031-b5b2-c8b557e5da2d/providers/Microsoft.CostManagement/query/338abd5b-59ea-4a16-a848-3f1958ec6698",
  "name": "338abd5b-59ea-4a16-a848-3f1958ec6698",
  "type": "Microsoft.CostManagement/query",
  "columns": [
    {
      "name": "PreTaxCost",
      "type": "Number"
    },
    {
      "name": "ServiceName",
      "type": "String"
    },
    {
      "name": "Currency",
      "type": "String"
    }
  ],
  "rows": [
    [
      0.00185977200362831,
      "Bandwidth",
      "INR"
    ],
    [
      479.713941297818,
      "Storage",
      "INR"
    ],
    [
      5986.14163204428,
      "Virtual Machines",
      "INR"
    ],
    [
      315.534785703124,
      "Virtual Network",
      "INR"
    ]
  ]
}
Azure rows fetched: 4
Prepared Azure records:
[{'cloud': 'azure', 'account_name': 'azure-main', 'service_name': 'Bandwidth', 'region': 'global', 'resource_id': None, 'usage_date': '2026-05-29', 'usage_quantity': 0, 'cost': 0.00185977200362831, 'currency': 'USD', 'environment': None, 'application': None, 'tags': None}, {'cloud': 'azure', 'account_name': 'azure-main', 'service_name': 'Storage', 'region': 'global', 'resource_id': None, 'usage_date': '2026-05-29', 'usage_quantity': 0, 'cost': 479.713941297818, 'currency': 'USD', 'environment': None, 'application': None, 'tags': None}, {'cloud': 'azure', 'account_name': 'azure-main', 'service_name': 'Virtual Machines', 'region': 'global', 'resource_id': None, 'usage_date': '2026-05-29', 'usage_quantity': 0, 'cost': 5986.14163204428, 'currency': 'USD', 'environment': None, 'application': None, 'tags': None}]
Traceback (most recent call last):
  File "C:\Users\SrikanthMudaliar\AI-Cloud-Advisor\azure_cost_sync.py", line 141, in <module>
    .execute()
     ^^^^^^^^^
  File "C:\Users\SrikanthMudaliar\AppData\Local\Programs\Python\Python312\Lib\site-packages\postgrest\_sync\request_builder.py", line 53, in execute
    raise APIError(dict(json_obj))
postgrest.exceptions.APIError: {'message': 'there is no unique or exclusion constraint matching the ON CONFLICT specification', 'code': '42P10', 'hint': None, 'details': None}
{
  "id": "subscriptions/49ce7e88-e929-4031-b5b2-c8b557e5da2d/providers/Microsoft.CostManagement/query/d30b6400-da44-4a30-ae10-d75b8cc51423",
  "name": "d30b6400-da44-4a30-ae10-d75b8cc51423",
  "type": "Microsoft.CostManagement/query",
  "columns": [
    {
      "name": "PreTaxCost",
      "type": "Number"
    },
    {
      "name": "ServiceName",
      "type": "String"
    },
    {
      "name": "Currency",
      "type": "String"
    }
  ],
  "rows": [
    [
      0.00185977200362831,
      "Bandwidth",
      "INR"
    ],
    [
      479.713941297818,
      "Storage",
      "INR"
    ],
    [
      5986.14163204428,
      "Virtual Machines",
      "INR"
    ],
    [
      315.534785703124,
      "Virtual Network",
      "INR"
    ]
  ]
}
Azure rows fetched: 4
Prepared Azure records:
[{'cloud': 'azure', 'account_name': 'azure-main', 'service_name': 'Bandwidth', 'region': 'global', 'resource_id': None, 'usage_date': '2026-05-29', 'usage_quantity': 0, 'cost': 0.00185977200362831, 'currency': 'USD', 'environment': None, 'application': None, 'tags': None}, {'cloud': 'azure', 'account_name': 'azure-main', 'service_name': 'Storage', 'region': 'global', 'resource_id': None, 'usage_date': '2026-05-29', 'usage_quantity': 0, 'cost': 479.713941297818, 'currency': 'USD', 'environment': None, 'application': None, 'tags': None}, {'cloud': 'azure', 'account_name': 'azure-main', 'service_name': 'Virtual Machines', 'region': 'global', 'resource_id': None, 'usage_date': '2026-05-29', 'usage_quantity': 0, 'cost': 5986.14163204428, 'currency': 'USD', 'environment': None, 'application': None, 'tags': None}]
Traceback (most recent call last):
  File "C:\Users\SrikanthMudaliar\AI-Cloud-Advisor\azure_cost_sync.py", line 141, in <module>
    .execute()
     ^^^^^^^^^
  File "C:\Users\SrikanthMudaliar\AppData\Local\Programs\Python\Python312\Lib\site-packages\postgrest\_sync\request_builder.py", line 53, in execute
    raise APIError(dict(json_obj))
postgrest.exceptions.APIError: {'message': 'there is no unique or exclusion constraint matching the ON CONFLICT specification', 'code': '42P10', 'hint': None, 'details': None}
{
  "id": "subscriptions/49ce7e88-e929-4031-b5b2-c8b557e5da2d/providers/Microsoft.CostManagement/query/2e29d5ca-bd81-421d-81d5-befc52c9c666",
  "name": "2e29d5ca-bd81-421d-81d5-befc52c9c666",
  "type": "Microsoft.CostManagement/query",
  "columns": [
    {
      "name": "PreTaxCost",
      "type": "Number"
    },
    {
      "name": "ServiceName",
      "type": "String"
    },
    {
      "name": "Currency",
      "type": "String"
    }
  ],
  "rows": [
    [
      0.00185977200362831,
      "Bandwidth",
      "INR"
    ],
    [
      479.713941297818,
      "Storage",
      "INR"
    ],
    [
      5986.14163204428,
      "Virtual Machines",
      "INR"
    ],
    [
      315.534785703124,
      "Virtual Network",
      "INR"
    ]
  ]
}
Azure rows fetched: 4
Prepared Azure records:
[{'cloud': 'azure', 'account_name': 'azure-main', 'service_name': 'Bandwidth', 'region': 'global', 'resource_id': None, 'usage_date': '2026-05-29', 'usage_quantity': 0, 'cost': 0.00185977200362831, 'currency': 'USD', 'environment': None, 'application': None, 'tags': None}, {'cloud': 'azure', 'account_name': 'azure-main', 'service_name': 'Storage', 'region': 'global', 'resource_id': None, 'usage_date': '2026-05-29', 'usage_quantity': 0, 'cost': 479.713941297818, 'currency': 'USD', 'environment': None, 'application': None, 'tags': None}, {'cloud': 'azure', 'account_name': 'azure-main', 'service_name': 'Virtual Machines', 'region': 'global', 'resource_id': None, 'usage_date': '2026-05-29', 'usage_quantity': 0, 'cost': 5986.14163204428, 'currency': 'USD', 'environment': None, 'application': None, 'tags': None}]
Traceback (most recent call last):
  File "C:\Users\SrikanthMudaliar\AI-Cloud-Advisor\azure_cost_sync.py", line 141, in <module>
    .execute()
     ^^^^^^^^^
  File "C:\Users\SrikanthMudaliar\AppData\Local\Programs\Python\Python312\Lib\site-packages\postgrest\_sync\request_builder.py", line 53, in execute
    raise APIError(dict(json_obj))
postgrest.exceptions.APIError: {'message': 'there is no unique or exclusion constraint matching the ON CONFLICT specification', 'code': '42P10', 'hint': None, 'details': None}
{
  "id": "subscriptions/49ce7e88-e929-4031-b5b2-c8b557e5da2d/providers/Microsoft.CostManagement/query/731d7720-9545-4646-bb76-6f92e1ca7f4c",
  "name": "731d7720-9545-4646-bb76-6f92e1ca7f4c",
  "type": "Microsoft.CostManagement/query",
  "columns": [
    {
      "name": "PreTaxCost",
      "type": "Number"
    },
    {
      "name": "ServiceName",
      "type": "String"
    },
    {
      "name": "Currency",
      "type": "String"
    }
  ],
  "rows": [
    [
      0.00185977200362831,
      "Bandwidth",
      "INR"
    ],
    [
      479.713941297818,
      "Storage",
      "INR"
    ],
    [
      5986.14163204428,
      "Virtual Machines",
      "INR"
    ],
    [
      315.534785703124,
      "Virtual Network",
      "INR"
    ]
  ]
}
Azure rows fetched: 4
Prepared Azure records:
[{'cloud': 'azure', 'account_name': 'azure-main', 'service_name': 'Bandwidth', 'region': 'global', 'resource_id': None, 'usage_date': '2026-05-29', 'usage_quantity': 0, 'cost': 0.00185977200362831, 'currency': 'USD', 'environment': None, 'application': None, 'tags': None}, {'cloud': 'azure', 'account_name': 'azure-main', 'service_name': 'Storage', 'region': 'global', 'resource_id': None, 'usage_date': '2026-05-29', 'usage_quantity': 0, 'cost': 479.713941297818, 'currency': 'USD', 'environment': None, 'application': None, 'tags': None}, {'cloud': 'azure', 'account_name': 'azure-main', 'service_name': 'Virtual Machines', 'region': 'global', 'resource_id': None, 'usage_date': '2026-05-29', 'usage_quantity': 0, 'cost': 5986.14163204428, 'currency': 'USD', 'environment': None, 'application': None, 'tags': None}]
Traceback (most recent call last):
  File "C:\Users\SrikanthMudaliar\AI-Cloud-Advisor\azure_cost_sync.py", line 141, in <module>
    .execute()
     ^^^^^^^^^
  File "C:\Users\SrikanthMudaliar\AppData\Local\Programs\Python\Python312\Lib\site-packages\postgrest\_sync\request_builder.py", line 53, in execute
    raise APIError(dict(json_obj))
postgrest.exceptions.APIError: {'message': 'there is no unique or exclusion constraint matching the ON CONFLICT specification', 'code': '42P10', 'hint': None, 'details': None}
{
  "id": "subscriptions/49ce7e88-e929-4031-b5b2-c8b557e5da2d/providers/Microsoft.CostManagement/query/caedbe61-0f82-4ba7-afd5-cf0986e26db1",
  "name": "caedbe61-0f82-4ba7-afd5-cf0986e26db1",
  "type": "Microsoft.CostManagement/query",
  "columns": [
    {
      "name": "PreTaxCost",
      "type": "Number"
    },
    {
      "name": "ServiceName",
      "type": "String"
    },
    {
      "name": "Currency",
      "type": "String"
    }
  ],
  "rows": [
    [
      0.00185977200362831,
      "Bandwidth",
      "INR"
    ],
    [
      479.713941297818,
      "Storage",
      "INR"
    ],
    [
      5986.14163204428,
      "Virtual Machines",
      "INR"
    ],
    [
      315.534785703124,
      "Virtual Network",
      "INR"
    ]
  ]
}
Azure rows fetched: 4
Prepared Azure records:
[{'cloud': 'azure', 'account_name': 'azure-main', 'service_name': 'Bandwidth', 'region': 'global', 'resource_id': None, 'usage_date': '2026-05-29', 'usage_quantity': 0, 'cost': 0.00185977200362831, 'currency': 'USD', 'environment': None, 'application': None, 'tags': None}, {'cloud': 'azure', 'account_name': 'azure-main', 'service_name': 'Storage', 'region': 'global', 'resource_id': None, 'usage_date': '2026-05-29', 'usage_quantity': 0, 'cost': 479.713941297818, 'currency': 'USD', 'environment': None, 'application': None, 'tags': None}, {'cloud': 'azure', 'account_name': 'azure-main', 'service_name': 'Virtual Machines', 'region': 'global', 'resource_id': None, 'usage_date': '2026-05-29', 'usage_quantity': 0, 'cost': 5986.14163204428, 'currency': 'USD', 'environment': None, 'application': None, 'tags': None}]
Traceback (most recent call last):
  File "C:\Users\SrikanthMudaliar\AI-Cloud-Advisor\azure_cost_sync.py", line 141, in <module>
    .execute()
     ^^^^^^^^^
  File "C:\Users\SrikanthMudaliar\AppData\Local\Programs\Python\Python312\Lib\site-packages\postgrest\_sync\request_builder.py", line 53, in execute
    raise APIError(dict(json_obj))
postgrest.exceptions.APIError: {'message': 'there is no unique or exclusion constraint matching the ON CONFLICT specification', 'code': '42P10', 'hint': None, 'details': None}
{
  "id": "subscriptions/49ce7e88-e929-4031-b5b2-c8b557e5da2d/providers/Microsoft.CostManagement/query/9bf26cf9-3391-42ed-a481-668e3e8c5b11",
  "name": "9bf26cf9-3391-42ed-a481-668e3e8c5b11",
  "type": "Microsoft.CostManagement/query",
  "columns": [
    {
      "name": "PreTaxCost",
      "type": "Number"
    },
    {
      "name": "ServiceName",
      "type": "String"
    },
    {
      "name": "Currency",
      "type": "String"
    }
  ],
  "rows": [
    [
      0.00186319559700786,
      "Bandwidth",
      "INR"
    ],
    [
      481.20605430257,
      "Storage",
      "INR"
    ],
    [
      6004.10589454428,
      "Virtual Machines",
      "INR"
    ],
    [
      316.480273203124,
      "Virtual Network",
      "INR"
    ]
  ]
}
Azure rows fetched: 4
Prepared Azure records:
[{'cloud': 'azure', 'account_name': 'azure-main', 'service_name': 'Bandwidth', 'region': 'global', 'resource_id': None, 'usage_date': '2026-05-29', 'usage_quantity': 0, 'cost': 0.00186319559700786, 'currency': 'USD', 'environment': None, 'application': None, 'tags': None}, {'cloud': 'azure', 'account_name': 'azure-main', 'service_name': 'Storage', 'region': 'global', 'resource_id': None, 'usage_date': '2026-05-29', 'usage_quantity': 0, 'cost': 481.20605430257, 'currency': 'USD', 'environment': None, 'application': None, 'tags': None}, {'cloud': 'azure', 'account_name': 'azure-main', 'service_name': 'Virtual Machines', 'region': 'global', 'resource_id': None, 'usage_date': '2026-05-29', 'usage_quantity': 0, 'cost': 6004.10589454428, 'currency': 'USD', 'environment': None, 'application': None, 'tags': None}]
Traceback (most recent call last):
  File "C:\Users\SrikanthMudaliar\AI-Cloud-Advisor\azure_cost_sync.py", line 141, in <module>
    .execute()
     ^^^^^^^^^
  File "C:\Users\SrikanthMudaliar\AppData\Local\Programs\Python\Python312\Lib\site-packages\postgrest\_sync\request_builder.py", line 53, in execute
    raise APIError(dict(json_obj))
postgrest.exceptions.APIError: {'message': 'there is no unique or exclusion constraint matching the ON CONFLICT specification', 'code': '42P10', 'hint': None, 'details': None}
{
  "id": "subscriptions/49ce7e88-e929-4031-b5b2-c8b557e5da2d/providers/Microsoft.CostManagement/query/edeb8b5f-ef16-453a-b085-fdf446405c76",
  "name": "edeb8b5f-ef16-453a-b085-fdf446405c76",
  "type": "Microsoft.CostManagement/query",
  "columns": [
    {
      "name": "PreTaxCost",
      "type": "Number"
    },
    {
      "name": "ServiceName",
      "type": "String"
    },
    {
      "name": "Currency",
      "type": "String"
    }
  ],
  "rows": [
    [
      0.00186319559700786,
      "Bandwidth",
      "INR"
    ],
    [
      481.20605430257,
      "Storage",
      "INR"
    ],
    [
      6004.10589454428,
      "Virtual Machines",
      "INR"
    ],
    [
      316.480273203124,
      "Virtual Network",
      "INR"
    ]
  ]
}
Azure rows fetched: 4
Prepared Azure records:
[{'cloud': 'azure', 'account_name': 'azure-main', 'service_name': 'Bandwidth', 'region': 'global', 'resource_id': None, 'usage_date': '2026-05-29', 'usage_quantity': 0, 'cost': 0.00186319559700786, 'currency': 'USD', 'environment': None, 'application': None, 'tags': None}, {'cloud': 'azure', 'account_name': 'azure-main', 'service_name': 'Storage', 'region': 'global', 'resource_id': None, 'usage_date': '2026-05-29', 'usage_quantity': 0, 'cost': 481.20605430257, 'currency': 'USD', 'environment': None, 'application': None, 'tags': None}, {'cloud': 'azure', 'account_name': 'azure-main', 'service_name': 'Virtual Machines', 'region': 'global', 'resource_id': None, 'usage_date': '2026-05-29', 'usage_quantity': 0, 'cost': 6004.10589454428, 'currency': 'USD', 'environment': None, 'application': None, 'tags': None}]
Traceback (most recent call last):
  File "C:\Users\SrikanthMudaliar\AI-Cloud-Advisor\azure_cost_sync.py", line 141, in <module>
    .execute()
     ^^^^^^^^^
  File "C:\Users\SrikanthMudaliar\AppData\Local\Programs\Python\Python312\Lib\site-packages\postgrest\_sync\request_builder.py", line 53, in execute
    raise APIError(dict(json_obj))
postgrest.exceptions.APIError: {'message': 'there is no unique or exclusion constraint matching the ON CONFLICT specification', 'code': '42P10', 'hint': None, 'details': None}
{
  "id": "subscriptions/49ce7e88-e929-4031-b5b2-c8b557e5da2d/providers/Microsoft.CostManagement/query/b6902fc2-3ba1-4f50-a686-dce92b706d4d",
  "name": "b6902fc2-3ba1-4f50-a686-dce92b706d4d",
  "type": "Microsoft.CostManagement/query",
  "columns": [
    {
      "name": "PreTaxCost",
      "type": "Number"
    },
    {
      "name": "ServiceName",
      "type": "String"
    },
    {
      "name": "Currency",
      "type": "String"
    }
  ],
  "rows": [
    [
      0.00186319559700786,
      "Bandwidth",
      "INR"
    ],
    [
      481.20605430257,
      "Storage",
      "INR"
    ],
    [
      6004.10589454428,
      "Virtual Machines",
      "INR"
    ],
    [
      316.480273203124,
      "Virtual Network",
      "INR"
    ]
  ]
}
Azure rows fetched: 4
Prepared Azure records:
[{'cloud': 'azure', 'account_name': 'azure-main', 'service_name': 'Bandwidth', 'region': 'global', 'resource_id': None, 'usage_date': '2026-05-29', 'usage_quantity': 0, 'cost': 0.00186319559700786, 'currency': 'USD', 'environment': None, 'application': None, 'tags': None}, {'cloud': 'azure', 'account_name': 'azure-main', 'service_name': 'Storage', 'region': 'global', 'resource_id': None, 'usage_date': '2026-05-29', 'usage_quantity': 0, 'cost': 481.20605430257, 'currency': 'USD', 'environment': None, 'application': None, 'tags': None}, {'cloud': 'azure', 'account_name': 'azure-main', 'service_name': 'Virtual Machines', 'region': 'global', 'resource_id': None, 'usage_date': '2026-05-29', 'usage_quantity': 0, 'cost': 6004.10589454428, 'currency': 'USD', 'environment': None, 'application': None, 'tags': None}]
Traceback (most recent call last):
  File "C:\Users\SrikanthMudaliar\AI-Cloud-Advisor\azure_cost_sync.py", line 141, in <module>
    .execute()
     ^^^^^^^^^
  File "C:\Users\SrikanthMudaliar\AppData\Local\Programs\Python\Python312\Lib\site-packages\postgrest\_sync\request_builder.py", line 53, in execute
    raise APIError(dict(json_obj))
postgrest.exceptions.APIError: {'message': 'there is no unique or exclusion constraint matching the ON CONFLICT specification', 'code': '42P10', 'hint': None, 'details': None}
{
  "id": "subscriptions/49ce7e88-e929-4031-b5b2-c8b557e5da2d/providers/Microsoft.CostManagement/query/783e82f6-6d6b-42d2-9f5c-9718d1988506",
  "name": "783e82f6-6d6b-42d2-9f5c-9718d1988506",
  "type": "Microsoft.CostManagement/query",
  "columns": [
    {
      "name": "PreTaxCost",
      "type": "Number"
    },
    {
      "name": "ServiceName",
      "type": "String"
    },
    {
      "name": "Currency",
      "type": "String"
    }
  ],
  "rows": [
    [
      0.00186699958965181,
      "Bandwidth",
      "INR"
    ],
    [
      482.622995453786,
      "Storage",
      "INR"
    ],
    [
      6022.07015704428,
      "Virtual Machines",
      "INR"
    ],
    [
      316.953016953124,
      "Virtual Network",
      "INR"
    ]
  ]
}
Azure rows fetched: 4
Prepared Azure records:
[{'cloud': 'azure', 'account_name': 'azure-main', 'service_name': 'Bandwidth', 'region': 'global', 'resource_id': None, 'usage_date': '2026-05-29', 'usage_quantity': 0, 'cost': 0.00186699958965181, 'currency': 'USD', 'environment': None, 'application': None, 'tags': None}, {'cloud': 'azure', 'account_name': 'azure-main', 'service_name': 'Storage', 'region': 'global', 'resource_id': None, 'usage_date': '2026-05-29', 'usage_quantity': 0, 'cost': 482.622995453786, 'currency': 'USD', 'environment': None, 'application': None, 'tags': None}, {'cloud': 'azure', 'account_name': 'azure-main', 'service_name': 'Virtual Machines', 'region': 'global', 'resource_id': None, 'usage_date': '2026-05-29', 'usage_quantity': 0, 'cost': 6022.07015704428, 'currency': 'USD', 'environment': None, 'application': None, 'tags': None}]
Traceback (most recent call last):
  File "C:\Users\SrikanthMudaliar\AI-Cloud-Advisor\azure_cost_sync.py", line 141, in <module>
    .execute()
     ^^^^^^^^^
  File "C:\Users\SrikanthMudaliar\AppData\Local\Programs\Python\Python312\Lib\site-packages\postgrest\_sync\request_builder.py", line 53, in execute
    raise APIError(dict(json_obj))
postgrest.exceptions.APIError: {'message': 'there is no unique or exclusion constraint matching the ON CONFLICT specification', 'code': '42P10', 'hint': None, 'details': None}
{
  "id": "subscriptions/49ce7e88-e929-4031-b5b2-c8b557e5da2d/providers/Microsoft.CostManagement/query/2dcd63a4-9961-4081-9263-ce9ff872054b",
  "name": "2dcd63a4-9961-4081-9263-ce9ff872054b",
  "type": "Microsoft.CostManagement/query",
  "columns": [
    {
      "name": "PreTaxCost",
      "type": "Number"
    },
    {
      "name": "ServiceName",
      "type": "String"
    },
    {
      "name": "Currency",
      "type": "String"
    }
  ],
  "rows": [
    [
      0.00190618071388452,
      "Bandwidth",
      "INR"
    ],
    [
      493.142958340586,
      "Storage",
      "INR"
    ],
    [
      6147.81999454428,
      "Virtual Machines",
      "INR"
    ],
    [
      324.044173203124,
      "Virtual Network",
      "INR"
    ]
  ]
}
Azure rows fetched: 4
Prepared Azure records:
[{'cloud': 'azure', 'account_name': 'azure-main', 'service_name': 'Bandwidth', 'region': 'global', 'resource_id': None, 'usage_date': '2026-05-30', 'usage_quantity': 0, 'cost': 0.00190618071388452, 'currency': 'USD', 'environment': None, 'application': None, 'tags': None}, {'cloud': 'azure', 'account_name': 'azure-main', 'service_name': 'Storage', 'region': 'global', 'resource_id': None, 'usage_date': '2026-05-30', 'usage_quantity': 0, 'cost': 493.142958340586, 'currency': 'USD', 'environment': None, 'application': None, 'tags': None}, {'cloud': 'azure', 'account_name': 'azure-main', 'service_name': 'Virtual Machines', 'region': 'global', 'resource_id': None, 'usage_date': '2026-05-30', 'usage_quantity': 0, 'cost': 6147.81999454428, 'currency': 'USD', 'environment': None, 'application': None, 'tags': None}]
Traceback (most recent call last):
  File "C:\Users\SrikanthMudaliar\AI-Cloud-Advisor\azure_cost_sync.py", line 141, in <module>
    .execute()
     ^^^^^^^^^
  File "C:\Users\SrikanthMudaliar\AppData\Local\Programs\Python\Python312\Lib\site-packages\postgrest\_sync\request_builder.py", line 53, in execute
    raise APIError(dict(json_obj))
postgrest.exceptions.APIError: {'message': 'there is no unique or exclusion constraint matching the ON CONFLICT specification', 'code': '42P10', 'hint': None, 'details': None}
{
  "id": "subscriptions/49ce7e88-e929-4031-b5b2-c8b557e5da2d/providers/Microsoft.CostManagement/query/af4c41a3-e626-4726-a772-9b53260c71c0",
  "name": "af4c41a3-e626-4726-a772-9b53260c71c0",
  "type": "Microsoft.CostManagement/query",
  "columns": [
    {
      "name": "PreTaxCost",
      "type": "Number"
    },
    {
      "name": "ServiceName",
      "type": "String"
    },
    {
      "name": "Currency",
      "type": "String"
    }
  ],
  "rows": [
    [
      0.00190618071388452,
      "Bandwidth",
      "INR"
    ],
    [
      493.142958340586,
      "Storage",
      "INR"
    ],
    [
      6147.81999454428,
      "Virtual Machines",
      "INR"
    ],
    [
      324.044173203124,
      "Virtual Network",
      "INR"
    ]
  ]
}
Azure rows fetched: 4
Prepared Azure records:
[{'cloud': 'azure', 'account_name': 'azure-main', 'service_name': 'Bandwidth', 'region': 'global', 'resource_id': None, 'usage_date': '2026-05-30', 'usage_quantity': 0, 'cost': 0.00190618071388452, 'currency': 'USD', 'environment': None, 'application': None, 'tags': None}, {'cloud': 'azure', 'account_name': 'azure-main', 'service_name': 'Storage', 'region': 'global', 'resource_id': None, 'usage_date': '2026-05-30', 'usage_quantity': 0, 'cost': 493.142958340586, 'currency': 'USD', 'environment': None, 'application': None, 'tags': None}, {'cloud': 'azure', 'account_name': 'azure-main', 'service_name': 'Virtual Machines', 'region': 'global', 'resource_id': None, 'usage_date': '2026-05-30', 'usage_quantity': 0, 'cost': 6147.81999454428, 'currency': 'USD', 'environment': None, 'application': None, 'tags': None}]
Traceback (most recent call last):
  File "C:\Users\SrikanthMudaliar\AI-Cloud-Advisor\azure_cost_sync.py", line 141, in <module>
    .execute()
     ^^^^^^^^^
  File "C:\Users\SrikanthMudaliar\AppData\Local\Programs\Python\Python312\Lib\site-packages\postgrest\_sync\request_builder.py", line 53, in execute
    raise APIError(dict(json_obj))
postgrest.exceptions.APIError: {'message': 'there is no unique or exclusion constraint matching the ON CONFLICT specification', 'code': '42P10', 'hint': None, 'details': None}
{
  "id": "subscriptions/49ce7e88-e929-4031-b5b2-c8b557e5da2d/providers/Microsoft.CostManagement/query/a891ebd7-ea5c-4fbf-a00b-a48f93abd24b",
  "name": "a891ebd7-ea5c-4fbf-a00b-a48f93abd24b",
  "type": "Microsoft.CostManagement/query",
  "columns": [
    {
      "name": "PreTaxCost",
      "type": "Number"
    },
    {
      "name": "ServiceName",
      "type": "String"
    },
    {
      "name": "Currency",
      "type": "String"
    }
  ],
  "rows": [
    [
      0.00191416909843682,
      "Bandwidth",
      "INR"
    ],
    [
      494.635071345338,
      "Storage",
      "INR"
    ],
    [
      6165.78425704428,
      "Virtual Machines",
      "INR"
    ],
    [
      324.989660703124,
      "Virtual Network",
      "INR"
    ]
  ]
}
Azure rows fetched: 4
Prepared Azure records:
[{'cloud': 'azure', 'account_name': 'azure-main', 'service_name': 'Bandwidth', 'region': 'global', 'resource_id': None, 'usage_date': '2026-05-30', 'usage_quantity': 0, 'cost': 0.00191416909843682, 'currency': 'USD', 'environment': None, 'application': None, 'tags': None}, {'cloud': 'azure', 'account_name': 'azure-main', 'service_name': 'Storage', 'region': 'global', 'resource_id': None, 'usage_date': '2026-05-30', 'usage_quantity': 0, 'cost': 494.635071345338, 'currency': 'USD', 'environment': None, 'application': None, 'tags': None}, {'cloud': 'azure', 'account_name': 'azure-main', 'service_name': 'Virtual Machines', 'region': 'global', 'resource_id': None, 'usage_date': '2026-05-30', 'usage_quantity': 0, 'cost': 6165.78425704428, 'currency': 'USD', 'environment': None, 'application': None, 'tags': None}]
Traceback (most recent call last):
  File "C:\Users\SrikanthMudaliar\AI-Cloud-Advisor\azure_cost_sync.py", line 141, in <module>
    .execute()
     ^^^^^^^^^
  File "C:\Users\SrikanthMudaliar\AppData\Local\Programs\Python\Python312\Lib\site-packages\postgrest\_sync\request_builder.py", line 53, in execute
    raise APIError(dict(json_obj))
postgrest.exceptions.APIError: {'message': 'there is no unique or exclusion constraint matching the ON CONFLICT specification', 'code': '42P10', 'hint': None, 'details': None}
{
  "id": "subscriptions/49ce7e88-e929-4031-b5b2-c8b557e5da2d/providers/Microsoft.CostManagement/query/5571fbfe-599e-4a12-ae4e-595d89655d13",
  "name": "5571fbfe-599e-4a12-ae4e-595d89655d13",
  "type": "Microsoft.CostManagement/query",
  "columns": [
    {
      "name": "PreTaxCost",
      "type": "Number"
    },
    {
      "name": "ServiceName",
      "type": "String"
    },
    {
      "name": "Currency",
      "type": "String"
    }
  ],
  "rows": [
    [
      0.00191416909843682,
      "Bandwidth",
      "INR"
    ],
    [
      494.635071345338,
      "Storage",
      "INR"
    ],
    [
      6165.78425704428,
      "Virtual Machines",
      "INR"
    ],
    [
      324.989660703124,
      "Virtual Network",
      "INR"
    ]
  ]
}
Azure rows fetched: 4
Prepared Azure records:
[{'cloud': 'azure', 'account_name': 'azure-main', 'service_name': 'Bandwidth', 'region': 'global', 'resource_id': None, 'usage_date': '2026-05-30', 'usage_quantity': 0, 'cost': 0.00191416909843682, 'currency': 'USD', 'environment': None, 'application': None, 'tags': None}, {'cloud': 'azure', 'account_name': 'azure-main', 'service_name': 'Storage', 'region': 'global', 'resource_id': None, 'usage_date': '2026-05-30', 'usage_quantity': 0, 'cost': 494.635071345338, 'currency': 'USD', 'environment': None, 'application': None, 'tags': None}, {'cloud': 'azure', 'account_name': 'azure-main', 'service_name': 'Virtual Machines', 'region': 'global', 'resource_id': None, 'usage_date': '2026-05-30', 'usage_quantity': 0, 'cost': 6165.78425704428, 'currency': 'USD', 'environment': None, 'application': None, 'tags': None}]
Traceback (most recent call last):
  File "C:\Users\SrikanthMudaliar\AI-Cloud-Advisor\azure_cost_sync.py", line 141, in <module>
    .execute()
     ^^^^^^^^^
  File "C:\Users\SrikanthMudaliar\AppData\Local\Programs\Python\Python312\Lib\site-packages\postgrest\_sync\request_builder.py", line 53, in execute
    raise APIError(dict(json_obj))
postgrest.exceptions.APIError: {'message': 'there is no unique or exclusion constraint matching the ON CONFLICT specification', 'code': '42P10', 'hint': None, 'details': None}
Traceback (most recent call last):
  File "C:\Users\SrikanthMudaliar\AI-Cloud-Advisor\azure_cost_sync.py", line 46, in <module>
    query_result = cost_client.query.usage(
                   ^^^^^^^^^^^^^^^^^^^^^^^^
  File "C:\Users\SrikanthMudaliar\AppData\Local\Programs\Python\Python312\Lib\site-packages\azure\core\tracing\decorator.py", line 119, in wrapper_use_tracer
    return func(*args, **kwargs)
           ^^^^^^^^^^^^^^^^^^^^^
  File "C:\Users\SrikanthMudaliar\AppData\Local\Programs\Python\Python312\Lib\site-packages\azure\mgmt\costmanagement\operations\_query_operations.py", line 278, in usage
    raise HttpResponseError(response=response, model=error, error_format=ARMErrorFormat)
azure.core.exceptions.HttpResponseError: (429) Too many requests. Please retry.
Code: 429
Message: Too many requests. Please retry.
Traceback (most recent call last):
  File "C:\Users\SrikanthMudaliar\AI-Cloud-Advisor\azure_cost_sync.py", line 46, in <module>
    query_result = cost_client.query.usage(
                   ^^^^^^^^^^^^^^^^^^^^^^^^
  File "C:\Users\SrikanthMudaliar\AppData\Local\Programs\Python\Python312\Lib\site-packages\azure\core\tracing\decorator.py", line 119, in wrapper_use_tracer
    return func(*args, **kwargs)
           ^^^^^^^^^^^^^^^^^^^^^
  File "C:\Users\SrikanthMudaliar\AppData\Local\Programs\Python\Python312\Lib\site-packages\azure\mgmt\costmanagement\operations\_query_operations.py", line 278, in usage
    raise HttpResponseError(response=response, model=error, error_format=ARMErrorFormat)
azure.core.exceptions.HttpResponseError: (429) Too many requests. Please retry.
Code: 429
Message: Too many requests. Please retry.
{
  "id": "subscriptions/49ce7e88-e929-4031-b5b2-c8b557e5da2d/providers/Microsoft.CostManagement/query/5957ebfe-a369-4ecd-b7b1-804a829d7936",
  "name": "5957ebfe-a369-4ecd-b7b1-804a829d7936",
  "type": "Microsoft.CostManagement/query",
  "columns": [
    {
      "name": "PreTaxCost",
      "type": "Number"
    },
    {
      "name": "ServiceName",
      "type": "String"
    },
    {
      "name": "Currency",
      "type": "String"
    }
  ],
  "rows": [
    [
      0.00191873388960957,
      "Bandwidth",
      "INR"
    ],
    [
      496.12718435009,
      "Storage",
      "INR"
    ],
    [
      6183.74851954428,
      "Virtual Machines",
      "INR"
    ],
    [
      325.935148203124,
      "Virtual Network",
      "INR"
    ]
  ]
}
Azure rows fetched: 4
Prepared Azure records:
[{'cloud': 'azure', 'account_name': 'azure-main', 'service_name': 'Bandwidth', 'region': 'global', 'resource_id': None, 'usage_date': '2026-05-30', 'usage_quantity': 0, 'cost': 0.00191873388960957, 'currency': 'USD', 'environment': None, 'application': None, 'tags': None}, {'cloud': 'azure', 'account_name': 'azure-main', 'service_name': 'Storage', 'region': 'global', 'resource_id': None, 'usage_date': '2026-05-30', 'usage_quantity': 0, 'cost': 496.12718435009, 'currency': 'USD', 'environment': None, 'application': None, 'tags': None}, {'cloud': 'azure', 'account_name': 'azure-main', 'service_name': 'Virtual Machines', 'region': 'global', 'resource_id': None, 'usage_date': '2026-05-30', 'usage_quantity': 0, 'cost': 6183.74851954428, 'currency': 'USD', 'environment': None, 'application': None, 'tags': None}]
Traceback (most recent call last):
  File "C:\Users\SrikanthMudaliar\AI-Cloud-Advisor\azure_cost_sync.py", line 141, in <module>
    .execute()
     ^^^^^^^^^
  File "C:\Users\SrikanthMudaliar\AppData\Local\Programs\Python\Python312\Lib\site-packages\postgrest\_sync\request_builder.py", line 53, in execute
    raise APIError(dict(json_obj))
postgrest.exceptions.APIError: {'message': 'there is no unique or exclusion constraint matching the ON CONFLICT specification', 'code': '42P10', 'hint': None, 'details': None}
{
  "id": "subscriptions/49ce7e88-e929-4031-b5b2-c8b557e5da2d/providers/Microsoft.CostManagement/query/0046f38e-ebad-47b0-9ec8-40a0a468ce59",
  "name": "0046f38e-ebad-47b0-9ec8-40a0a468ce59",
  "type": "Microsoft.CostManagement/query",
  "columns": [
    {
      "name": "PreTaxCost",
      "type": "Number"
    },
    {
      "name": "ServiceName",
      "type": "String"
    },
    {
      "name": "Currency",
      "type": "String"
    }
  ],
  "rows": [
    [
      0.00191873388960957,
      "Bandwidth",
      "INR"
    ],
    [
      496.12718435009,
      "Storage",
      "INR"
    ],
    [
      6183.74851954428,
      "Virtual Machines",
      "INR"
    ],
    [
      325.935148203124,
      "Virtual Network",
      "INR"
    ]
  ]
}
Azure rows fetched: 4
Prepared Azure records:
[{'cloud': 'azure', 'account_name': 'azure-main', 'service_name': 'Bandwidth', 'region': 'global', 'resource_id': None, 'usage_date': '2026-05-30', 'usage_quantity': 0, 'cost': 0.00191873388960957, 'currency': 'USD', 'environment': None, 'application': None, 'tags': None}, {'cloud': 'azure', 'account_name': 'azure-main', 'service_name': 'Storage', 'region': 'global', 'resource_id': None, 'usage_date': '2026-05-30', 'usage_quantity': 0, 'cost': 496.12718435009, 'currency': 'USD', 'environment': None, 'application': None, 'tags': None}, {'cloud': 'azure', 'account_name': 'azure-main', 'service_name': 'Virtual Machines', 'region': 'global', 'resource_id': None, 'usage_date': '2026-05-30', 'usage_quantity': 0, 'cost': 6183.74851954428, 'currency': 'USD', 'environment': None, 'application': None, 'tags': None}]
Traceback (most recent call last):
  File "C:\Users\SrikanthMudaliar\AI-Cloud-Advisor\azure_cost_sync.py", line 141, in <module>
    .execute()
     ^^^^^^^^^
  File "C:\Users\SrikanthMudaliar\AppData\Local\Programs\Python\Python312\Lib\site-packages\postgrest\_sync\request_builder.py", line 53, in execute
    raise APIError(dict(json_obj))
postgrest.exceptions.APIError: {'message': 'there is no unique or exclusion constraint matching the ON CONFLICT specification', 'code': '42P10', 'hint': None, 'details': None}
{
  "id": "subscriptions/49ce7e88-e929-4031-b5b2-c8b557e5da2d/providers/Microsoft.CostManagement/query/53dcfe50-4814-4bd5-a229-d61350df8967",
  "name": "53dcfe50-4814-4bd5-a229-d61350df8967",
  "type": "Microsoft.CostManagement/query",
  "columns": [
    {
      "name": "PreTaxCost",
      "type": "Number"
    },
    {
      "name": "ServiceName",
      "type": "String"
    },
    {
      "name": "Currency",
      "type": "String"
    }
  ],
  "rows": [
    [
      0.00191873388960957,
      "Bandwidth",
      "INR"
    ],
    [
      496.12718435009,
      "Storage",
      "INR"
    ],
    [
      6183.74851954428,
      "Virtual Machines",
      "INR"
    ],
    [
      325.935148203124,
      "Virtual Network",
      "INR"
    ]
  ]
}
Azure rows fetched: 4
Prepared Azure records:
[{'cloud': 'azure', 'account_name': 'azure-main', 'service_name': 'Bandwidth', 'region': 'global', 'resource_id': None, 'usage_date': '2026-05-30', 'usage_quantity': 0, 'cost': 0.00191873388960957, 'currency': 'USD', 'environment': None, 'application': None, 'tags': None}, {'cloud': 'azure', 'account_name': 'azure-main', 'service_name': 'Storage', 'region': 'global', 'resource_id': None, 'usage_date': '2026-05-30', 'usage_quantity': 0, 'cost': 496.12718435009, 'currency': 'USD', 'environment': None, 'application': None, 'tags': None}, {'cloud': 'azure', 'account_name': 'azure-main', 'service_name': 'Virtual Machines', 'region': 'global', 'resource_id': None, 'usage_date': '2026-05-30', 'usage_quantity': 0, 'cost': 6183.74851954428, 'currency': 'USD', 'environment': None, 'application': None, 'tags': None}]
Traceback (most recent call last):
  File "C:\Users\SrikanthMudaliar\AI-Cloud-Advisor\azure_cost_sync.py", line 141, in <module>
    .execute()
     ^^^^^^^^^
  File "C:\Users\SrikanthMudaliar\AppData\Local\Programs\Python\Python312\Lib\site-packages\postgrest\_sync\request_builder.py", line 53, in execute
    raise APIError(dict(json_obj))
postgrest.exceptions.APIError: {'message': 'there is no unique or exclusion constraint matching the ON CONFLICT specification', 'code': '42P10', 'hint': None, 'details': None}
{
  "id": "subscriptions/49ce7e88-e929-4031-b5b2-c8b557e5da2d/providers/Microsoft.CostManagement/query/ae9eb35b-f1cc-46cf-bf4e-999246bdd8c9",
  "name": "ae9eb35b-f1cc-46cf-bf4e-999246bdd8c9",
  "type": "Microsoft.CostManagement/query",
  "columns": [
    {
      "name": "PreTaxCost",
      "type": "Number"
    },
    {
      "name": "ServiceName",
      "type": "String"
    },
    {
      "name": "Currency",
      "type": "String"
    }
  ],
  "rows": [
    [
      0.00192139668446033,
      "Bandwidth",
      "INR"
    ],
    [
      496.873240852466,
      "Storage",
      "INR"
    ],
    [
      6201.71278204428,
      "Virtual Machines",
      "INR"
    ],
    [
      326.880635703124,
      "Virtual Network",
      "INR"
    ]
  ]
}
Azure rows fetched: 4
Prepared Azure records:
[{'cloud': 'azure', 'account_name': 'azure-main', 'service_name': 'Bandwidth', 'region': 'global', 'resource_id': None, 'usage_date': '2026-05-30', 'usage_quantity': 0, 'cost': 0.00192139668446033, 'currency': 'USD', 'environment': None, 'application': None, 'tags': None}, {'cloud': 'azure', 'account_name': 'azure-main', 'service_name': 'Storage', 'region': 'global', 'resource_id': None, 'usage_date': '2026-05-30', 'usage_quantity': 0, 'cost': 496.873240852466, 'currency': 'USD', 'environment': None, 'application': None, 'tags': None}, {'cloud': 'azure', 'account_name': 'azure-main', 'service_name': 'Virtual Machines', 'region': 'global', 'resource_id': None, 'usage_date': '2026-05-30', 'usage_quantity': 0, 'cost': 6201.71278204428, 'currency': 'USD', 'environment': None, 'application': None, 'tags': None}]
Traceback (most recent call last):
  File "C:\Users\SrikanthMudaliar\AI-Cloud-Advisor\azure_cost_sync.py", line 141, in <module>
    .execute()
     ^^^^^^^^^
  File "C:\Users\SrikanthMudaliar\AppData\Local\Programs\Python\Python312\Lib\site-packages\postgrest\_sync\request_builder.py", line 53, in execute
    raise APIError(dict(json_obj))
postgrest.exceptions.APIError: {'message': 'there is no unique or exclusion constraint matching the ON CONFLICT specification', 'code': '42P10', 'hint': None, 'details': None}
{
  "id": "subscriptions/49ce7e88-e929-4031-b5b2-c8b557e5da2d/providers/Microsoft.CostManagement/query/6cd729d3-3c7b-49bf-aeb9-83774926b7a2",
  "name": "6cd729d3-3c7b-49bf-aeb9-83774926b7a2",
  "type": "Microsoft.CostManagement/query",
  "columns": [
    {
      "name": "PreTaxCost",
      "type": "Number"
    },
    {
      "name": "ServiceName",
      "type": "String"
    },
    {
      "name": "Currency",
      "type": "String"
    }
  ],
  "rows": [
    [
      0.00192139668446033,
      "Bandwidth",
      "INR"
    ],
    [
      496.873240852466,
      "Storage",
      "INR"
    ],
    [
      6201.71278204428,
      "Virtual Machines",
      "INR"
    ],
    [
      326.880635703124,
      "Virtual Network",
      "INR"
    ]
  ]
}
Azure rows fetched: 4
Prepared Azure records:
[{'cloud': 'azure', 'account_name': 'azure-main', 'service_name': 'Bandwidth', 'region': 'global', 'resource_id': None, 'usage_date': '2026-05-30', 'usage_quantity': 0, 'cost': 0.00192139668446033, 'currency': 'USD', 'environment': None, 'application': None, 'tags': None}, {'cloud': 'azure', 'account_name': 'azure-main', 'service_name': 'Storage', 'region': 'global', 'resource_id': None, 'usage_date': '2026-05-30', 'usage_quantity': 0, 'cost': 496.873240852466, 'currency': 'USD', 'environment': None, 'application': None, 'tags': None}, {'cloud': 'azure', 'account_name': 'azure-main', 'service_name': 'Virtual Machines', 'region': 'global', 'resource_id': None, 'usage_date': '2026-05-30', 'usage_quantity': 0, 'cost': 6201.71278204428, 'currency': 'USD', 'environment': None, 'application': None, 'tags': None}]
Traceback (most recent call last):
  File "C:\Users\SrikanthMudaliar\AI-Cloud-Advisor\azure_cost_sync.py", line 141, in <module>
    .execute()
     ^^^^^^^^^
  File "C:\Users\SrikanthMudaliar\AppData\Local\Programs\Python\Python312\Lib\site-packages\postgrest\_sync\request_builder.py", line 53, in execute
    raise APIError(dict(json_obj))
postgrest.exceptions.APIError: {'message': 'there is no unique or exclusion constraint matching the ON CONFLICT specification', 'code': '42P10', 'hint': None, 'details': None}
{
  "id": "subscriptions/49ce7e88-e929-4031-b5b2-c8b557e5da2d/providers/Microsoft.CostManagement/query/72b8b643-d4e4-48dc-b75d-6825de0dec10",
  "name": "72b8b643-d4e4-48dc-b75d-6825de0dec10",
  "type": "Microsoft.CostManagement/query",
  "columns": [
    {
      "name": "PreTaxCost",
      "type": "Number"
    },
    {
      "name": "ServiceName",
      "type": "String"
    },
    {
      "name": "Currency",
      "type": "String"
    }
  ],
  "rows": [
    [
      0.00192520067710429,
      "Bandwidth",
      "INR"
    ],
    [
      499.111410359594,
      "Storage",
      "INR"
    ],
    [
      6219.67704454428,
      "Virtual Machines",
      "INR"
    ],
    [
      327.826123203124,
      "Virtual Network",
      "INR"
    ]
  ]
}
Azure rows fetched: 4
Prepared Azure records:
[{'cloud': 'azure', 'account_name': 'azure-main', 'service_name': 'Bandwidth', 'region': 'global', 'resource_id': None, 'usage_date': '2026-05-30', 'usage_quantity': 0, 'cost': 0.00192520067710429, 'currency': 'USD', 'environment': None, 'application': None, 'tags': None}, {'cloud': 'azure', 'account_name': 'azure-main', 'service_name': 'Storage', 'region': 'global', 'resource_id': None, 'usage_date': '2026-05-30', 'usage_quantity': 0, 'cost': 499.111410359594, 'currency': 'USD', 'environment': None, 'application': None, 'tags': None}, {'cloud': 'azure', 'account_name': 'azure-main', 'service_name': 'Virtual Machines', 'region': 'global', 'resource_id': None, 'usage_date': '2026-05-30', 'usage_quantity': 0, 'cost': 6219.67704454428, 'currency': 'USD', 'environment': None, 'application': None, 'tags': None}]
Traceback (most recent call last):
  File "C:\Users\SrikanthMudaliar\AI-Cloud-Advisor\azure_cost_sync.py", line 141, in <module>
    .execute()
     ^^^^^^^^^
  File "C:\Users\SrikanthMudaliar\AppData\Local\Programs\Python\Python312\Lib\site-packages\postgrest\_sync\request_builder.py", line 53, in execute
    raise APIError(dict(json_obj))
postgrest.exceptions.APIError: {'message': 'there is no unique or exclusion constraint matching the ON CONFLICT specification', 'code': '42P10', 'hint': None, 'details': None}
{
  "id": "subscriptions/49ce7e88-e929-4031-b5b2-c8b557e5da2d/providers/Microsoft.CostManagement/query/ddb72a23-85d2-4df6-8d71-348282da9dc4",
  "name": "ddb72a23-85d2-4df6-8d71-348282da9dc4",
  "type": "Microsoft.CostManagement/query",
  "columns": [
    {
      "name": "PreTaxCost",
      "type": "Number"
    },
    {
      "name": "ServiceName",
      "type": "String"
    },
    {
      "name": "Currency",
      "type": "String"
    }
  ],
  "rows": [
    [
      0.00192520067710429,
      "Bandwidth",
      "INR"
    ],
    [
      499.111410359594,
      "Storage",
      "INR"
    ],
    [
      6219.67704454428,
      "Virtual Machines",
      "INR"
    ],
    [
      327.826123203124,
      "Virtual Network",
      "INR"
    ]
  ]
}
Azure rows fetched: 4
Prepared Azure records:
[{'cloud': 'azure', 'account_name': 'azure-main', 'service_name': 'Bandwidth', 'region': 'global', 'resource_id': None, 'usage_date': '2026-05-30', 'usage_quantity': 0, 'cost': 0.00192520067710429, 'currency': 'USD', 'environment': None, 'application': None, 'tags': None}, {'cloud': 'azure', 'account_name': 'azure-main', 'service_name': 'Storage', 'region': 'global', 'resource_id': None, 'usage_date': '2026-05-30', 'usage_quantity': 0, 'cost': 499.111410359594, 'currency': 'USD', 'environment': None, 'application': None, 'tags': None}, {'cloud': 'azure', 'account_name': 'azure-main', 'service_name': 'Virtual Machines', 'region': 'global', 'resource_id': None, 'usage_date': '2026-05-30', 'usage_quantity': 0, 'cost': 6219.67704454428, 'currency': 'USD', 'environment': None, 'application': None, 'tags': None}]
Traceback (most recent call last):
  File "C:\Users\SrikanthMudaliar\AI-Cloud-Advisor\azure_cost_sync.py", line 141, in <module>
    .execute()
     ^^^^^^^^^
  File "C:\Users\SrikanthMudaliar\AppData\Local\Programs\Python\Python312\Lib\site-packages\postgrest\_sync\request_builder.py", line 53, in execute
    raise APIError(dict(json_obj))
postgrest.exceptions.APIError: {'message': 'there is no unique or exclusion constraint matching the ON CONFLICT specification', 'code': '42P10', 'hint': None, 'details': None}
{
  "id": "subscriptions/49ce7e88-e929-4031-b5b2-c8b557e5da2d/providers/Microsoft.CostManagement/query/aa29c4ee-95fb-4f90-b54f-ef6a1f78be84",
  "name": "aa29c4ee-95fb-4f90-b54f-ef6a1f78be84",
  "type": "Microsoft.CostManagement/query",
  "columns": [
    {
      "name": "PreTaxCost",
      "type": "Number"
    },
    {
      "name": "ServiceName",
      "type": "String"
    },
    {
      "name": "Currency",
      "type": "String"
    }
  ],
  "rows": [
    [
      0.00197617417853325,
      "Bandwidth",
      "INR"
    ],
    [
      512.465255548826,
      "Storage",
      "INR"
    ],
    [
      6381.35540704428,
      "Virtual Machines",
      "INR"
    ],
    [
      336.335510703124,
      "Virtual Network",
      "INR"
    ]
  ]
}
Azure rows fetched: 4
Prepared Azure records:
[{'cloud': 'azure', 'account_name': 'azure-main', 'service_name': 'Bandwidth', 'region': 'global', 'resource_id': None, 'usage_date': '2026-05-31', 'usage_quantity': 0, 'cost': 0.00197617417853325, 'currency': 'USD', 'environment': None, 'application': None, 'tags': None}, {'cloud': 'azure', 'account_name': 'azure-main', 'service_name': 'Storage', 'region': 'global', 'resource_id': None, 'usage_date': '2026-05-31', 'usage_quantity': 0, 'cost': 512.465255548826, 'currency': 'USD', 'environment': None, 'application': None, 'tags': None}, {'cloud': 'azure', 'account_name': 'azure-main', 'service_name': 'Virtual Machines', 'region': 'global', 'resource_id': None, 'usage_date': '2026-05-31', 'usage_quantity': 0, 'cost': 6381.35540704428, 'currency': 'USD', 'environment': None, 'application': None, 'tags': None}]
Traceback (most recent call last):
  File "C:\Users\SrikanthMudaliar\AI-Cloud-Advisor\azure_cost_sync.py", line 141, in <module>
    .execute()
     ^^^^^^^^^
  File "C:\Users\SrikanthMudaliar\AppData\Local\Programs\Python\Python312\Lib\site-packages\postgrest\_sync\request_builder.py", line 53, in execute
    raise APIError(dict(json_obj))
postgrest.exceptions.APIError: {'message': 'there is no unique or exclusion constraint matching the ON CONFLICT specification', 'code': '42P10', 'hint': None, 'details': None}
{
  "id": "subscriptions/49ce7e88-e929-4031-b5b2-c8b557e5da2d/providers/Microsoft.CostManagement/query/571f666f-1331-4a5c-8972-362408983dc8",
  "name": "571f666f-1331-4a5c-8972-362408983dc8",
  "type": "Microsoft.CostManagement/query",
  "columns": [
    {
      "name": "PreTaxCost",
      "type": "Number"
    },
    {
      "name": "ServiceName",
      "type": "String"
    },
    {
      "name": "Currency",
      "type": "String"
    }
  ],
  "rows": [
    [
      0.00197617417853325,
      "Bandwidth",
      "INR"
    ],
    [
      512.465255548826,
      "Storage",
      "INR"
    ],
    [
      6381.35540704428,
      "Virtual Machines",
      "INR"
    ],
    [
      336.335510703124,
      "Virtual Network",
      "INR"
    ]
  ]
}
Azure rows fetched: 4
Prepared Azure records:
[{'cloud': 'azure', 'account_name': 'azure-main', 'service_name': 'Bandwidth', 'region': 'global', 'resource_id': None, 'usage_date': '2026-05-31', 'usage_quantity': 0, 'cost': 0.00197617417853325, 'currency': 'USD', 'environment': None, 'application': None, 'tags': None}, {'cloud': 'azure', 'account_name': 'azure-main', 'service_name': 'Storage', 'region': 'global', 'resource_id': None, 'usage_date': '2026-05-31', 'usage_quantity': 0, 'cost': 512.465255548826, 'currency': 'USD', 'environment': None, 'application': None, 'tags': None}, {'cloud': 'azure', 'account_name': 'azure-main', 'service_name': 'Virtual Machines', 'region': 'global', 'resource_id': None, 'usage_date': '2026-05-31', 'usage_quantity': 0, 'cost': 6381.35540704428, 'currency': 'USD', 'environment': None, 'application': None, 'tags': None}]
Traceback (most recent call last):
  File "C:\Users\SrikanthMudaliar\AI-Cloud-Advisor\azure_cost_sync.py", line 141, in <module>
    .execute()
     ^^^^^^^^^
  File "C:\Users\SrikanthMudaliar\AppData\Local\Programs\Python\Python312\Lib\site-packages\postgrest\_sync\request_builder.py", line 53, in execute
    raise APIError(dict(json_obj))
postgrest.exceptions.APIError: {'message': 'there is no unique or exclusion constraint matching the ON CONFLICT specification', 'code': '42P10', 'hint': None, 'details': None}
Traceback (most recent call last):
  File "C:\Users\SrikanthMudaliar\AI-Cloud-Advisor\azure_cost_sync.py", line 46, in <module>
    query_result = cost_client.query.usage(
                   ^^^^^^^^^^^^^^^^^^^^^^^^
  File "C:\Users\SrikanthMudaliar\AppData\Local\Programs\Python\Python312\Lib\site-packages\azure\core\tracing\decorator.py", line 119, in wrapper_use_tracer
    return func(*args, **kwargs)
           ^^^^^^^^^^^^^^^^^^^^^
  File "C:\Users\SrikanthMudaliar\AppData\Local\Programs\Python\Python312\Lib\site-packages\azure\mgmt\costmanagement\operations\_query_operations.py", line 278, in usage
    raise HttpResponseError(response=response, model=error, error_format=ARMErrorFormat)
azure.core.exceptions.HttpResponseError: (429) Too many requests. Please retry.
Code: 429
Message: Too many requests. Please retry.
{
  "id": "subscriptions/49ce7e88-e929-4031-b5b2-c8b557e5da2d/providers/Microsoft.CostManagement/query/6bfc3ac7-cd58-4588-9de2-7a1532b49b6c",
  "name": "6bfc3ac7-cd58-4588-9de2-7a1532b49b6c",
  "type": "Microsoft.CostManagement/query",
  "columns": [
    {
      "name": "PreTaxCost",
      "type": "Number"
    },
    {
      "name": "ServiceName",
      "type": "String"
    },
    {
      "name": "Currency",
      "type": "String"
    }
  ],
  "rows": [
    [
      0.00197617417853325,
      "Bandwidth",
      "INR"
    ],
    [
      512.465255548826,
      "Storage",
      "INR"
    ],
    [
      6381.35540704428,
      "Virtual Machines",
      "INR"
    ],
    [
      336.335510703124,
      "Virtual Network",
      "INR"
    ]
  ]
}
Azure rows fetched: 4
Prepared Azure records:
[{'cloud': 'azure', 'account_name': 'azure-main', 'service_name': 'Bandwidth', 'region': 'global', 'resource_id': None, 'usage_date': '2026-05-31', 'usage_quantity': 0, 'cost': 0.00197617417853325, 'currency': 'USD', 'environment': None, 'application': None, 'tags': None}, {'cloud': 'azure', 'account_name': 'azure-main', 'service_name': 'Storage', 'region': 'global', 'resource_id': None, 'usage_date': '2026-05-31', 'usage_quantity': 0, 'cost': 512.465255548826, 'currency': 'USD', 'environment': None, 'application': None, 'tags': None}, {'cloud': 'azure', 'account_name': 'azure-main', 'service_name': 'Virtual Machines', 'region': 'global', 'resource_id': None, 'usage_date': '2026-05-31', 'usage_quantity': 0, 'cost': 6381.35540704428, 'currency': 'USD', 'environment': None, 'application': None, 'tags': None}]
Traceback (most recent call last):
  File "C:\Users\SrikanthMudaliar\AI-Cloud-Advisor\azure_cost_sync.py", line 141, in <module>
    .execute()
     ^^^^^^^^^
  File "C:\Users\SrikanthMudaliar\AppData\Local\Programs\Python\Python312\Lib\site-packages\postgrest\_sync\request_builder.py", line 53, in execute
    raise APIError(dict(json_obj))
postgrest.exceptions.APIError: {'message': 'there is no unique or exclusion constraint matching the ON CONFLICT specification', 'code': '42P10', 'hint': None, 'details': None}
{
  "id": "subscriptions/49ce7e88-e929-4031-b5b2-c8b557e5da2d/providers/Microsoft.CostManagement/query/326cf03a-0c32-44c4-be82-53400ccb511a",
  "name": "326cf03a-0c32-44c4-be82-53400ccb511a",
  "type": "Microsoft.CostManagement/query",
  "columns": [
    {
      "name": "PreTaxCost",
      "type": "Number"
    },
    {
      "name": "ServiceName",
      "type": "String"
    },
    {
      "name": "Currency",
      "type": "String"
    }
  ],
  "rows": [
    [
      0.00197617417853325,
      "Bandwidth",
      "INR"
    ],
    [
      512.465255548826,
      "Storage",
      "INR"
    ],
    [
      6381.35540704428,
      "Virtual Machines",
      "INR"
    ],
    [
      336.335510703124,
      "Virtual Network",
      "INR"
    ]
  ]
}
Azure rows fetched: 4
Prepared Azure records:
[{'cloud': 'azure', 'account_name': 'azure-main', 'service_name': 'Bandwidth', 'region': 'global', 'resource_id': None, 'usage_date': '2026-05-31', 'usage_quantity': 0, 'cost': 0.00197617417853325, 'currency': 'USD', 'environment': None, 'application': None, 'tags': None}, {'cloud': 'azure', 'account_name': 'azure-main', 'service_name': 'Storage', 'region': 'global', 'resource_id': None, 'usage_date': '2026-05-31', 'usage_quantity': 0, 'cost': 512.465255548826, 'currency': 'USD', 'environment': None, 'application': None, 'tags': None}, {'cloud': 'azure', 'account_name': 'azure-main', 'service_name': 'Virtual Machines', 'region': 'global', 'resource_id': None, 'usage_date': '2026-05-31', 'usage_quantity': 0, 'cost': 6381.35540704428, 'currency': 'USD', 'environment': None, 'application': None, 'tags': None}]
Traceback (most recent call last):
  File "C:\Users\SrikanthMudaliar\AI-Cloud-Advisor\azure_cost_sync.py", line 141, in <module>
    .execute()
     ^^^^^^^^^
  File "C:\Users\SrikanthMudaliar\AppData\Local\Programs\Python\Python312\Lib\site-packages\postgrest\_sync\request_builder.py", line 53, in execute
    raise APIError(dict(json_obj))
postgrest.exceptions.APIError: {'message': 'there is no unique or exclusion constraint matching the ON CONFLICT specification', 'code': '42P10', 'hint': None, 'details': None}
{
  "id": "subscriptions/49ce7e88-e929-4031-b5b2-c8b557e5da2d/providers/Microsoft.CostManagement/query/164fa45b-97de-4a1a-bcf5-679e51ccebf7",
  "name": "164fa45b-97de-4a1a-bcf5-679e51ccebf7",
  "type": "Microsoft.CostManagement/query",
  "columns": [
    {
      "name": "PreTaxCost",
      "type": "Number"
    },
    {
      "name": "ServiceName",
      "type": "String"
    },
    {
      "name": "Currency",
      "type": "String"
    }
  ],
  "rows": [
    [
      0.00197845657411962,
      "Bandwidth",
      "INR"
    ],
    [
      514.032540407114,
      "Storage",
      "INR"
    ],
    [
      6399.31966954428,
      "Virtual Machines",
      "INR"
    ],
    [
      337.280998203124,
      "Virtual Network",
      "INR"
    ]
  ]
}
Azure rows fetched: 4
Prepared Azure records:
[{'cloud': 'azure', 'account_name': 'azure-main', 'service_name': 'Bandwidth', 'region': 'global', 'resource_id': None, 'usage_date': '2026-05-31', 'usage_quantity': 0, 'cost': 0.00197845657411962, 'currency': 'USD', 'environment': None, 'application': None, 'tags': None}, {'cloud': 'azure', 'account_name': 'azure-main', 'service_name': 'Storage', 'region': 'global', 'resource_id': None, 'usage_date': '2026-05-31', 'usage_quantity': 0, 'cost': 514.032540407114, 'currency': 'USD', 'environment': None, 'application': None, 'tags': None}, {'cloud': 'azure', 'account_name': 'azure-main', 'service_name': 'Virtual Machines', 'region': 'global', 'resource_id': None, 'usage_date': '2026-05-31', 'usage_quantity': 0, 'cost': 6399.31966954428, 'currency': 'USD', 'environment': None, 'application': None, 'tags': None}]
Traceback (most recent call last):
  File "C:\Users\SrikanthMudaliar\AI-Cloud-Advisor\azure_cost_sync.py", line 141, in <module>
    .execute()
     ^^^^^^^^^
  File "C:\Users\SrikanthMudaliar\AppData\Local\Programs\Python\Python312\Lib\site-packages\postgrest\_sync\request_builder.py", line 53, in execute
    raise APIError(dict(json_obj))
postgrest.exceptions.APIError: {'message': 'there is no unique or exclusion constraint matching the ON CONFLICT specification', 'code': '42P10', 'hint': None, 'details': None}
{
  "id": "subscriptions/49ce7e88-e929-4031-b5b2-c8b557e5da2d/providers/Microsoft.CostManagement/query/8534f5cc-4972-43c8-a898-7c83e340677f",
  "name": "8534f5cc-4972-43c8-a898-7c83e340677f",
  "type": "Microsoft.CostManagement/query",
  "columns": [
    {
      "name": "PreTaxCost",
      "type": "Number"
    },
    {
      "name": "ServiceName",
      "type": "String"
    },
    {
      "name": "Currency",
      "type": "String"
    }
  ],
  "rows": [
    [
      0.00197845657411962,
      "Bandwidth",
      "INR"
    ],
    [
      514.032540407114,
      "Storage",
      "INR"
    ],
    [
      6399.31966954428,
      "Virtual Machines",
      "INR"
    ],
    [
      337.280998203124,
      "Virtual Network",
      "INR"
    ]
  ]
}
Azure rows fetched: 4
Prepared Azure records:
[{'cloud': 'azure', 'account_name': 'azure-main', 'service_name': 'Bandwidth', 'region': 'global', 'resource_id': None, 'usage_date': '2026-05-31', 'usage_quantity': 0, 'cost': 0.00197845657411962, 'currency': 'USD', 'environment': None, 'application': None, 'tags': None}, {'cloud': 'azure', 'account_name': 'azure-main', 'service_name': 'Storage', 'region': 'global', 'resource_id': None, 'usage_date': '2026-05-31', 'usage_quantity': 0, 'cost': 514.032540407114, 'currency': 'USD', 'environment': None, 'application': None, 'tags': None}, {'cloud': 'azure', 'account_name': 'azure-main', 'service_name': 'Virtual Machines', 'region': 'global', 'resource_id': None, 'usage_date': '2026-05-31', 'usage_quantity': 0, 'cost': 6399.31966954428, 'currency': 'USD', 'environment': None, 'application': None, 'tags': None}]
Traceback (most recent call last):
  File "C:\Users\SrikanthMudaliar\AI-Cloud-Advisor\azure_cost_sync.py", line 141, in <module>
    .execute()
     ^^^^^^^^^
  File "C:\Users\SrikanthMudaliar\AppData\Local\Programs\Python\Python312\Lib\site-packages\postgrest\_sync\request_builder.py", line 53, in execute
    raise APIError(dict(json_obj))
postgrest.exceptions.APIError: {'message': 'there is no unique or exclusion constraint matching the ON CONFLICT specification', 'code': '42P10', 'hint': None, 'details': None}
{
  "id": "subscriptions/49ce7e88-e929-4031-b5b2-c8b557e5da2d/providers/Microsoft.CostManagement/query/dfc2279e-7a38-4450-abcf-7168090afd0d",
  "name": "dfc2279e-7a38-4450-abcf-7168090afd0d",
  "type": "Microsoft.CostManagement/query",
  "columns": [
    {
      "name": "PreTaxCost",
      "type": "Number"
    },
    {
      "name": "ServiceName",
      "type": "String"
    },
    {
      "name": "Currency",
      "type": "String"
    }
  ],
  "rows": [
    [
      0.00198302136529236,
      "Bandwidth",
      "INR"
    ],
    [
      514.032540407114,
      "Storage",
      "INR"
    ],
    [
      6408.30180079428,
      "Virtual Machines",
      "INR"
    ],
    [
      337.280998203124,
      "Virtual Network",
      "INR"
    ]
  ]
}
Azure rows fetched: 4
Prepared Azure records:
[{'cloud': 'azure', 'account_name': 'azure-main', 'service_name': 'Bandwidth', 'region': 'global', 'resource_id': None, 'usage_date': '2026-05-31', 'usage_quantity': 0, 'cost': 0.00198302136529236, 'currency': 'USD', 'environment': None, 'application': None, 'tags': None}, {'cloud': 'azure', 'account_name': 'azure-main', 'service_name': 'Storage', 'region': 'global', 'resource_id': None, 'usage_date': '2026-05-31', 'usage_quantity': 0, 'cost': 514.032540407114, 'currency': 'USD', 'environment': None, 'application': None, 'tags': None}, {'cloud': 'azure', 'account_name': 'azure-main', 'service_name': 'Virtual Machines', 'region': 'global', 'resource_id': None, 'usage_date': '2026-05-31', 'usage_quantity': 0, 'cost': 6408.30180079428, 'currency': 'USD', 'environment': None, 'application': None, 'tags': None}]
Traceback (most recent call last):
  File "C:\Users\SrikanthMudaliar\AI-Cloud-Advisor\azure_cost_sync.py", line 141, in <module>
    .execute()
     ^^^^^^^^^
  File "C:\Users\SrikanthMudaliar\AppData\Local\Programs\Python\Python312\Lib\site-packages\postgrest\_sync\request_builder.py", line 53, in execute
    raise APIError(dict(json_obj))
postgrest.exceptions.APIError: {'message': 'there is no unique or exclusion constraint matching the ON CONFLICT specification', 'code': '42P10', 'hint': None, 'details': None}
{
  "id": "subscriptions/49ce7e88-e929-4031-b5b2-c8b557e5da2d/providers/Microsoft.CostManagement/query/7199c3d1-f510-44e2-a024-b72c6d9ef270",
  "name": "7199c3d1-f510-44e2-a024-b72c6d9ef270",
  "type": "Microsoft.CostManagement/query",
  "columns": [
    {
      "name": "PreTaxCost",
      "type": "Number"
    },
    {
      "name": "ServiceName",
      "type": "String"
    },
    {
      "name": "Currency",
      "type": "String"
    }
  ],
  "rows": [
    [
      0.00198302136529236,
      "Bandwidth",
      "INR"
    ],
    [
      514.032540407114,
      "Storage",
      "INR"
    ],
    [
      6408.30180079428,
      "Virtual Machines",
      "INR"
    ],
    [
      337.280998203124,
      "Virtual Network",
      "INR"
    ]
  ]
}
Azure rows fetched: 4
Prepared Azure records:
[{'cloud': 'azure', 'account_name': 'azure-main', 'service_name': 'Bandwidth', 'region': 'global', 'resource_id': None, 'usage_date': '2026-05-31', 'usage_quantity': 0, 'cost': 0.00198302136529236, 'currency': 'USD', 'environment': None, 'application': None, 'tags': None}, {'cloud': 'azure', 'account_name': 'azure-main', 'service_name': 'Storage', 'region': 'global', 'resource_id': None, 'usage_date': '2026-05-31', 'usage_quantity': 0, 'cost': 514.032540407114, 'currency': 'USD', 'environment': None, 'application': None, 'tags': None}, {'cloud': 'azure', 'account_name': 'azure-main', 'service_name': 'Virtual Machines', 'region': 'global', 'resource_id': None, 'usage_date': '2026-05-31', 'usage_quantity': 0, 'cost': 6408.30180079428, 'currency': 'USD', 'environment': None, 'application': None, 'tags': None}]
Traceback (most recent call last):
  File "C:\Users\SrikanthMudaliar\AI-Cloud-Advisor\azure_cost_sync.py", line 141, in <module>
    .execute()
     ^^^^^^^^^
  File "C:\Users\SrikanthMudaliar\AppData\Local\Programs\Python\Python312\Lib\site-packages\postgrest\_sync\request_builder.py", line 53, in execute
    raise APIError(dict(json_obj))
postgrest.exceptions.APIError: {'message': 'there is no unique or exclusion constraint matching the ON CONFLICT specification', 'code': '42P10', 'hint': None, 'details': None}
{
  "id": "subscriptions/49ce7e88-e929-4031-b5b2-c8b557e5da2d/providers/Microsoft.CostManagement/query/fceae18b-0957-49b3-adb3-e5b0386ae9dd",
  "name": "fceae18b-0957-49b3-adb3-e5b0386ae9dd",
  "type": "Microsoft.CostManagement/query",
  "columns": [
    {
      "name": "PreTaxCost",
      "type": "Number"
    },
    {
      "name": "ServiceName",
      "type": "String"
    },
    {
      "name": "Currency",
      "type": "String"
    }
  ],
  "rows": [
    [
      0.00198302136529236,
      "Bandwidth",
      "INR"
    ],
    [
      514.032540407114,
      "Storage",
      "INR"
    ],
    [
      6408.30180079428,
      "Virtual Machines",
      "INR"
    ],
    [
      337.280998203124,
      "Virtual Network",
      "INR"
    ]
  ]
}
Azure rows fetched: 4
Prepared Azure records:
[{'cloud': 'azure', 'account_name': 'azure-main', 'service_name': 'Bandwidth', 'region': 'global', 'resource_id': None, 'usage_date': '2026-05-31', 'usage_quantity': 0, 'cost': 0.00198302136529236, 'currency': 'USD', 'environment': None, 'application': None, 'tags': None}, {'cloud': 'azure', 'account_name': 'azure-main', 'service_name': 'Storage', 'region': 'global', 'resource_id': None, 'usage_date': '2026-05-31', 'usage_quantity': 0, 'cost': 514.032540407114, 'currency': 'USD', 'environment': None, 'application': None, 'tags': None}, {'cloud': 'azure', 'account_name': 'azure-main', 'service_name': 'Virtual Machines', 'region': 'global', 'resource_id': None, 'usage_date': '2026-05-31', 'usage_quantity': 0, 'cost': 6408.30180079428, 'currency': 'USD', 'environment': None, 'application': None, 'tags': None}]
Traceback (most recent call last):
  File "C:\Users\SrikanthMudaliar\AI-Cloud-Advisor\azure_cost_sync.py", line 141, in <module>
    .execute()
     ^^^^^^^^^
  File "C:\Users\SrikanthMudaliar\AppData\Local\Programs\Python\Python312\Lib\site-packages\postgrest\_sync\request_builder.py", line 53, in execute
    raise APIError(dict(json_obj))
postgrest.exceptions.APIError: {'message': 'there is no unique or exclusion constraint matching the ON CONFLICT specification', 'code': '42P10', 'hint': None, 'details': None}
{
  "id": "subscriptions/49ce7e88-e929-4031-b5b2-c8b557e5da2d/providers/Microsoft.CostManagement/query/ce1c80bc-0633-4e3f-98c1-18022773ea12",
  "name": "ce1c80bc-0633-4e3f-98c1-18022773ea12",
  "type": "Microsoft.CostManagement/query",
  "columns": [
    {
      "name": "PreTaxCost",
      "type": "Number"
    },
    {
      "name": "ServiceName",
      "type": "String"
    },
    {
      "name": "Currency",
      "type": "String"
    }
  ],
  "rows": [
    [
      0.00198302136529236,
      "Bandwidth",
      "INR"
    ],
    [
      514.032540407114,
      "Storage",
      "INR"
    ],
    [
      6408.30180079428,
      "Virtual Machines",
      "INR"
    ],
    [
      337.280998203124,
      "Virtual Network",
      "INR"
    ]
  ]
}
Azure rows fetched: 4
Prepared Azure records:
[{'cloud': 'azure', 'account_name': 'azure-main', 'service_name': 'Bandwidth', 'region': 'global', 'resource_id': None, 'usage_date': '2026-05-31', 'usage_quantity': 0, 'cost': 0.00198302136529236, 'currency': 'USD', 'environment': None, 'application': None, 'tags': None}, {'cloud': 'azure', 'account_name': 'azure-main', 'service_name': 'Storage', 'region': 'global', 'resource_id': None, 'usage_date': '2026-05-31', 'usage_quantity': 0, 'cost': 514.032540407114, 'currency': 'USD', 'environment': None, 'application': None, 'tags': None}, {'cloud': 'azure', 'account_name': 'azure-main', 'service_name': 'Virtual Machines', 'region': 'global', 'resource_id': None, 'usage_date': '2026-05-31', 'usage_quantity': 0, 'cost': 6408.30180079428, 'currency': 'USD', 'environment': None, 'application': None, 'tags': None}]
Traceback (most recent call last):
  File "C:\Users\SrikanthMudaliar\AI-Cloud-Advisor\azure_cost_sync.py", line 141, in <module>
    .execute()
     ^^^^^^^^^
  File "C:\Users\SrikanthMudaliar\AppData\Local\Programs\Python\Python312\Lib\site-packages\postgrest\_sync\request_builder.py", line 53, in execute
    raise APIError(dict(json_obj))
postgrest.exceptions.APIError: {'message': 'there is no unique or exclusion constraint matching the ON CONFLICT specification', 'code': '42P10', 'hint': None, 'details': None}
{
  "id": "subscriptions/49ce7e88-e929-4031-b5b2-c8b557e5da2d/providers/Microsoft.CostManagement/query/ed6c7036-fee9-4d56-864f-10019aa02c0a",
  "name": "ed6c7036-fee9-4d56-864f-10019aa02c0a",
  "type": "Microsoft.CostManagement/query",
  "columns": [
    {
      "name": "PreTaxCost",
      "type": "Number"
    },
    {
      "name": "ServiceName",
      "type": "String"
    },
    {
      "name": "Currency",
      "type": "String"
    }
  ],
  "rows": [
    [
      0.00198302136529236,
      "Bandwidth",
      "INR"
    ],
    [
      514.032540407114,
      "Storage",
      "INR"
    ],
    [
      6408.30180079428,
      "Virtual Machines",
      "INR"
    ],
    [
      337.280998203124,
      "Virtual Network",
      "INR"
    ]
  ]
}
Azure rows fetched: 4
Prepared Azure records:
[{'cloud': 'azure', 'account_name': 'azure-main', 'service_name': 'Bandwidth', 'region': 'global', 'resource_id': None, 'usage_date': '2026-05-31', 'usage_quantity': 0, 'cost': 0.00198302136529236, 'currency': 'USD', 'environment': None, 'application': None, 'tags': None}, {'cloud': 'azure', 'account_name': 'azure-main', 'service_name': 'Storage', 'region': 'global', 'resource_id': None, 'usage_date': '2026-05-31', 'usage_quantity': 0, 'cost': 514.032540407114, 'currency': 'USD', 'environment': None, 'application': None, 'tags': None}, {'cloud': 'azure', 'account_name': 'azure-main', 'service_name': 'Virtual Machines', 'region': 'global', 'resource_id': None, 'usage_date': '2026-05-31', 'usage_quantity': 0, 'cost': 6408.30180079428, 'currency': 'USD', 'environment': None, 'application': None, 'tags': None}]
Traceback (most recent call last):
  File "C:\Users\SrikanthMudaliar\AI-Cloud-Advisor\azure_cost_sync.py", line 141, in <module>
    .execute()
     ^^^^^^^^^
  File "C:\Users\SrikanthMudaliar\AppData\Local\Programs\Python\Python312\Lib\site-packages\postgrest\_sync\request_builder.py", line 53, in execute
    raise APIError(dict(json_obj))
postgrest.exceptions.APIError: {'message': 'there is no unique or exclusion constraint matching the ON CONFLICT specification', 'code': '42P10', 'hint': None, 'details': None}
{
  "id": "subscriptions/49ce7e88-e929-4031-b5b2-c8b557e5da2d/providers/Microsoft.CostManagement/query/874ae09d-9475-4485-bc23-38b55c5f5026",
  "name": "874ae09d-9475-4485-bc23-38b55c5f5026",
  "type": "Microsoft.CostManagement/query",
  "columns": [
    {
      "name": "PreTaxCost",
      "type": "Number"
    },
    {
      "name": "ServiceName",
      "type": "String"
    },
    {
      "name": "Currency",
      "type": "String"
    }
  ],
  "rows": [
    [
      0.00198302136529236,
      "Bandwidth",
      "INR"
    ],
    [
      514.032540407114,
      "Storage",
      "INR"
    ],
    [
      6408.30180079428,
      "Virtual Machines",
      "INR"
    ],
    [
      337.280998203124,
      "Virtual Network",
      "INR"
    ]
  ]
}
Azure rows fetched: 4
Prepared Azure records:
[{'cloud': 'azure', 'account_name': 'azure-main', 'service_name': 'Bandwidth', 'region': 'global', 'resource_id': None, 'usage_date': '2026-05-31', 'usage_quantity': 0, 'cost': 0.00198302136529236, 'currency': 'USD', 'environment': None, 'application': None, 'tags': None}, {'cloud': 'azure', 'account_name': 'azure-main', 'service_name': 'Storage', 'region': 'global', 'resource_id': None, 'usage_date': '2026-05-31', 'usage_quantity': 0, 'cost': 514.032540407114, 'currency': 'USD', 'environment': None, 'application': None, 'tags': None}, {'cloud': 'azure', 'account_name': 'azure-main', 'service_name': 'Virtual Machines', 'region': 'global', 'resource_id': None, 'usage_date': '2026-05-31', 'usage_quantity': 0, 'cost': 6408.30180079428, 'currency': 'USD', 'environment': None, 'application': None, 'tags': None}]
Traceback (most recent call last):
  File "C:\Users\SrikanthMudaliar\AI-Cloud-Advisor\azure_cost_sync.py", line 141, in <module>
    .execute()
     ^^^^^^^^^
  File "C:\Users\SrikanthMudaliar\AppData\Local\Programs\Python\Python312\Lib\site-packages\postgrest\_sync\request_builder.py", line 53, in execute
    raise APIError(dict(json_obj))
postgrest.exceptions.APIError: {'message': 'there is no unique or exclusion constraint matching the ON CONFLICT specification', 'code': '42P10', 'hint': None, 'details': None}
{
  "id": "subscriptions/49ce7e88-e929-4031-b5b2-c8b557e5da2d/providers/Microsoft.CostManagement/query/78b9ae99-3333-48b4-9bc2-30aea7853b83",
  "name": "78b9ae99-3333-48b4-9bc2-30aea7853b83",
  "type": "Microsoft.CostManagement/query",
  "columns": [
    {
      "name": "PreTaxCost",
      "type": "Number"
    },
    {
      "name": "ServiceName",
      "type": "String"
    },
    {
      "name": "Currency",
      "type": "String"
    }
  ],
  "rows": [
    [
      0.00198302136529236,
      "Bandwidth",
      "INR"
    ],
    [
      514.032540407114,
      "Storage",
      "INR"
    ],
    [
      6408.30180079428,
      "Virtual Machines",
      "INR"
    ],
    [
      337.280998203124,
      "Virtual Network",
      "INR"
    ]
  ]
}
Azure rows fetched: 4
Prepared Azure records:
[{'cloud': 'azure', 'account_name': 'azure-main', 'service_name': 'Bandwidth', 'region': 'global', 'resource_id': None, 'usage_date': '2026-05-31', 'usage_quantity': 0, 'cost': 0.00198302136529236, 'currency': 'USD', 'environment': None, 'application': None, 'tags': None}, {'cloud': 'azure', 'account_name': 'azure-main', 'service_name': 'Storage', 'region': 'global', 'resource_id': None, 'usage_date': '2026-05-31', 'usage_quantity': 0, 'cost': 514.032540407114, 'currency': 'USD', 'environment': None, 'application': None, 'tags': None}, {'cloud': 'azure', 'account_name': 'azure-main', 'service_name': 'Virtual Machines', 'region': 'global', 'resource_id': None, 'usage_date': '2026-05-31', 'usage_quantity': 0, 'cost': 6408.30180079428, 'currency': 'USD', 'environment': None, 'application': None, 'tags': None}]
Traceback (most recent call last):
  File "C:\Users\SrikanthMudaliar\AI-Cloud-Advisor\azure_cost_sync.py", line 141, in <module>
    .execute()
     ^^^^^^^^^
  File "C:\Users\SrikanthMudaliar\AppData\Local\Programs\Python\Python312\Lib\site-packages\postgrest\_sync\request_builder.py", line 53, in execute
    raise APIError(dict(json_obj))
postgrest.exceptions.APIError: {'message': 'there is no unique or exclusion constraint matching the ON CONFLICT specification', 'code': '42P10', 'hint': None, 'details': None}
{
  "id": "subscriptions/49ce7e88-e929-4031-b5b2-c8b557e5da2d/providers/Microsoft.CostManagement/query/e2fe1041-5e61-49e7-ae17-cf01fe4cb293",
  "name": "e2fe1041-5e61-49e7-ae17-cf01fe4cb293",
  "type": "Microsoft.CostManagement/query",
  "columns": [
    {
      "name": "PreTaxCost",
      "type": "Number"
    },
    {
      "name": "ServiceName",
      "type": "String"
    },
    {
      "name": "Currency",
      "type": "String"
    }
  ],
  "rows": [
    [
      0.00198302136529236,
      "Bandwidth",
      "INR"
    ],
    [
      514.032540407114,
      "Storage",
      "INR"
    ],
    [
      6408.30180079428,
      "Virtual Machines",
      "INR"
    ],
    [
      337.280998203124,
      "Virtual Network",
      "INR"
    ]
  ]
}
Azure rows fetched: 4
Prepared Azure records:
[{'cloud': 'azure', 'account_name': 'azure-main', 'service_name': 'Bandwidth', 'region': 'global', 'resource_id': None, 'usage_date': '2026-05-31', 'usage_quantity': 0, 'cost': 0.00198302136529236, 'currency': 'USD', 'environment': None, 'application': None, 'tags': None}, {'cloud': 'azure', 'account_name': 'azure-main', 'service_name': 'Storage', 'region': 'global', 'resource_id': None, 'usage_date': '2026-05-31', 'usage_quantity': 0, 'cost': 514.032540407114, 'currency': 'USD', 'environment': None, 'application': None, 'tags': None}, {'cloud': 'azure', 'account_name': 'azure-main', 'service_name': 'Virtual Machines', 'region': 'global', 'resource_id': None, 'usage_date': '2026-05-31', 'usage_quantity': 0, 'cost': 6408.30180079428, 'currency': 'USD', 'environment': None, 'application': None, 'tags': None}]
Traceback (most recent call last):
  File "C:\Users\SrikanthMudaliar\AI-Cloud-Advisor\azure_cost_sync.py", line 141, in <module>
    .execute()
     ^^^^^^^^^
  File "C:\Users\SrikanthMudaliar\AppData\Local\Programs\Python\Python312\Lib\site-packages\postgrest\_sync\request_builder.py", line 53, in execute
    raise APIError(dict(json_obj))
postgrest.exceptions.APIError: {'message': 'there is no unique or exclusion constraint matching the ON CONFLICT specification', 'code': '42P10', 'hint': None, 'details': None}
{
  "id": "subscriptions/49ce7e88-e929-4031-b5b2-c8b557e5da2d/providers/Microsoft.CostManagement/query/053bf2b7-82fc-48e6-bb02-85c9fb633db3",
  "name": "053bf2b7-82fc-48e6-bb02-85c9fb633db3",
  "type": "Microsoft.CostManagement/query",
  "columns": [
    {
      "name": "PreTaxCost",
      "type": "Number"
    },
    {
      "name": "ServiceName",
      "type": "String"
    },
    {
      "name": "Currency",
      "type": "String"
    }
  ],
  "rows": [
    [
      0.00200584532115608,
      "Bandwidth",
      "INR"
    ],
    [
      520.000992426122,
      "Storage",
      "INR"
    ],
    [
      6480.15885079428,
      "Virtual Machines",
      "INR"
    ],
    [
      340.590204453124,
      "Virtual Network",
      "INR"
    ]
  ]
}
Azure rows fetched: 4
Prepared Azure records:
[{'cloud': 'azure', 'account_name': 'azure-main', 'service_name': 'Bandwidth', 'region': 'global', 'resource_id': None, 'usage_date': '2026-05-31', 'usage_quantity': 0, 'cost': 0.00200584532115608, 'currency': 'USD', 'environment': None, 'application': None, 'tags': None}, {'cloud': 'azure', 'account_name': 'azure-main', 'service_name': 'Storage', 'region': 'global', 'resource_id': None, 'usage_date': '2026-05-31', 'usage_quantity': 0, 'cost': 520.000992426122, 'currency': 'USD', 'environment': None, 'application': None, 'tags': None}, {'cloud': 'azure', 'account_name': 'azure-main', 'service_name': 'Virtual Machines', 'region': 'global', 'resource_id': None, 'usage_date': '2026-05-31', 'usage_quantity': 0, 'cost': 6480.15885079428, 'currency': 'USD', 'environment': None, 'application': None, 'tags': None}]
Traceback (most recent call last):
  File "C:\Users\SrikanthMudaliar\AI-Cloud-Advisor\azure_cost_sync.py", line 141, in <module>
    .execute()
     ^^^^^^^^^
  File "C:\Users\SrikanthMudaliar\AppData\Local\Programs\Python\Python312\Lib\site-packages\postgrest\_sync\request_builder.py", line 53, in execute
    raise APIError(dict(json_obj))
postgrest.exceptions.APIError: {'message': 'there is no unique or exclusion constraint matching the ON CONFLICT specification', 'code': '42P10', 'hint': None, 'details': None}
{
  "id": "subscriptions/49ce7e88-e929-4031-b5b2-c8b557e5da2d/providers/Microsoft.CostManagement/query/77f2e8d8-8e64-43dd-8b58-c32426a1e2af",
  "name": "77f2e8d8-8e64-43dd-8b58-c32426a1e2af",
  "type": "Microsoft.CostManagement/query",
  "columns": [
    {
      "name": "PreTaxCost",
      "type": "Number"
    },
    {
      "name": "ServiceName",
      "type": "String"
    },
    {
      "name": "Currency",
      "type": "String"
    }
  ],
  "rows": [
    [
      0.00200584532115608,
      "Bandwidth",
      "INR"
    ],
    [
      520.000992426122,
      "Storage",
      "INR"
    ],
    [
      6480.15885079428,
      "Virtual Machines",
      "INR"
    ],
    [
      340.590204453124,
      "Virtual Network",
      "INR"
    ]
  ]
}
Azure rows fetched: 4
Prepared Azure records:
[{'cloud': 'azure', 'account_name': 'azure-main', 'service_name': 'Bandwidth', 'region': 'global', 'resource_id': None, 'usage_date': '2026-05-31', 'usage_quantity': 0, 'cost': 0.00200584532115608, 'currency': 'USD', 'environment': None, 'application': None, 'tags': None}, {'cloud': 'azure', 'account_name': 'azure-main', 'service_name': 'Storage', 'region': 'global', 'resource_id': None, 'usage_date': '2026-05-31', 'usage_quantity': 0, 'cost': 520.000992426122, 'currency': 'USD', 'environment': None, 'application': None, 'tags': None}, {'cloud': 'azure', 'account_name': 'azure-main', 'service_name': 'Virtual Machines', 'region': 'global', 'resource_id': None, 'usage_date': '2026-05-31', 'usage_quantity': 0, 'cost': 6480.15885079428, 'currency': 'USD', 'environment': None, 'application': None, 'tags': None}]
Traceback (most recent call last):
  File "C:\Users\SrikanthMudaliar\AI-Cloud-Advisor\azure_cost_sync.py", line 141, in <module>
    .execute()
     ^^^^^^^^^
  File "C:\Users\SrikanthMudaliar\AppData\Local\Programs\Python\Python312\Lib\site-packages\postgrest\_sync\request_builder.py", line 53, in execute
    raise APIError(dict(json_obj))
postgrest.exceptions.APIError: {'message': 'there is no unique or exclusion constraint matching the ON CONFLICT specification', 'code': '42P10', 'hint': None, 'details': None}
{
  "id": "subscriptions/49ce7e88-e929-4031-b5b2-c8b557e5da2d/providers/Microsoft.CostManagement/query/54e9f6c3-a76c-4939-9e24-c1548269a98d",
  "name": "54e9f6c3-a76c-4939-9e24-c1548269a98d",
  "type": "Microsoft.CostManagement/query",
  "columns": [
    {
      "name": "PreTaxCost",
      "type": "Number"
    },
    {
      "name": "ServiceName",
      "type": "String"
    },
    {
      "name": "Currency",
      "type": "String"
    }
  ],
  "rows": [
    [
      0.00201079051159321,
      "Bandwidth",
      "INR"
    ],
    [
      521.417933577338,
      "Storage",
      "INR"
    ],
    [
      6498.12311329428,
      "Virtual Machines",
      "INR"
    ],
    [
      341.535691953124,
      "Virtual Network",
      "INR"
    ]
  ]
}
Azure rows fetched: 4
Prepared Azure records:
[{'cloud': 'azure', 'account_name': 'azure-main', 'service_name': 'Bandwidth', 'region': 'global', 'resource_id': None, 'usage_date': '2026-05-31', 'usage_quantity': 0, 'cost': 0.00201079051159321, 'currency': 'USD', 'environment': None, 'application': None, 'tags': None}, {'cloud': 'azure', 'account_name': 'azure-main', 'service_name': 'Storage', 'region': 'global', 'resource_id': None, 'usage_date': '2026-05-31', 'usage_quantity': 0, 'cost': 521.417933577338, 'currency': 'USD', 'environment': None, 'application': None, 'tags': None}, {'cloud': 'azure', 'account_name': 'azure-main', 'service_name': 'Virtual Machines', 'region': 'global', 'resource_id': None, 'usage_date': '2026-05-31', 'usage_quantity': 0, 'cost': 6498.12311329428, 'currency': 'USD', 'environment': None, 'application': None, 'tags': None}]
Traceback (most recent call last):
  File "C:\Users\SrikanthMudaliar\AI-Cloud-Advisor\azure_cost_sync.py", line 141, in <module>
    .execute()
     ^^^^^^^^^
  File "C:\Users\SrikanthMudaliar\AppData\Local\Programs\Python\Python312\Lib\site-packages\postgrest\_sync\request_builder.py", line 53, in execute
    raise APIError(dict(json_obj))
postgrest.exceptions.APIError: {'message': 'there is no unique or exclusion constraint matching the ON CONFLICT specification', 'code': '42P10', 'hint': None, 'details': None}
{
  "id": "subscriptions/49ce7e88-e929-4031-b5b2-c8b557e5da2d/providers/Microsoft.CostManagement/query/8d7475ea-dc51-4cfa-8925-4f60e7654e99",
  "name": "8d7475ea-dc51-4cfa-8925-4f60e7654e99",
  "type": "Microsoft.CostManagement/query",
  "columns": [
    {
      "name": "PreTaxCost",
      "type": "Number"
    },
    {
      "name": "ServiceName",
      "type": "String"
    },
    {
      "name": "Currency",
      "type": "String"
    }
  ],
  "rows": []
}
Azure rows fetched: 0
No Azure cost data found.
Traceback (most recent call last):
  File "C:\Users\SrikanthMudaliar\AI-Cloud-Advisor\azure_cost_sync.py", line 46, in <module>
    query_result = cost_client.query.usage(
                   ^^^^^^^^^^^^^^^^^^^^^^^^
  File "C:\Users\SrikanthMudaliar\AppData\Local\Programs\Python\Python312\Lib\site-packages\azure\core\tracing\decorator.py", line 119, in wrapper_use_tracer
    return func(*args, **kwargs)
           ^^^^^^^^^^^^^^^^^^^^^
  File "C:\Users\SrikanthMudaliar\AppData\Local\Programs\Python\Python312\Lib\site-packages\azure\mgmt\costmanagement\operations\_query_operations.py", line 278, in usage
    raise HttpResponseError(response=response, model=error, error_format=ARMErrorFormat)
azure.core.exceptions.HttpResponseError: (429) Too many requests. Please retry.
Code: 429
Message: Too many requests. Please retry.
{
  "id": "subscriptions/49ce7e88-e929-4031-b5b2-c8b557e5da2d/providers/Microsoft.CostManagement/query/3cf8e831-4cea-453b-b160-ae72e67bd3fb",
  "name": "3cf8e831-4cea-453b-b160-ae72e67bd3fb",
  "type": "Microsoft.CostManagement/query",
  "columns": [
    {
      "name": "PreTaxCost",
      "type": "Number"
    },
    {
      "name": "ServiceName",
      "type": "String"
    },
    {
      "name": "Currency",
      "type": "String"
    }
  ],
  "rows": [
    [
      0.0,
      "Bandwidth",
      "INR"
    ],
    [
      0.478462500000001,
      "Virtual Network",
      "INR"
    ]
  ]
}
Azure rows fetched: 2
Prepared Azure records:
[{'cloud': 'azure', 'account_name': 'azure-main', 'service_name': 'Bandwidth', 'region': 'global', 'resource_id': None, 'usage_date': '2026-06-01', 'usage_quantity': 0, 'cost': 0.0, 'currency': 'USD', 'environment': None, 'application': None, 'tags': None}, {'cloud': 'azure', 'account_name': 'azure-main', 'service_name': 'Virtual Network', 'region': 'global', 'resource_id': None, 'usage_date': '2026-06-01', 'usage_quantity': 0, 'cost': 0.478462500000001, 'currency': 'USD', 'environment': None, 'application': None, 'tags': None}]
Traceback (most recent call last):
  File "C:\Users\SrikanthMudaliar\AI-Cloud-Advisor\azure_cost_sync.py", line 141, in <module>
    .execute()
     ^^^^^^^^^
  File "C:\Users\SrikanthMudaliar\AppData\Local\Programs\Python\Python312\Lib\site-packages\postgrest\_sync\request_builder.py", line 53, in execute
    raise APIError(dict(json_obj))
postgrest.exceptions.APIError: {'message': 'there is no unique or exclusion constraint matching the ON CONFLICT specification', 'code': '42P10', 'hint': None, 'details': None}
Traceback (most recent call last):
  File "C:\Users\SrikanthMudaliar\AI-Cloud-Advisor\azure_cost_sync.py", line 46, in <module>
    query_result = cost_client.query.usage(
                   ^^^^^^^^^^^^^^^^^^^^^^^^
  File "C:\Users\SrikanthMudaliar\AppData\Local\Programs\Python\Python312\Lib\site-packages\azure\core\tracing\decorator.py", line 119, in wrapper_use_tracer
    return func(*args, **kwargs)
           ^^^^^^^^^^^^^^^^^^^^^
  File "C:\Users\SrikanthMudaliar\AppData\Local\Programs\Python\Python312\Lib\site-packages\azure\mgmt\costmanagement\operations\_query_operations.py", line 278, in usage
    raise HttpResponseError(response=response, model=error, error_format=ARMErrorFormat)
azure.core.exceptions.HttpResponseError: (429) Too many requests. Please retry.
Code: 429
Message: Too many requests. Please retry.
{
  "id": "subscriptions/49ce7e88-e929-4031-b5b2-c8b557e5da2d/providers/Microsoft.CostManagement/query/6be325b0-56d6-4d20-ae5e-8deb5f473a28",
  "name": "6be325b0-56d6-4d20-ae5e-8deb5f473a28",
  "type": "Microsoft.CostManagement/query",
  "columns": [
    {
      "name": "PreTaxCost",
      "type": "Number"
    },
    {
      "name": "ServiceName",
      "type": "String"
    },
    {
      "name": "Currency",
      "type": "String"
    }
  ],
  "rows": [
    [
      0.0,
      "Bandwidth",
      "INR"
    ],
    [
      0.478462500000001,
      "Virtual Network",
      "INR"
    ]
  ]
}
Azure rows fetched: 2
Prepared Azure records:
[{'cloud': 'azure', 'account_name': 'azure-main', 'service_name': 'Bandwidth', 'region': 'global', 'resource_id': None, 'usage_date': '2026-06-01', 'usage_quantity': 0, 'cost': 0.0, 'currency': 'USD', 'environment': None, 'application': None, 'tags': None}, {'cloud': 'azure', 'account_name': 'azure-main', 'service_name': 'Virtual Network', 'region': 'global', 'resource_id': None, 'usage_date': '2026-06-01', 'usage_quantity': 0, 'cost': 0.478462500000001, 'currency': 'USD', 'environment': None, 'application': None, 'tags': None}]
Traceback (most recent call last):
  File "C:\Users\SrikanthMudaliar\AI-Cloud-Advisor\azure_cost_sync.py", line 141, in <module>
    .execute()
     ^^^^^^^^^
  File "C:\Users\SrikanthMudaliar\AppData\Local\Programs\Python\Python312\Lib\site-packages\postgrest\_sync\request_builder.py", line 53, in execute
    raise APIError(dict(json_obj))
postgrest.exceptions.APIError: {'message': 'there is no unique or exclusion constraint matching the ON CONFLICT specification', 'code': '42P10', 'hint': None, 'details': None}
{
  "id": "subscriptions/49ce7e88-e929-4031-b5b2-c8b557e5da2d/providers/Microsoft.CostManagement/query/4e6f95e2-35bc-4f5f-b709-9a9995a47a39",
  "name": "4e6f95e2-35bc-4f5f-b709-9a9995a47a39",
  "type": "Microsoft.CostManagement/query",
  "columns": [
    {
      "name": "PreTaxCost",
      "type": "Number"
    },
    {
      "name": "ServiceName",
      "type": "String"
    },
    {
      "name": "Currency",
      "type": "String"
    }
  ],
  "rows": [
    [
      0.0,
      "Bandwidth",
      "INR"
    ],
    [
      0.478462500000001,
      "Virtual Network",
      "INR"
    ]
  ]
}
Azure rows fetched: 2
Prepared Azure records:
[{'cloud': 'azure', 'account_name': 'azure-main', 'service_name': 'Bandwidth', 'region': 'global', 'resource_id': None, 'usage_date': '2026-06-01', 'usage_quantity': 0, 'cost': 0.0, 'currency': 'USD', 'environment': None, 'application': None, 'tags': None}, {'cloud': 'azure', 'account_name': 'azure-main', 'service_name': 'Virtual Network', 'region': 'global', 'resource_id': None, 'usage_date': '2026-06-01', 'usage_quantity': 0, 'cost': 0.478462500000001, 'currency': 'USD', 'environment': None, 'application': None, 'tags': None}]
Traceback (most recent call last):
  File "C:\Users\SrikanthMudaliar\AI-Cloud-Advisor\azure_cost_sync.py", line 141, in <module>
    .execute()
     ^^^^^^^^^
  File "C:\Users\SrikanthMudaliar\AppData\Local\Programs\Python\Python312\Lib\site-packages\postgrest\_sync\request_builder.py", line 53, in execute
    raise APIError(dict(json_obj))
postgrest.exceptions.APIError: {'message': 'there is no unique or exclusion constraint matching the ON CONFLICT specification', 'code': '42P10', 'hint': None, 'details': None}
Traceback (most recent call last):
  File "C:\Users\SrikanthMudaliar\AI-Cloud-Advisor\azure_cost_sync.py", line 46, in <module>
    query_result = cost_client.query.usage(
                   ^^^^^^^^^^^^^^^^^^^^^^^^
  File "C:\Users\SrikanthMudaliar\AppData\Local\Programs\Python\Python312\Lib\site-packages\azure\core\tracing\decorator.py", line 119, in wrapper_use_tracer
    return func(*args, **kwargs)
           ^^^^^^^^^^^^^^^^^^^^^
  File "C:\Users\SrikanthMudaliar\AppData\Local\Programs\Python\Python312\Lib\site-packages\azure\mgmt\costmanagement\operations\_query_operations.py", line 278, in usage
    raise HttpResponseError(response=response, model=error, error_format=ARMErrorFormat)
azure.core.exceptions.HttpResponseError: (429) Too many requests. Please retry.
Code: 429
Message: Too many requests. Please retry.
Traceback (most recent call last):
  File "C:\Users\SrikanthMudaliar\AI-Cloud-Advisor\azure_cost_sync.py", line 46, in <module>
    query_result = cost_client.query.usage(
                   ^^^^^^^^^^^^^^^^^^^^^^^^
  File "C:\Users\SrikanthMudaliar\AppData\Local\Programs\Python\Python312\Lib\site-packages\azure\core\tracing\decorator.py", line 119, in wrapper_use_tracer
    return func(*args, **kwargs)
           ^^^^^^^^^^^^^^^^^^^^^
  File "C:\Users\SrikanthMudaliar\AppData\Local\Programs\Python\Python312\Lib\site-packages\azure\mgmt\costmanagement\operations\_query_operations.py", line 278, in usage
    raise HttpResponseError(response=response, model=error, error_format=ARMErrorFormat)
azure.core.exceptions.HttpResponseError: (429) Too many requests. Please retry.
Code: 429
Message: Too many requests. Please retry.
Traceback (most recent call last):
  File "C:\Users\SrikanthMudaliar\AI-Cloud-Advisor\azure_cost_sync.py", line 46, in <module>
    query_result = cost_client.query.usage(
                   ^^^^^^^^^^^^^^^^^^^^^^^^
  File "C:\Users\SrikanthMudaliar\AppData\Local\Programs\Python\Python312\Lib\site-packages\azure\core\tracing\decorator.py", line 119, in wrapper_use_tracer
    return func(*args, **kwargs)
           ^^^^^^^^^^^^^^^^^^^^^
  File "C:\Users\SrikanthMudaliar\AppData\Local\Programs\Python\Python312\Lib\site-packages\azure\mgmt\costmanagement\operations\_query_operations.py", line 278, in usage
    raise HttpResponseError(response=response, model=error, error_format=ARMErrorFormat)
azure.core.exceptions.HttpResponseError: (429) Too many requests. Please retry.
Code: 429
Message: Too many requests. Please retry.
Traceback (most recent call last):
  File "C:\Users\SrikanthMudaliar\AI-Cloud-Advisor\azure_cost_sync.py", line 46, in <module>
    query_result = cost_client.query.usage(
                   ^^^^^^^^^^^^^^^^^^^^^^^^
  File "C:\Users\SrikanthMudaliar\AppData\Local\Programs\Python\Python312\Lib\site-packages\azure\core\tracing\decorator.py", line 119, in wrapper_use_tracer
    return func(*args, **kwargs)
           ^^^^^^^^^^^^^^^^^^^^^
  File "C:\Users\SrikanthMudaliar\AppData\Local\Programs\Python\Python312\Lib\site-packages\azure\mgmt\costmanagement\operations\_query_operations.py", line 278, in usage
    raise HttpResponseError(response=response, model=error, error_format=ARMErrorFormat)
azure.core.exceptions.HttpResponseError: (429) Too many requests. Please retry.
Code: 429
Message: Too many requests. Please retry.
Traceback (most recent call last):
  File "C:\Users\SrikanthMudaliar\AI-Cloud-Advisor\azure_cost_sync.py", line 46, in <module>
    query_result = cost_client.query.usage(
                   ^^^^^^^^^^^^^^^^^^^^^^^^
  File "C:\Users\SrikanthMudaliar\AppData\Local\Programs\Python\Python312\Lib\site-packages\azure\core\tracing\decorator.py", line 119, in wrapper_use_tracer
    return func(*args, **kwargs)
           ^^^^^^^^^^^^^^^^^^^^^
  File "C:\Users\SrikanthMudaliar\AppData\Local\Programs\Python\Python312\Lib\site-packages\azure\mgmt\costmanagement\operations\_query_operations.py", line 278, in usage
    raise HttpResponseError(response=response, model=error, error_format=ARMErrorFormat)
azure.core.exceptions.HttpResponseError: (429) Too many requests. Please retry.
Code: 429
Message: Too many requests. Please retry.
Traceback (most recent call last):
  File "C:\Users\SrikanthMudaliar\AI-Cloud-Advisor\azure_cost_sync.py", line 46, in <module>
    query_result = cost_client.query.usage(
                   ^^^^^^^^^^^^^^^^^^^^^^^^
  File "C:\Users\SrikanthMudaliar\AppData\Local\Programs\Python\Python312\Lib\site-packages\azure\core\tracing\decorator.py", line 119, in wrapper_use_tracer
    return func(*args, **kwargs)
           ^^^^^^^^^^^^^^^^^^^^^
  File "C:\Users\SrikanthMudaliar\AppData\Local\Programs\Python\Python312\Lib\site-packages\azure\mgmt\costmanagement\operations\_query_operations.py", line 278, in usage
    raise HttpResponseError(response=response, model=error, error_format=ARMErrorFormat)
azure.core.exceptions.HttpResponseError: (429) Too many requests. Please retry.
Code: 429
Message: Too many requests. Please retry.
Traceback (most recent call last):
  File "C:\Users\SrikanthMudaliar\AI-Cloud-Advisor\azure_cost_sync.py", line 46, in <module>
    query_result = cost_client.query.usage(
                   ^^^^^^^^^^^^^^^^^^^^^^^^
  File "C:\Users\SrikanthMudaliar\AppData\Local\Programs\Python\Python312\Lib\site-packages\azure\core\tracing\decorator.py", line 119, in wrapper_use_tracer
    return func(*args, **kwargs)
           ^^^^^^^^^^^^^^^^^^^^^
  File "C:\Users\SrikanthMudaliar\AppData\Local\Programs\Python\Python312\Lib\site-packages\azure\mgmt\costmanagement\operations\_query_operations.py", line 278, in usage
    raise HttpResponseError(response=response, model=error, error_format=ARMErrorFormat)
azure.core.exceptions.HttpResponseError: (429) Too many requests. Please retry.
Code: 429
Message: Too many requests. Please retry.
Traceback (most recent call last):
  File "C:\Users\SrikanthMudaliar\AI-Cloud-Advisor\azure_cost_sync.py", line 46, in <module>
    query_result = cost_client.query.usage(
                   ^^^^^^^^^^^^^^^^^^^^^^^^
  File "C:\Users\SrikanthMudaliar\AppData\Local\Programs\Python\Python312\Lib\site-packages\azure\core\tracing\decorator.py", line 119, in wrapper_use_tracer
    return func(*args, **kwargs)
           ^^^^^^^^^^^^^^^^^^^^^
  File "C:\Users\SrikanthMudaliar\AppData\Local\Programs\Python\Python312\Lib\site-packages\azure\mgmt\costmanagement\operations\_query_operations.py", line 278, in usage
    raise HttpResponseError(response=response, model=error, error_format=ARMErrorFormat)
azure.core.exceptions.HttpResponseError: (429) Too many requests. Please retry.
Code: 429
Message: Too many requests. Please retry.
Traceback (most recent call last):
  File "C:\Users\SrikanthMudaliar\AI-Cloud-Advisor\azure_cost_sync.py", line 46, in <module>
    query_result = cost_client.query.usage(
                   ^^^^^^^^^^^^^^^^^^^^^^^^
  File "C:\Users\SrikanthMudaliar\AppData\Local\Programs\Python\Python312\Lib\site-packages\azure\core\tracing\decorator.py", line 119, in wrapper_use_tracer
    return func(*args, **kwargs)
           ^^^^^^^^^^^^^^^^^^^^^
  File "C:\Users\SrikanthMudaliar\AppData\Local\Programs\Python\Python312\Lib\site-packages\azure\mgmt\costmanagement\operations\_query_operations.py", line 278, in usage
    raise HttpResponseError(response=response, model=error, error_format=ARMErrorFormat)
azure.core.exceptions.HttpResponseError: (429) Too many requests. Please retry.
Code: 429
Message: Too many requests. Please retry.
Traceback (most recent call last):
  File "C:\Users\SrikanthMudaliar\AI-Cloud-Advisor\azure_cost_sync.py", line 46, in <module>
    query_result = cost_client.query.usage(
                   ^^^^^^^^^^^^^^^^^^^^^^^^
  File "C:\Users\SrikanthMudaliar\AppData\Local\Programs\Python\Python312\Lib\site-packages\azure\core\tracing\decorator.py", line 119, in wrapper_use_tracer
    return func(*args, **kwargs)
           ^^^^^^^^^^^^^^^^^^^^^
  File "C:\Users\SrikanthMudaliar\AppData\Local\Programs\Python\Python312\Lib\site-packages\azure\mgmt\costmanagement\operations\_query_operations.py", line 278, in usage
    raise HttpResponseError(response=response, model=error, error_format=ARMErrorFormat)
azure.core.exceptions.HttpResponseError: (429) Too many requests. Please retry.
Code: 429
Message: Too many requests. Please retry.
Traceback (most recent call last):
  File "C:\Users\SrikanthMudaliar\AI-Cloud-Advisor\azure_cost_sync.py", line 46, in <module>
    query_result = cost_client.query.usage(
                   ^^^^^^^^^^^^^^^^^^^^^^^^
  File "C:\Users\SrikanthMudaliar\AppData\Local\Programs\Python\Python312\Lib\site-packages\azure\core\tracing\decorator.py", line 119, in wrapper_use_tracer
    return func(*args, **kwargs)
           ^^^^^^^^^^^^^^^^^^^^^
  File "C:\Users\SrikanthMudaliar\AppData\Local\Programs\Python\Python312\Lib\site-packages\azure\mgmt\costmanagement\operations\_query_operations.py", line 278, in usage
    raise HttpResponseError(response=response, model=error, error_format=ARMErrorFormat)
azure.core.exceptions.HttpResponseError: (429) Too many requests. Please retry.
Code: 429
Message: Too many requests. Please retry.
Traceback (most recent call last):
  File "C:\Users\SrikanthMudaliar\AI-Cloud-Advisor\azure_cost_sync.py", line 46, in <module>
    query_result = cost_client.query.usage(
                   ^^^^^^^^^^^^^^^^^^^^^^^^
  File "C:\Users\SrikanthMudaliar\AppData\Local\Programs\Python\Python312\Lib\site-packages\azure\core\tracing\decorator.py", line 119, in wrapper_use_tracer
    return func(*args, **kwargs)
           ^^^^^^^^^^^^^^^^^^^^^
  File "C:\Users\SrikanthMudaliar\AppData\Local\Programs\Python\Python312\Lib\site-packages\azure\mgmt\costmanagement\operations\_query_operations.py", line 278, in usage
    raise HttpResponseError(response=response, model=error, error_format=ARMErrorFormat)
azure.core.exceptions.HttpResponseError: (429) Too many requests. Please retry.
Code: 429
Message: Too many requests. Please retry.
Traceback (most recent call last):
  File "C:\Users\SrikanthMudaliar\AI-Cloud-Advisor\azure_cost_sync.py", line 46, in <module>
    query_result = cost_client.query.usage(
                   ^^^^^^^^^^^^^^^^^^^^^^^^
  File "C:\Users\SrikanthMudaliar\AppData\Local\Programs\Python\Python312\Lib\site-packages\azure\core\tracing\decorator.py", line 119, in wrapper_use_tracer
    return func(*args, **kwargs)
           ^^^^^^^^^^^^^^^^^^^^^
  File "C:\Users\SrikanthMudaliar\AppData\Local\Programs\Python\Python312\Lib\site-packages\azure\mgmt\costmanagement\operations\_query_operations.py", line 278, in usage
    raise HttpResponseError(response=response, model=error, error_format=ARMErrorFormat)
azure.core.exceptions.HttpResponseError: (429) Too many requests. Please retry.
Code: 429
Message: Too many requests. Please retry.
Traceback (most recent call last):
  File "C:\Users\SrikanthMudaliar\AI-Cloud-Advisor\azure_cost_sync.py", line 46, in <module>
    query_result = cost_client.query.usage(
                   ^^^^^^^^^^^^^^^^^^^^^^^^
  File "C:\Users\SrikanthMudaliar\AppData\Local\Programs\Python\Python312\Lib\site-packages\azure\core\tracing\decorator.py", line 119, in wrapper_use_tracer
    return func(*args, **kwargs)
           ^^^^^^^^^^^^^^^^^^^^^
  File "C:\Users\SrikanthMudaliar\AppData\Local\Programs\Python\Python312\Lib\site-packages\azure\mgmt\costmanagement\operations\_query_operations.py", line 278, in usage
    raise HttpResponseError(response=response, model=error, error_format=ARMErrorFormat)
azure.core.exceptions.HttpResponseError: (429) Too many requests. Please retry.
Code: 429
Message: Too many requests. Please retry.
Traceback (most recent call last):
  File "C:\Users\SrikanthMudaliar\AI-Cloud-Advisor\azure_cost_sync.py", line 46, in <module>
    query_result = cost_client.query.usage(
                   ^^^^^^^^^^^^^^^^^^^^^^^^
  File "C:\Users\SrikanthMudaliar\AppData\Local\Programs\Python\Python312\Lib\site-packages\azure\core\tracing\decorator.py", line 119, in wrapper_use_tracer
    return func(*args, **kwargs)
           ^^^^^^^^^^^^^^^^^^^^^
  File "C:\Users\SrikanthMudaliar\AppData\Local\Programs\Python\Python312\Lib\site-packages\azure\mgmt\costmanagement\operations\_query_operations.py", line 278, in usage
    raise HttpResponseError(response=response, model=error, error_format=ARMErrorFormat)
azure.core.exceptions.HttpResponseError: (429) Too many requests. Please retry.
Code: 429
Message: Too many requests. Please retry.
{
  "id": "subscriptions/49ce7e88-e929-4031-b5b2-c8b557e5da2d/providers/Microsoft.CostManagement/query/2201d404-9eff-4052-9894-268d5f43f4c5",
  "name": "2201d404-9eff-4052-9894-268d5f43f4c5",
  "type": "Microsoft.CostManagement/query",
  "columns": [
    {
      "name": "PreTaxCost",
      "type": "Number"
    },
    {
      "name": "ServiceName",
      "type": "String"
    },
    {
      "name": "Currency",
      "type": "String"
    }
  ],
  "rows": [
    [
      8.23901988565924e-05,
      "Bandwidth",
      "INR"
    ],
    [
      22.4555097970801,
      "Storage",
      "INR"
    ],
    [
      290.905200000001,
      "Virtual Machines",
      "INR"
    ],
    [
      15.7892625,
      "Virtual Network",
      "INR"
    ]
  ]
}
Azure rows fetched: 4
Prepared Azure records:
[{'cloud': 'azure', 'account_name': 'azure-main', 'service_name': 'Bandwidth', 'region': 'global', 'resource_id': None, 'usage_date': '2026-06-02', 'usage_quantity': 0, 'cost': 8.23901988565924e-05, 'currency': 'USD', 'environment': None, 'application': None, 'tags': None}, {'cloud': 'azure', 'account_name': 'azure-main', 'service_name': 'Storage', 'region': 'global', 'resource_id': None, 'usage_date': '2026-06-02', 'usage_quantity': 0, 'cost': 22.4555097970801, 'currency': 'USD', 'environment': None, 'application': None, 'tags': None}, {'cloud': 'azure', 'account_name': 'azure-main', 'service_name': 'Virtual Machines', 'region': 'global', 'resource_id': None, 'usage_date': '2026-06-02', 'usage_quantity': 0, 'cost': 290.905200000001, 'currency': 'USD', 'environment': None, 'application': None, 'tags': None}]
Traceback (most recent call last):
  File "C:\Users\SrikanthMudaliar\AI-Cloud-Advisor\azure_cost_sync.py", line 141, in <module>
    .execute()
     ^^^^^^^^^
  File "C:\Users\SrikanthMudaliar\AppData\Local\Programs\Python\Python312\Lib\site-packages\postgrest\_sync\request_builder.py", line 53, in execute
    raise APIError(dict(json_obj))
postgrest.exceptions.APIError: {'message': 'there is no unique or exclusion constraint matching the ON CONFLICT specification', 'code': '42P10', 'hint': None, 'details': None}
{
  "id": "subscriptions/49ce7e88-e929-4031-b5b2-c8b557e5da2d/providers/Microsoft.CostManagement/query/893cf282-e053-45fe-ad33-50f78d23c144",
  "name": "893cf282-e053-45fe-ad33-50f78d23c144",
  "type": "Microsoft.CostManagement/query",
  "columns": [
    {
      "name": "PreTaxCost",
      "type": "Number"
    },
    {
      "name": "ServiceName",
      "type": "String"
    },
    {
      "name": "Currency",
      "type": "String"
    }
  ],
  "rows": [
    [
      8.23901988565924e-05,
      "Bandwidth",
      "INR"
    ],
    [
      22.4555097970801,
      "Storage",
      "INR"
    ],
    [
      290.905200000001,
      "Virtual Machines",
      "INR"
    ],
    [
      15.7892625,
      "Virtual Network",
      "INR"
    ]
  ]
}
Azure rows fetched: 4
Prepared Azure records:
[{'cloud': 'azure', 'account_name': 'azure-main', 'service_name': 'Bandwidth', 'region': 'global', 'resource_id': None, 'usage_date': '2026-06-02', 'usage_quantity': 0, 'cost': 8.23901988565924e-05, 'currency': 'USD', 'environment': None, 'application': None, 'tags': None}, {'cloud': 'azure', 'account_name': 'azure-main', 'service_name': 'Storage', 'region': 'global', 'resource_id': None, 'usage_date': '2026-06-02', 'usage_quantity': 0, 'cost': 22.4555097970801, 'currency': 'USD', 'environment': None, 'application': None, 'tags': None}, {'cloud': 'azure', 'account_name': 'azure-main', 'service_name': 'Virtual Machines', 'region': 'global', 'resource_id': None, 'usage_date': '2026-06-02', 'usage_quantity': 0, 'cost': 290.905200000001, 'currency': 'USD', 'environment': None, 'application': None, 'tags': None}]
Traceback (most recent call last):
  File "C:\Users\SrikanthMudaliar\AI-Cloud-Advisor\azure_cost_sync.py", line 141, in <module>
    .execute()
     ^^^^^^^^^
  File "C:\Users\SrikanthMudaliar\AppData\Local\Programs\Python\Python312\Lib\site-packages\postgrest\_sync\request_builder.py", line 53, in execute
    raise APIError(dict(json_obj))
postgrest.exceptions.APIError: {'message': 'there is no unique or exclusion constraint matching the ON CONFLICT specification', 'code': '42P10', 'hint': None, 'details': None}
{
  "id": "subscriptions/49ce7e88-e929-4031-b5b2-c8b557e5da2d/providers/Microsoft.CostManagement/query/cc57e0f5-fec9-4d60-a57e-33821f9d195e",
  "name": "cc57e0f5-fec9-4d60-a57e-33821f9d195e",
  "type": "Microsoft.CostManagement/query",
  "columns": [
    {
      "name": "PreTaxCost",
      "type": "Number"
    },
    {
      "name": "ServiceName",
      "type": "String"
    },
    {
      "name": "Currency",
      "type": "String"
    }
  ],
  "rows": [
    [
      8.23901988565924e-05,
      "Bandwidth",
      "INR"
    ],
    [
      22.4555097970801,
      "Storage",
      "INR"
    ],
    [
      290.905200000001,
      "Virtual Machines",
      "INR"
    ],
    [
      15.7892625,
      "Virtual Network",
      "INR"
    ]
  ]
}
Azure rows fetched: 4
Prepared Azure records:
[{'cloud': 'azure', 'account_name': 'azure-main', 'service_name': 'Bandwidth', 'region': 'global', 'resource_id': None, 'usage_date': '2026-06-02', 'usage_quantity': 0, 'cost': 8.23901988565924e-05, 'currency': 'USD', 'environment': None, 'application': None, 'tags': None}, {'cloud': 'azure', 'account_name': 'azure-main', 'service_name': 'Storage', 'region': 'global', 'resource_id': None, 'usage_date': '2026-06-02', 'usage_quantity': 0, 'cost': 22.4555097970801, 'currency': 'USD', 'environment': None, 'application': None, 'tags': None}, {'cloud': 'azure', 'account_name': 'azure-main', 'service_name': 'Virtual Machines', 'region': 'global', 'resource_id': None, 'usage_date': '2026-06-02', 'usage_quantity': 0, 'cost': 290.905200000001, 'currency': 'USD', 'environment': None, 'application': None, 'tags': None}]
Traceback (most recent call last):
  File "C:\Users\SrikanthMudaliar\AI-Cloud-Advisor\azure_cost_sync.py", line 141, in <module>
    .execute()
     ^^^^^^^^^
  File "C:\Users\SrikanthMudaliar\AppData\Local\Programs\Python\Python312\Lib\site-packages\postgrest\_sync\request_builder.py", line 53, in execute
    raise APIError(dict(json_obj))
postgrest.exceptions.APIError: {'message': 'there is no unique or exclusion constraint matching the ON CONFLICT specification', 'code': '42P10', 'hint': None, 'details': None}
Traceback (most recent call last):
  File "C:\Users\SrikanthMudaliar\AI-Cloud-Advisor\azure_cost_sync.py", line 46, in <module>
    query_result = cost_client.query.usage(
                   ^^^^^^^^^^^^^^^^^^^^^^^^
  File "C:\Users\SrikanthMudaliar\AppData\Local\Programs\Python\Python312\Lib\site-packages\azure\core\tracing\decorator.py", line 119, in wrapper_use_tracer
    return func(*args, **kwargs)
           ^^^^^^^^^^^^^^^^^^^^^
  File "C:\Users\SrikanthMudaliar\AppData\Local\Programs\Python\Python312\Lib\site-packages\azure\mgmt\costmanagement\operations\_query_operations.py", line 278, in usage
    raise HttpResponseError(response=response, model=error, error_format=ARMErrorFormat)
azure.core.exceptions.HttpResponseError: (429) Too many requests. Please retry.
Code: 429
Message: Too many requests. Please retry.
{
  "id": "subscriptions/49ce7e88-e929-4031-b5b2-c8b557e5da2d/providers/Microsoft.CostManagement/query/f58ab2d3-99c1-4c8a-983e-012d664cd13b",
  "name": "f58ab2d3-99c1-4c8a-983e-012d664cd13b",
  "type": "Microsoft.CostManagement/query",
  "columns": [
    {
      "name": "PreTaxCost",
      "type": "Number"
    },
    {
      "name": "ServiceName",
      "type": "String"
    },
    {
      "name": "Currency",
      "type": "String"
    }
  ],
  "rows": [
    [
      0.000126280304789544,
      "Bandwidth",
      "INR"
    ],
    [
      32.2797953333026,
      "Storage",
      "INR"
    ],
    [
      409.085437500001,
      "Virtual Machines",
      "INR"
    ],
    [
      22.4877375000001,
      "Virtual Network",
      "INR"
    ]
  ]
}
Azure rows fetched: 4
Prepared Azure records:
[{'cloud': 'azure', 'account_name': 'azure-main', 'service_name': 'Bandwidth', 'region': 'global', 'resource_id': None, 'usage_date': '2026-06-03', 'usage_quantity': 0, 'cost': 0.000126280304789544, 'currency': 'USD', 'environment': None, 'application': None, 'tags': None}, {'cloud': 'azure', 'account_name': 'azure-main', 'service_name': 'Storage', 'region': 'global', 'resource_id': None, 'usage_date': '2026-06-03', 'usage_quantity': 0, 'cost': 32.2797953333026, 'currency': 'USD', 'environment': None, 'application': None, 'tags': None}, {'cloud': 'azure', 'account_name': 'azure-main', 'service_name': 'Virtual Machines', 'region': 'global', 'resource_id': None, 'usage_date': '2026-06-03', 'usage_quantity': 0, 'cost': 409.085437500001, 'currency': 'USD', 'environment': None, 'application': None, 'tags': None}]
Traceback (most recent call last):
  File "C:\Users\SrikanthMudaliar\AI-Cloud-Advisor\azure_cost_sync.py", line 141, in <module>
    .execute()
     ^^^^^^^^^
  File "C:\Users\SrikanthMudaliar\AppData\Local\Programs\Python\Python312\Lib\site-packages\postgrest\_sync\request_builder.py", line 53, in execute
    raise APIError(dict(json_obj))
postgrest.exceptions.APIError: {'message': 'there is no unique or exclusion constraint matching the ON CONFLICT specification', 'code': '42P10', 'hint': None, 'details': None}
{
  "id": "subscriptions/49ce7e88-e929-4031-b5b2-c8b557e5da2d/providers/Microsoft.CostManagement/query/10f7d365-11e0-40dd-ab7a-34230a10950c",
  "name": "10f7d365-11e0-40dd-ab7a-34230a10950c",
  "type": "Microsoft.CostManagement/query",
  "columns": [
    {
      "name": "PreTaxCost",
      "type": "Number"
    },
    {
      "name": "ServiceName",
      "type": "String"
    },
    {
      "name": "Currency",
      "type": "String"
    }
  ],
  "rows": [
    [
      0.000134365324303508,
      "Bandwidth",
      "INR"
    ],
    [
      34.3849993767789,
      "Storage",
      "INR"
    ],
    [
      427.267012500001,
      "Virtual Machines",
      "INR"
    ],
    [
      22.9662000000001,
      "Virtual Network",
      "INR"
    ]
  ]
}
Azure rows fetched: 4
Prepared Azure records:
[{'cloud': 'azure', 'account_name': 'azure-main', 'service_name': 'Bandwidth', 'region': 'global', 'resource_id': None, 'usage_date': '2026-06-03', 'usage_quantity': 0, 'cost': 0.000134365324303508, 'currency': 'USD', 'environment': None, 'application': None, 'tags': None}, {'cloud': 'azure', 'account_name': 'azure-main', 'service_name': 'Storage', 'region': 'global', 'resource_id': None, 'usage_date': '2026-06-03', 'usage_quantity': 0, 'cost': 34.3849993767789, 'currency': 'USD', 'environment': None, 'application': None, 'tags': None}, {'cloud': 'azure', 'account_name': 'azure-main', 'service_name': 'Virtual Machines', 'region': 'global', 'resource_id': None, 'usage_date': '2026-06-03', 'usage_quantity': 0, 'cost': 427.267012500001, 'currency': 'USD', 'environment': None, 'application': None, 'tags': None}]
Traceback (most recent call last):
  File "C:\Users\SrikanthMudaliar\AI-Cloud-Advisor\azure_cost_sync.py", line 141, in <module>
    .execute()
     ^^^^^^^^^
  File "C:\Users\SrikanthMudaliar\AppData\Local\Programs\Python\Python312\Lib\site-packages\postgrest\_sync\request_builder.py", line 53, in execute
    raise APIError(dict(json_obj))
postgrest.exceptions.APIError: {'message': 'there is no unique or exclusion constraint matching the ON CONFLICT specification', 'code': '42P10', 'hint': None, 'details': None}
Traceback (most recent call last):
  File "C:\Users\SrikanthMudaliar\AI-Cloud-Advisor\azure_cost_sync.py", line 46, in <module>
    query_result = cost_client.query.usage(
                   ^^^^^^^^^^^^^^^^^^^^^^^^
  File "C:\Users\SrikanthMudaliar\AppData\Local\Programs\Python\Python312\Lib\site-packages\azure\core\tracing\decorator.py", line 119, in wrapper_use_tracer
    return func(*args, **kwargs)
           ^^^^^^^^^^^^^^^^^^^^^
  File "C:\Users\SrikanthMudaliar\AppData\Local\Programs\Python\Python312\Lib\site-packages\azure\mgmt\costmanagement\operations\_query_operations.py", line 278, in usage
    raise HttpResponseError(response=response, model=error, error_format=ARMErrorFormat)
azure.core.exceptions.HttpResponseError: (429) Too many requests. Please retry.
Code: 429
Message: Too many requests. Please retry.
Traceback (most recent call last):
  File "C:\Users\SrikanthMudaliar\AI-Cloud-Advisor\azure_cost_sync.py", line 46, in <module>
    query_result = cost_client.query.usage(
                   ^^^^^^^^^^^^^^^^^^^^^^^^
  File "C:\Users\SrikanthMudaliar\AppData\Local\Programs\Python\Python312\Lib\site-packages\azure\core\tracing\decorator.py", line 119, in wrapper_use_tracer
    return func(*args, **kwargs)
           ^^^^^^^^^^^^^^^^^^^^^
  File "C:\Users\SrikanthMudaliar\AppData\Local\Programs\Python\Python312\Lib\site-packages\azure\mgmt\costmanagement\operations\_query_operations.py", line 278, in usage
    raise HttpResponseError(response=response, model=error, error_format=ARMErrorFormat)
azure.core.exceptions.HttpResponseError: (429) Too many requests. Please retry.
Code: 429
Message: Too many requests. Please retry.
Traceback (most recent call last):
  File "C:\Users\SrikanthMudaliar\AI-Cloud-Advisor\azure_cost_sync.py", line 46, in <module>
    query_result = cost_client.query.usage(
                   ^^^^^^^^^^^^^^^^^^^^^^^^
  File "C:\Users\SrikanthMudaliar\AppData\Local\Programs\Python\Python312\Lib\site-packages\azure\core\tracing\decorator.py", line 119, in wrapper_use_tracer
    return func(*args, **kwargs)
           ^^^^^^^^^^^^^^^^^^^^^
  File "C:\Users\SrikanthMudaliar\AppData\Local\Programs\Python\Python312\Lib\site-packages\azure\mgmt\costmanagement\operations\_query_operations.py", line 278, in usage
    raise HttpResponseError(response=response, model=error, error_format=ARMErrorFormat)
azure.core.exceptions.HttpResponseError: (429) Too many requests. Please retry.
Code: 429
Message: Too many requests. Please retry.
Traceback (most recent call last):
  File "C:\Users\SrikanthMudaliar\AI-Cloud-Advisor\azure_cost_sync.py", line 46, in <module>
    query_result = cost_client.query.usage(
                   ^^^^^^^^^^^^^^^^^^^^^^^^
  File "C:\Users\SrikanthMudaliar\AppData\Local\Programs\Python\Python312\Lib\site-packages\azure\core\tracing\decorator.py", line 119, in wrapper_use_tracer
    return func(*args, **kwargs)
           ^^^^^^^^^^^^^^^^^^^^^
  File "C:\Users\SrikanthMudaliar\AppData\Local\Programs\Python\Python312\Lib\site-packages\azure\mgmt\costmanagement\operations\_query_operations.py", line 278, in usage
    raise HttpResponseError(response=response, model=error, error_format=ARMErrorFormat)
azure.core.exceptions.HttpResponseError: (429) Too many requests. Please retry.
Code: 429
Message: Too many requests. Please retry.
Traceback (most recent call last):
  File "C:\Users\SrikanthMudaliar\AI-Cloud-Advisor\azure_cost_sync.py", line 46, in <module>
    query_result = cost_client.query.usage(
                   ^^^^^^^^^^^^^^^^^^^^^^^^
  File "C:\Users\SrikanthMudaliar\AppData\Local\Programs\Python\Python312\Lib\site-packages\azure\core\tracing\decorator.py", line 119, in wrapper_use_tracer
    return func(*args, **kwargs)
           ^^^^^^^^^^^^^^^^^^^^^
  File "C:\Users\SrikanthMudaliar\AppData\Local\Programs\Python\Python312\Lib\site-packages\azure\mgmt\costmanagement\operations\_query_operations.py", line 278, in usage
    raise HttpResponseError(response=response, model=error, error_format=ARMErrorFormat)
azure.core.exceptions.HttpResponseError: (429) Too many requests. Please retry.
Code: 429
Message: Too many requests. Please retry.
Traceback (most recent call last):
  File "C:\Users\SrikanthMudaliar\AI-Cloud-Advisor\azure_cost_sync.py", line 46, in <module>
    query_result = cost_client.query.usage(
                   ^^^^^^^^^^^^^^^^^^^^^^^^
  File "C:\Users\SrikanthMudaliar\AppData\Local\Programs\Python\Python312\Lib\site-packages\azure\core\tracing\decorator.py", line 119, in wrapper_use_tracer
    return func(*args, **kwargs)
           ^^^^^^^^^^^^^^^^^^^^^
  File "C:\Users\SrikanthMudaliar\AppData\Local\Programs\Python\Python312\Lib\site-packages\azure\mgmt\costmanagement\operations\_query_operations.py", line 278, in usage
    raise HttpResponseError(response=response, model=error, error_format=ARMErrorFormat)
azure.core.exceptions.HttpResponseError: (429) Too many requests. Please retry.
Code: 429
Message: Too many requests. Please retry.
Traceback (most recent call last):
  File "C:\Users\SrikanthMudaliar\AI-Cloud-Advisor\azure_cost_sync.py", line 46, in <module>
    query_result = cost_client.query.usage(
                   ^^^^^^^^^^^^^^^^^^^^^^^^
  File "C:\Users\SrikanthMudaliar\AppData\Local\Programs\Python\Python312\Lib\site-packages\azure\core\tracing\decorator.py", line 119, in wrapper_use_tracer
    return func(*args, **kwargs)
           ^^^^^^^^^^^^^^^^^^^^^
  File "C:\Users\SrikanthMudaliar\AppData\Local\Programs\Python\Python312\Lib\site-packages\azure\mgmt\costmanagement\operations\_query_operations.py", line 278, in usage
    raise HttpResponseError(response=response, model=error, error_format=ARMErrorFormat)
azure.core.exceptions.HttpResponseError: (429) Too many requests. Please retry.
Code: 429
Message: Too many requests. Please retry.
Traceback (most recent call last):
  File "C:\Users\SrikanthMudaliar\AI-Cloud-Advisor\azure_cost_sync.py", line 46, in <module>
    query_result = cost_client.query.usage(
                   ^^^^^^^^^^^^^^^^^^^^^^^^
  File "C:\Users\SrikanthMudaliar\AppData\Local\Programs\Python\Python312\Lib\site-packages\azure\core\tracing\decorator.py", line 119, in wrapper_use_tracer
    return func(*args, **kwargs)
           ^^^^^^^^^^^^^^^^^^^^^
  File "C:\Users\SrikanthMudaliar\AppData\Local\Programs\Python\Python312\Lib\site-packages\azure\mgmt\costmanagement\operations\_query_operations.py", line 278, in usage
    raise HttpResponseError(response=response, model=error, error_format=ARMErrorFormat)
azure.core.exceptions.HttpResponseError: (429) Too many requests. Please retry.
Code: 429
Message: Too many requests. Please retry.
Traceback (most recent call last):
  File "C:\Users\SrikanthMudaliar\AI-Cloud-Advisor\azure_cost_sync.py", line 46, in <module>
    query_result = cost_client.query.usage(
                   ^^^^^^^^^^^^^^^^^^^^^^^^
  File "C:\Users\SrikanthMudaliar\AppData\Local\Programs\Python\Python312\Lib\site-packages\azure\core\tracing\decorator.py", line 119, in wrapper_use_tracer
    return func(*args, **kwargs)
           ^^^^^^^^^^^^^^^^^^^^^
  File "C:\Users\SrikanthMudaliar\AppData\Local\Programs\Python\Python312\Lib\site-packages\azure\mgmt\costmanagement\operations\_query_operations.py", line 278, in usage
    raise HttpResponseError(response=response, model=error, error_format=ARMErrorFormat)
azure.core.exceptions.HttpResponseError: (429) Too many requests. Please retry.
Code: 429
Message: Too many requests. Please retry.
Traceback (most recent call last):
  File "C:\Users\SrikanthMudaliar\AI-Cloud-Advisor\azure_cost_sync.py", line 46, in <module>
    query_result = cost_client.query.usage(
                   ^^^^^^^^^^^^^^^^^^^^^^^^
  File "C:\Users\SrikanthMudaliar\AppData\Local\Programs\Python\Python312\Lib\site-packages\azure\core\tracing\decorator.py", line 119, in wrapper_use_tracer
    return func(*args, **kwargs)
           ^^^^^^^^^^^^^^^^^^^^^
  File "C:\Users\SrikanthMudaliar\AppData\Local\Programs\Python\Python312\Lib\site-packages\azure\mgmt\costmanagement\operations\_query_operations.py", line 278, in usage
    raise HttpResponseError(response=response, model=error, error_format=ARMErrorFormat)
azure.core.exceptions.HttpResponseError: (429) Too many requests. Please retry.
Code: 429
Message: Too many requests. Please retry.
Traceback (most recent call last):
  File "C:\Users\SrikanthMudaliar\AI-Cloud-Advisor\azure_cost_sync.py", line 46, in <module>
    query_result = cost_client.query.usage(
                   ^^^^^^^^^^^^^^^^^^^^^^^^
  File "C:\Users\SrikanthMudaliar\AppData\Local\Programs\Python\Python312\Lib\site-packages\azure\core\tracing\decorator.py", line 119, in wrapper_use_tracer
    return func(*args, **kwargs)
           ^^^^^^^^^^^^^^^^^^^^^
  File "C:\Users\SrikanthMudaliar\AppData\Local\Programs\Python\Python312\Lib\site-packages\azure\mgmt\costmanagement\operations\_query_operations.py", line 278, in usage
    raise HttpResponseError(response=response, model=error, error_format=ARMErrorFormat)
azure.core.exceptions.HttpResponseError: (429) Too many requests. Please retry.
Code: 429
Message: Too many requests. Please retry.
Traceback (most recent call last):
  File "C:\Users\SrikanthMudaliar\AI-Cloud-Advisor\azure_cost_sync.py", line 46, in <module>
    query_result = cost_client.query.usage(
                   ^^^^^^^^^^^^^^^^^^^^^^^^
  File "C:\Users\SrikanthMudaliar\AppData\Local\Programs\Python\Python312\Lib\site-packages\azure\core\tracing\decorator.py", line 119, in wrapper_use_tracer
    return func(*args, **kwargs)
           ^^^^^^^^^^^^^^^^^^^^^
  File "C:\Users\SrikanthMudaliar\AppData\Local\Programs\Python\Python312\Lib\site-packages\azure\mgmt\costmanagement\operations\_query_operations.py", line 278, in usage
    raise HttpResponseError(response=response, model=error, error_format=ARMErrorFormat)
azure.core.exceptions.HttpResponseError: (429) Too many requests. Please retry.
Code: 429
Message: Too many requests. Please retry.
Traceback (most recent call last):
  File "C:\Users\SrikanthMudaliar\AI-Cloud-Advisor\azure_cost_sync.py", line 46, in <module>
    query_result = cost_client.query.usage(
                   ^^^^^^^^^^^^^^^^^^^^^^^^
  File "C:\Users\SrikanthMudaliar\AppData\Local\Programs\Python\Python312\Lib\site-packages\azure\core\tracing\decorator.py", line 119, in wrapper_use_tracer
    return func(*args, **kwargs)
           ^^^^^^^^^^^^^^^^^^^^^
  File "C:\Users\SrikanthMudaliar\AppData\Local\Programs\Python\Python312\Lib\site-packages\azure\mgmt\costmanagement\operations\_query_operations.py", line 278, in usage
    raise HttpResponseError(response=response, model=error, error_format=ARMErrorFormat)
azure.core.exceptions.HttpResponseError: (429) Too many requests. Please retry.
Code: 429
Message: Too many requests. Please retry.
Traceback (most recent call last):
  File "C:\Users\SrikanthMudaliar\AI-Cloud-Advisor\azure_cost_sync.py", line 46, in <module>
    query_result = cost_client.query.usage(
                   ^^^^^^^^^^^^^^^^^^^^^^^^
  File "C:\Users\SrikanthMudaliar\AppData\Local\Programs\Python\Python312\Lib\site-packages\azure\core\tracing\decorator.py", line 119, in wrapper_use_tracer
    return func(*args, **kwargs)
           ^^^^^^^^^^^^^^^^^^^^^
  File "C:\Users\SrikanthMudaliar\AppData\Local\Programs\Python\Python312\Lib\site-packages\azure\mgmt\costmanagement\operations\_query_operations.py", line 278, in usage
    raise HttpResponseError(response=response, model=error, error_format=ARMErrorFormat)
azure.core.exceptions.HttpResponseError: (429) Too many requests. Please retry.
Code: 429
Message: Too many requests. Please retry.
Traceback (most recent call last):
  File "C:\Users\SrikanthMudaliar\AI-Cloud-Advisor\azure_cost_sync.py", line 46, in <module>
    query_result = cost_client.query.usage(
                   ^^^^^^^^^^^^^^^^^^^^^^^^
  File "C:\Users\SrikanthMudaliar\AppData\Local\Programs\Python\Python312\Lib\site-packages\azure\core\tracing\decorator.py", line 119, in wrapper_use_tracer
    return func(*args, **kwargs)
           ^^^^^^^^^^^^^^^^^^^^^
  File "C:\Users\SrikanthMudaliar\AppData\Local\Programs\Python\Python312\Lib\site-packages\azure\mgmt\costmanagement\operations\_query_operations.py", line 278, in usage
    raise HttpResponseError(response=response, model=error, error_format=ARMErrorFormat)
azure.core.exceptions.HttpResponseError: (429) Too many requests. Please retry.
Code: 429
Message: Too many requests. Please retry.
Traceback (most recent call last):
  File "C:\Users\SrikanthMudaliar\AI-Cloud-Advisor\azure_cost_sync.py", line 46, in <module>
    query_result = cost_client.query.usage(
                   ^^^^^^^^^^^^^^^^^^^^^^^^
  File "C:\Users\SrikanthMudaliar\AppData\Local\Programs\Python\Python312\Lib\site-packages\azure\core\tracing\decorator.py", line 119, in wrapper_use_tracer
    return func(*args, **kwargs)
           ^^^^^^^^^^^^^^^^^^^^^
  File "C:\Users\SrikanthMudaliar\AppData\Local\Programs\Python\Python312\Lib\site-packages\azure\mgmt\costmanagement\operations\_query_operations.py", line 278, in usage
    raise HttpResponseError(response=response, model=error, error_format=ARMErrorFormat)
azure.core.exceptions.HttpResponseError: (429) Too many requests. Please retry.
Code: 429
Message: Too many requests. Please retry.
Traceback (most recent call last):
  File "C:\Users\SrikanthMudaliar\AI-Cloud-Advisor\azure_cost_sync.py", line 47, in <module>
    query_result = cost_client.query.usage(
                   ^^^^^^^^^^^^^^^^^^^^^^^^
  File "C:\Users\SrikanthMudaliar\AppData\Local\Programs\Python\Python312\Lib\site-packages\azure\core\tracing\decorator.py", line 119, in wrapper_use_tracer
    return func(*args, **kwargs)
           ^^^^^^^^^^^^^^^^^^^^^
  File "C:\Users\SrikanthMudaliar\AppData\Local\Programs\Python\Python312\Lib\site-packages\azure\mgmt\costmanagement\operations\_query_operations.py", line 278, in usage
    raise HttpResponseError(response=response, model=error, error_format=ARMErrorFormat)
azure.core.exceptions.HttpResponseError: (429) Too many requests. Please retry.
Code: 429
Message: Too many requests. Please retry.
Traceback (most recent call last):
  File "C:\Users\SrikanthMudaliar\AI-Cloud-Advisor\azure_cost_sync.py", line 47, in <module>
    query_result = cost_client.query.usage(
                   ^^^^^^^^^^^^^^^^^^^^^^^^
  File "C:\Users\SrikanthMudaliar\AppData\Local\Programs\Python\Python312\Lib\site-packages\azure\core\tracing\decorator.py", line 119, in wrapper_use_tracer
    return func(*args, **kwargs)
           ^^^^^^^^^^^^^^^^^^^^^
  File "C:\Users\SrikanthMudaliar\AppData\Local\Programs\Python\Python312\Lib\site-packages\azure\mgmt\costmanagement\operations\_query_operations.py", line 278, in usage
    raise HttpResponseError(response=response, model=error, error_format=ARMErrorFormat)
azure.core.exceptions.HttpResponseError: (429) Too many requests. Please retry.
Code: 429
Message: Too many requests. Please retry.
Traceback (most recent call last):
  File "C:\Users\SrikanthMudaliar\AI-Cloud-Advisor\azure_cost_sync.py", line 47, in <module>
    query_result = cost_client.query.usage(
                   ^^^^^^^^^^^^^^^^^^^^^^^^
  File "C:\Users\SrikanthMudaliar\AppData\Local\Programs\Python\Python312\Lib\site-packages\azure\core\tracing\decorator.py", line 119, in wrapper_use_tracer
    return func(*args, **kwargs)
           ^^^^^^^^^^^^^^^^^^^^^
  File "C:\Users\SrikanthMudaliar\AppData\Local\Programs\Python\Python312\Lib\site-packages\azure\mgmt\costmanagement\operations\_query_operations.py", line 278, in usage
    raise HttpResponseError(response=response, model=error, error_format=ARMErrorFormat)
azure.core.exceptions.HttpResponseError: (429) Too many requests. Please retry.
Code: 429
Message: Too many requests. Please retry.
Traceback (most recent call last):
  File "C:\Users\SrikanthMudaliar\AI-Cloud-Advisor\azure_cost_sync.py", line 47, in <module>
    query_result = cost_client.query.usage(
                   ^^^^^^^^^^^^^^^^^^^^^^^^
  File "C:\Users\SrikanthMudaliar\AppData\Local\Programs\Python\Python312\Lib\site-packages\azure\core\tracing\decorator.py", line 119, in wrapper_use_tracer
    return func(*args, **kwargs)
           ^^^^^^^^^^^^^^^^^^^^^
  File "C:\Users\SrikanthMudaliar\AppData\Local\Programs\Python\Python312\Lib\site-packages\azure\mgmt\costmanagement\operations\_query_operations.py", line 278, in usage
    raise HttpResponseError(response=response, model=error, error_format=ARMErrorFormat)
azure.core.exceptions.HttpResponseError: (429) Too many requests. Please retry.
Code: 429
Message: Too many requests. Please retry.
Traceback (most recent call last):
  File "C:\Users\SrikanthMudaliar\AI-Cloud-Advisor\azure_cost_sync.py", line 47, in <module>
    query_result = cost_client.query.usage(
                   ^^^^^^^^^^^^^^^^^^^^^^^^
  File "C:\Users\SrikanthMudaliar\AppData\Local\Programs\Python\Python312\Lib\site-packages\azure\core\tracing\decorator.py", line 119, in wrapper_use_tracer
    return func(*args, **kwargs)
           ^^^^^^^^^^^^^^^^^^^^^
  File "C:\Users\SrikanthMudaliar\AppData\Local\Programs\Python\Python312\Lib\site-packages\azure\mgmt\costmanagement\operations\_query_operations.py", line 278, in usage
    raise HttpResponseError(response=response, model=error, error_format=ARMErrorFormat)
azure.core.exceptions.HttpResponseError: (429) Too many requests. Please retry.
Code: 429
Message: Too many requests. Please retry.
Traceback (most recent call last):
  File "C:\Users\SrikanthMudaliar\AI-Cloud-Advisor\azure_cost_sync.py", line 47, in <module>
    query_result = cost_client.query.usage(
                   ^^^^^^^^^^^^^^^^^^^^^^^^
  File "C:\Users\SrikanthMudaliar\AppData\Local\Programs\Python\Python312\Lib\site-packages\azure\core\tracing\decorator.py", line 119, in wrapper_use_tracer
    return func(*args, **kwargs)
           ^^^^^^^^^^^^^^^^^^^^^
  File "C:\Users\SrikanthMudaliar\AppData\Local\Programs\Python\Python312\Lib\site-packages\azure\mgmt\costmanagement\operations\_query_operations.py", line 278, in usage
    raise HttpResponseError(response=response, model=error, error_format=ARMErrorFormat)
azure.core.exceptions.HttpResponseError: (429) Too many requests. Please retry.
Code: 429
Message: Too many requests. Please retry.
Traceback (most recent call last):
  File "C:\Users\SrikanthMudaliar\AI-Cloud-Advisor\azure_cost_sync.py", line 47, in <module>
    query_result = cost_client.query.usage(
                   ^^^^^^^^^^^^^^^^^^^^^^^^
  File "C:\Users\SrikanthMudaliar\AppData\Local\Programs\Python\Python312\Lib\site-packages\azure\core\tracing\decorator.py", line 119, in wrapper_use_tracer
    return func(*args, **kwargs)
           ^^^^^^^^^^^^^^^^^^^^^
  File "C:\Users\SrikanthMudaliar\AppData\Local\Programs\Python\Python312\Lib\site-packages\azure\mgmt\costmanagement\operations\_query_operations.py", line 278, in usage
    raise HttpResponseError(response=response, model=error, error_format=ARMErrorFormat)
azure.core.exceptions.HttpResponseError: (429) Too many requests. Please retry.
Code: 429
Message: Too many requests. Please retry.
Traceback (most recent call last):
  File "C:\Users\SrikanthMudaliar\AI-Cloud-Advisor\azure_cost_sync.py", line 47, in <module>
    query_result = cost_client.query.usage(
                   ^^^^^^^^^^^^^^^^^^^^^^^^
  File "C:\Users\SrikanthMudaliar\AppData\Local\Programs\Python\Python312\Lib\site-packages\azure\core\tracing\decorator.py", line 119, in wrapper_use_tracer
    return func(*args, **kwargs)
           ^^^^^^^^^^^^^^^^^^^^^
  File "C:\Users\SrikanthMudaliar\AppData\Local\Programs\Python\Python312\Lib\site-packages\azure\mgmt\costmanagement\operations\_query_operations.py", line 278, in usage
    raise HttpResponseError(response=response, model=error, error_format=ARMErrorFormat)
azure.core.exceptions.HttpResponseError: (429) Too many requests. Please retry.
Code: 429
Message: Too many requests. Please retry.
Traceback (most recent call last):
  File "C:\Users\SrikanthMudaliar\AI-Cloud-Advisor\azure_cost_sync.py", line 47, in <module>
    query_result = cost_client.query.usage(
                   ^^^^^^^^^^^^^^^^^^^^^^^^
  File "C:\Users\SrikanthMudaliar\AppData\Local\Programs\Python\Python312\Lib\site-packages\azure\core\tracing\decorator.py", line 119, in wrapper_use_tracer
    return func(*args, **kwargs)
           ^^^^^^^^^^^^^^^^^^^^^
  File "C:\Users\SrikanthMudaliar\AppData\Local\Programs\Python\Python312\Lib\site-packages\azure\mgmt\costmanagement\operations\_query_operations.py", line 278, in usage
    raise HttpResponseError(response=response, model=error, error_format=ARMErrorFormat)
azure.core.exceptions.HttpResponseError: (429) Too many requests. Please retry.
Code: 429
Message: Too many requests. Please retry.
Traceback (most recent call last):
  File "C:\Users\SrikanthMudaliar\AI-Cloud-Advisor\azure_cost_sync.py", line 47, in <module>
    query_result = cost_client.query.usage(
                   ^^^^^^^^^^^^^^^^^^^^^^^^
  File "C:\Users\SrikanthMudaliar\AppData\Local\Programs\Python\Python312\Lib\site-packages\azure\core\tracing\decorator.py", line 119, in wrapper_use_tracer
    return func(*args, **kwargs)
           ^^^^^^^^^^^^^^^^^^^^^
  File "C:\Users\SrikanthMudaliar\AppData\Local\Programs\Python\Python312\Lib\site-packages\azure\mgmt\costmanagement\operations\_query_operations.py", line 278, in usage
    raise HttpResponseError(response=response, model=error, error_format=ARMErrorFormat)
azure.core.exceptions.HttpResponseError: (429) Too many requests. Please retry.
Code: 429
Message: Too many requests. Please retry.
Traceback (most recent call last):
  File "C:\Users\SrikanthMudaliar\AI-Cloud-Advisor\azure_cost_sync.py", line 47, in <module>
    query_result = cost_client.query.usage(
                   ^^^^^^^^^^^^^^^^^^^^^^^^
  File "C:\Users\SrikanthMudaliar\AppData\Local\Programs\Python\Python312\Lib\site-packages\azure\core\tracing\decorator.py", line 119, in wrapper_use_tracer
    return func(*args, **kwargs)
           ^^^^^^^^^^^^^^^^^^^^^
  File "C:\Users\SrikanthMudaliar\AppData\Local\Programs\Python\Python312\Lib\site-packages\azure\mgmt\costmanagement\operations\_query_operations.py", line 278, in usage
    raise HttpResponseError(response=response, model=error, error_format=ARMErrorFormat)
azure.core.exceptions.HttpResponseError: (429) Too many requests. Please retry.
Code: 429
Message: Too many requests. Please retry.
{
  "id": "subscriptions/49ce7e88-e929-4031-b5b2-c8b557e5da2d/providers/Microsoft.CostManagement/query/219f74d2-49cb-4a73-b5fb-65be3cef35d8",
  "name": "219f74d2-49cb-4a73-b5fb-65be3cef35d8",
  "type": "Microsoft.CostManagement/query",
  "columns": [
    {
      "name": "PreTaxCost",
      "type": "Number"
    },
    {
      "name": "ServiceName",
      "type": "String"
    },
    {
      "name": "Currency",
      "type": "String"
    }
  ],
  "rows": [
    [
      0.000231000557541848,
      "Bandwidth",
      "INR"
    ],
    [
      66.6647947100814,
      "Storage",
      "INR"
    ],
    [
      854.534025000003,
      "Virtual Machines",
      "INR"
    ],
    [
      45.4539375000001,
      "Virtual Network",
      "INR"
    ]
  ]
}
Azure rows fetched: 4
Prepared Azure records:
[{'organization_id': 'bff29e99-1a33-4bf7-a2dc-3abe9bd2a03c', 'cloud': 'azure', 'account_name': 'azure-main', 'service_name': 'Bandwidth', 'region': 'global', 'resource_id': None, 'usage_date': '2026-06-05', 'usage_quantity': 0, 'cost': 0.000231000557541848, 'currency': 'USD', 'environment': None, 'application': None, 'tags': None}, {'organization_id': 'bff29e99-1a33-4bf7-a2dc-3abe9bd2a03c', 'cloud': 'azure', 'account_name': 'azure-main', 'service_name': 'Storage', 'region': 'global', 'resource_id': None, 'usage_date': '2026-06-05', 'usage_quantity': 0, 'cost': 66.6647947100814, 'currency': 'USD', 'environment': None, 'application': None, 'tags': None}, {'organization_id': 'bff29e99-1a33-4bf7-a2dc-3abe9bd2a03c', 'cloud': 'azure', 'account_name': 'azure-main', 'service_name': 'Virtual Machines', 'region': 'global', 'resource_id': None, 'usage_date': '2026-06-05', 'usage_quantity': 0, 'cost': 854.534025000003, 'currency': 'USD', 'environment': None, 'application': None, 'tags': None}]
Traceback (most recent call last):
  File "C:\Users\SrikanthMudaliar\AI-Cloud-Advisor\azure_cost_sync.py", line 143, in <module>
    .execute()
     ^^^^^^^^^
  File "C:\Users\SrikanthMudaliar\AppData\Local\Programs\Python\Python312\Lib\site-packages\postgrest\_sync\request_builder.py", line 53, in execute
    raise APIError(dict(json_obj))
postgrest.exceptions.APIError: {'message': "Could not find the 'organization_id' column of 'unified_cloud_costs' in the schema cache", 'code': 'PGRST204', 'hint': None, 'details': None}
{
  "id": "subscriptions/49ce7e88-e929-4031-b5b2-c8b557e5da2d/providers/Microsoft.CostManagement/query/856e9a61-b95e-440c-ad17-b88e342dfdfa",
  "name": "856e9a61-b95e-440c-ad17-b88e342dfdfa",
  "type": "Microsoft.CostManagement/query",
  "columns": [
    {
      "name": "PreTaxCost",
      "type": "Number"
    },
    {
      "name": "ServiceName",
      "type": "String"
    },
    {
      "name": "Currency",
      "type": "String"
    }
  ],
  "rows": [
    [
      0.000231000557541848,
      "Bandwidth",
      "INR"
    ],
    [
      66.6647947100814,
      "Storage",
      "INR"
    ],
    [
      854.534025000003,
      "Virtual Machines",
      "INR"
    ],
    [
      45.4539375000001,
      "Virtual Network",
      "INR"
    ]
  ]
}
Azure rows fetched: 4
Prepared Azure records:
[{'organization_id': 'bff29e99-1a33-4bf7-a2dc-3abe9bd2a03c', 'cloud': 'azure', 'account_name': 'azure-main', 'service_name': 'Bandwidth', 'region': 'global', 'resource_id': None, 'usage_date': '2026-06-05', 'usage_quantity': 0, 'cost': 0.000231000557541848, 'currency': 'USD', 'environment': None, 'application': None, 'tags': None}, {'organization_id': 'bff29e99-1a33-4bf7-a2dc-3abe9bd2a03c', 'cloud': 'azure', 'account_name': 'azure-main', 'service_name': 'Storage', 'region': 'global', 'resource_id': None, 'usage_date': '2026-06-05', 'usage_quantity': 0, 'cost': 66.6647947100814, 'currency': 'USD', 'environment': None, 'application': None, 'tags': None}, {'organization_id': 'bff29e99-1a33-4bf7-a2dc-3abe9bd2a03c', 'cloud': 'azure', 'account_name': 'azure-main', 'service_name': 'Virtual Machines', 'region': 'global', 'resource_id': None, 'usage_date': '2026-06-05', 'usage_quantity': 0, 'cost': 854.534025000003, 'currency': 'USD', 'environment': None, 'application': None, 'tags': None}]
Traceback (most recent call last):
  File "C:\Users\SrikanthMudaliar\AI-Cloud-Advisor\azure_cost_sync.py", line 143, in <module>
    .execute()
     ^^^^^^^^^
  File "C:\Users\SrikanthMudaliar\AppData\Local\Programs\Python\Python312\Lib\site-packages\postgrest\_sync\request_builder.py", line 53, in execute
    raise APIError(dict(json_obj))
postgrest.exceptions.APIError: {'message': "Could not find the 'organization_id' column of 'unified_cloud_costs' in the schema cache", 'code': 'PGRST204', 'hint': None, 'details': None}
{
  "id": "subscriptions/49ce7e88-e929-4031-b5b2-c8b557e5da2d/providers/Microsoft.CostManagement/query/7e20b88f-60d6-4c56-bf2e-c947a316a066",
  "name": "7e20b88f-60d6-4c56-bf2e-c947a316a066",
  "type": "Microsoft.CostManagement/query",
  "columns": [
    {
      "name": "PreTaxCost",
      "type": "Number"
    },
    {
      "name": "ServiceName",
      "type": "String"
    },
    {
      "name": "Currency",
      "type": "String"
    }
  ],
  "rows": [
    [
      0.000235235567763448,
      "Bandwidth",
      "INR"
    ],
    [
      68.068264072399,
      "Storage",
      "INR"
    ],
    [
      863.624812500003,
      "Virtual Machines",
      "INR"
    ],
    [
      46.4108625000001,
      "Virtual Network",
      "INR"
    ]
  ]
}
Azure rows fetched: 4
Prepared Azure records:
[{'organization_id': 'bff29e99-1a33-4bf7-a2dc-3abe9bd2a03c', 'cloud': 'azure', 'account_name': 'azure-main', 'service_name': 'Bandwidth', 'region': 'global', 'resource_id': None, 'usage_date': '2026-06-05', 'usage_quantity': 0, 'cost': 0.000235235567763448, 'currency': 'USD', 'environment': None, 'application': None, 'tags': None}, {'organization_id': 'bff29e99-1a33-4bf7-a2dc-3abe9bd2a03c', 'cloud': 'azure', 'account_name': 'azure-main', 'service_name': 'Storage', 'region': 'global', 'resource_id': None, 'usage_date': '2026-06-05', 'usage_quantity': 0, 'cost': 68.068264072399, 'currency': 'USD', 'environment': None, 'application': None, 'tags': None}, {'organization_id': 'bff29e99-1a33-4bf7-a2dc-3abe9bd2a03c', 'cloud': 'azure', 'account_name': 'azure-main', 'service_name': 'Virtual Machines', 'region': 'global', 'resource_id': None, 'usage_date': '2026-06-05', 'usage_quantity': 0, 'cost': 863.624812500003, 'currency': 'USD', 'environment': None, 'application': None, 'tags': None}]
Traceback (most recent call last):
  File "C:\Users\SrikanthMudaliar\AI-Cloud-Advisor\azure_cost_sync.py", line 143, in <module>
    .execute()
     ^^^^^^^^^
  File "C:\Users\SrikanthMudaliar\AppData\Local\Programs\Python\Python312\Lib\site-packages\postgrest\_sync\request_builder.py", line 53, in execute
    raise APIError(dict(json_obj))
postgrest.exceptions.APIError: {'message': "Could not find the 'organization_id' column of 'unified_cloud_costs' in the schema cache", 'code': 'PGRST204', 'hint': None, 'details': None}
Traceback (most recent call last):
  File "C:\Users\SrikanthMudaliar\AI-Cloud-Advisor\azure_cost_sync.py", line 47, in <module>
    query_result = cost_client.query.usage(
                   ^^^^^^^^^^^^^^^^^^^^^^^^
  File "C:\Users\SrikanthMudaliar\AppData\Local\Programs\Python\Python312\Lib\site-packages\azure\core\tracing\decorator.py", line 119, in wrapper_use_tracer
    return func(*args, **kwargs)
           ^^^^^^^^^^^^^^^^^^^^^
  File "C:\Users\SrikanthMudaliar\AppData\Local\Programs\Python\Python312\Lib\site-packages\azure\mgmt\costmanagement\operations\_query_operations.py", line 278, in usage
    raise HttpResponseError(response=response, model=error, error_format=ARMErrorFormat)
azure.core.exceptions.HttpResponseError: (429) Too many requests. Please retry.
Code: 429
Message: Too many requests. Please retry.
Traceback (most recent call last):
  File "C:\Users\SrikanthMudaliar\AI-Cloud-Advisor\azure_cost_sync.py", line 47, in <module>
    query_result = cost_client.query.usage(
                   ^^^^^^^^^^^^^^^^^^^^^^^^
  File "C:\Users\SrikanthMudaliar\AppData\Local\Programs\Python\Python312\Lib\site-packages\azure\core\tracing\decorator.py", line 119, in wrapper_use_tracer
    return func(*args, **kwargs)
           ^^^^^^^^^^^^^^^^^^^^^
  File "C:\Users\SrikanthMudaliar\AppData\Local\Programs\Python\Python312\Lib\site-packages\azure\mgmt\costmanagement\operations\_query_operations.py", line 278, in usage
    raise HttpResponseError(response=response, model=error, error_format=ARMErrorFormat)
azure.core.exceptions.HttpResponseError: (429) Too many requests. Please retry.
Code: 429
Message: Too many requests. Please retry.
Traceback (most recent call last):
  File "C:\Users\SrikanthMudaliar\AI-Cloud-Advisor\azure_cost_sync.py", line 47, in <module>
    query_result = cost_client.query.usage(
                   ^^^^^^^^^^^^^^^^^^^^^^^^
  File "C:\Users\SrikanthMudaliar\AppData\Local\Programs\Python\Python312\Lib\site-packages\azure\core\tracing\decorator.py", line 119, in wrapper_use_tracer
    return func(*args, **kwargs)
           ^^^^^^^^^^^^^^^^^^^^^
  File "C:\Users\SrikanthMudaliar\AppData\Local\Programs\Python\Python312\Lib\site-packages\azure\mgmt\costmanagement\operations\_query_operations.py", line 278, in usage
    raise HttpResponseError(response=response, model=error, error_format=ARMErrorFormat)
azure.core.exceptions.HttpResponseError: (429) Too many requests. Please retry.
Code: 429
Message: Too many requests. Please retry.
Traceback (most recent call last):
  File "C:\Users\SrikanthMudaliar\AI-Cloud-Advisor\azure_cost_sync.py", line 47, in <module>
    query_result = cost_client.query.usage(
                   ^^^^^^^^^^^^^^^^^^^^^^^^
  File "C:\Users\SrikanthMudaliar\AppData\Local\Programs\Python\Python312\Lib\site-packages\azure\core\tracing\decorator.py", line 119, in wrapper_use_tracer
    return func(*args, **kwargs)
           ^^^^^^^^^^^^^^^^^^^^^
  File "C:\Users\SrikanthMudaliar\AppData\Local\Programs\Python\Python312\Lib\site-packages\azure\mgmt\costmanagement\operations\_query_operations.py", line 278, in usage
    raise HttpResponseError(response=response, model=error, error_format=ARMErrorFormat)
azure.core.exceptions.HttpResponseError: (429) Too many requests. Please retry.
Code: 429
Message: Too many requests. Please retry.
^C{
  "id": "subscriptions/49ce7e88-e929-4031-b5b2-c8b557e5da2d/providers/Microsoft.CostManagement/query/9765eb30-e9ff-4726-9dfc-02303b474d03",
  "name": "9765eb30-e9ff-4726-9dfc-02303b474d03",
  "type": "Microsoft.CostManagement/query",
  "columns": [
    {
      "name": "PreTaxCost",
      "type": "Number"
    },
    {
      "name": "ServiceName",
      "type": "String"
    },
    {
      "name": "Currency",
      "type": "String"
    }
  ],
  "rows": [
    [
      0.000243320587277413,
      "Bandwidth",
      "INR"
    ],
    [
      70.875202797034,
      "Storage",
      "INR"
    ],
    [
      899.987962500003,
      "Virtual Machines",
      "INR"
    ],
    [
      48.3247125000001,
      "Virtual Network",
      "INR"
    ]
  ]
}
Azure rows fetched: 4
Prepared Azure records:
[{'organization_id': 'bff29e99-1a33-4bf7-a2dc-3abe9bd2a03c', 'cloud': 'azure', 'account_name': 'azure-main', 'service_name': 'Bandwidth', 'region': 'global', 'resource_id': None, 'usage_date': '2026-06-05', 'usage_quantity': 0, 'cost': 0.000243320587277413, 'currency': 'USD', 'environment': None, 'application': None, 'tags': None}, {'organization_id': 'bff29e99-1a33-4bf7-a2dc-3abe9bd2a03c', 'cloud': 'azure', 'account_name': 'azure-main', 'service_name': 'Storage', 'region': 'global', 'resource_id': None, 'usage_date': '2026-06-05', 'usage_quantity': 0, 'cost': 70.875202797034, 'currency': 'USD', 'environment': None, 'application': None, 'tags': None}, {'organization_id': 'bff29e99-1a33-4bf7-a2dc-3abe9bd2a03c', 'cloud': 'azure', 'account_name': 'azure-main', 'service_name': 'Virtual Machines', 'region': 'global', 'resource_id': None, 'usage_date': '2026-06-05', 'usage_quantity': 0, 'cost': 899.987962500003, 'currency': 'USD', 'environment': None, 'application': None, 'tags': None}]
Traceback (most recent call last):
  File "C:\Users\SrikanthMudaliar\AI-Cloud-Advisor\azure_cost_sync.py", line 143, in <module>
    .execute()
     ^^^^^^^^^
  File "C:\Users\SrikanthMudaliar\AppData\Local\Programs\Python\Python312\Lib\site-packages\postgrest\_sync\request_builder.py", line 53, in execute
    raise APIError(dict(json_obj))
postgrest.exceptions.APIError: {'message': "Could not find the 'organization_id' column of 'unified_cloud_costs' in the schema cache", 'code': 'PGRST204', 'hint': None, 'details': None}
{
  "id": "subscriptions/49ce7e88-e929-4031-b5b2-c8b557e5da2d/providers/Microsoft.CostManagement/query/19d026c6-cdb2-414a-b1af-8589b623ddbd",
  "name": "19d026c6-cdb2-414a-b1af-8589b623ddbd",
  "type": "Microsoft.CostManagement/query",
  "columns": [
    {
      "name": "PreTaxCost",
      "type": "Number"
    },
    {
      "name": "ServiceName",
      "type": "String"
    },
    {
      "name": "Currency",
      "type": "String"
    }
  ],
  "rows": [
    [
      0.000243320587277413,
      "Bandwidth",
      "INR"
    ],
    [
      70.875202797034,
      "Storage",
      "INR"
    ],
    [
      899.987962500003,
      "Virtual Machines",
      "INR"
    ],
    [
      48.3247125000001,
      "Virtual Network",
      "INR"
    ]
  ]
}
Azure rows fetched: 4
Prepared Azure records:
[{'organization_id': 'bff29e99-1a33-4bf7-a2dc-3abe9bd2a03c', 'cloud': 'azure', 'account_name': 'azure-main', 'service_name': 'Bandwidth', 'region': 'global', 'resource_id': None, 'usage_date': '2026-06-05', 'usage_quantity': 0, 'cost': 0.000243320587277413, 'currency': 'USD', 'environment': None, 'application': None, 'tags': None}, {'organization_id': 'bff29e99-1a33-4bf7-a2dc-3abe9bd2a03c', 'cloud': 'azure', 'account_name': 'azure-main', 'service_name': 'Storage', 'region': 'global', 'resource_id': None, 'usage_date': '2026-06-05', 'usage_quantity': 0, 'cost': 70.875202797034, 'currency': 'USD', 'environment': None, 'application': None, 'tags': None}, {'organization_id': 'bff29e99-1a33-4bf7-a2dc-3abe9bd2a03c', 'cloud': 'azure', 'account_name': 'azure-main', 'service_name': 'Virtual Machines', 'region': 'global', 'resource_id': None, 'usage_date': '2026-06-05', 'usage_quantity': 0, 'cost': 899.987962500003, 'currency': 'USD', 'environment': None, 'application': None, 'tags': None}]
Traceback (most recent call last):
  File "C:\Users\SrikanthMudaliar\AI-Cloud-Advisor\azure_cost_sync.py", line 143, in <module>
    .execute()
     ^^^^^^^^^
  File "C:\Users\SrikanthMudaliar\AppData\Local\Programs\Python\Python312\Lib\site-packages\postgrest\_sync\request_builder.py", line 53, in execute
    raise APIError(dict(json_obj))
postgrest.exceptions.APIError: {'message': "Could not find the 'organization_id' column of 'unified_cloud_costs' in the schema cache", 'code': 'PGRST204', 'hint': None, 'details': None}
{
  "id": "subscriptions/49ce7e88-e929-4031-b5b2-c8b557e5da2d/providers/Microsoft.CostManagement/query/28da9eb2-fa01-4582-874c-419740006f70",
  "name": "28da9eb2-fa01-4582-874c-419740006f70",
  "type": "Microsoft.CostManagement/query",
  "columns": [
    {
      "name": "PreTaxCost",
      "type": "Number"
    },
    {
      "name": "ServiceName",
      "type": "String"
    },
    {
      "name": "Currency",
      "type": "String"
    }
  ],
  "rows": [
    [
      0.000251020605862141,
      "Bandwidth",
      "INR"
    ],
    [
      72.2786721593515,
      "Storage",
      "INR"
    ],
    [
      927.260325000003,
      "Virtual Machines",
      "INR"
    ],
    [
      49.2816375000002,
      "Virtual Network",
      "INR"
    ]
  ]
}
Azure rows fetched: 4
Prepared Azure records:
[{'organization_id': 'bff29e99-1a33-4bf7-a2dc-3abe9bd2a03c', 'cloud': 'azure', 'account_name': 'azure-main', 'service_name': 'Bandwidth', 'region': 'global', 'resource_id': None, 'usage_date': '2026-06-05', 'usage_quantity': 0, 'cost': 0.000251020605862141, 'currency': 'USD', 'environment': None, 'application': None, 'tags': None}, {'organization_id': 'bff29e99-1a33-4bf7-a2dc-3abe9bd2a03c', 'cloud': 'azure', 'account_name': 'azure-main', 'service_name': 'Storage', 'region': 'global', 'resource_id': None, 'usage_date': '2026-06-05', 'usage_quantity': 0, 'cost': 72.2786721593515, 'currency': 'USD', 'environment': None, 'application': None, 'tags': None}, {'organization_id': 'bff29e99-1a33-4bf7-a2dc-3abe9bd2a03c', 'cloud': 'azure', 'account_name': 'azure-main', 'service_name': 'Virtual Machines', 'region': 'global', 'resource_id': None, 'usage_date': '2026-06-05', 'usage_quantity': 0, 'cost': 927.260325000003, 'currency': 'USD', 'environment': None, 'application': None, 'tags': None}]
Traceback (most recent call last):
  File "C:\Users\SrikanthMudaliar\AI-Cloud-Advisor\azure_cost_sync.py", line 143, in <module>
    .execute()
     ^^^^^^^^^
  File "C:\Users\SrikanthMudaliar\AppData\Local\Programs\Python\Python312\Lib\site-packages\postgrest\_sync\request_builder.py", line 53, in execute
    raise APIError(dict(json_obj))
postgrest.exceptions.APIError: {'message': "Could not find the 'organization_id' column of 'unified_cloud_costs' in the schema cache", 'code': 'PGRST204', 'hint': None, 'details': None}
{
  "id": "subscriptions/49ce7e88-e929-4031-b5b2-c8b557e5da2d/providers/Microsoft.CostManagement/query/c70ec3a8-d494-455b-8eb6-b4a860ad943d",
  "name": "c70ec3a8-d494-455b-8eb6-b4a860ad943d",
  "type": "Microsoft.CostManagement/query",
  "columns": [
    {
      "name": "PreTaxCost",
      "type": "Number"
    },
    {
      "name": "ServiceName",
      "type": "String"
    },
    {
      "name": "Currency",
      "type": "String"
    }
  ],
  "rows": [
    [
      0.000323015779629351,
      "Bandwidth",
      "INR"
    ],
    [
      85.6116311013678,
      "Storage",
      "INR"
    ],
    [
      1099.9852875,
      "Virtual Machines",
      "INR"
    ],
    [
      58.8508875000002,
      "Virtual Network",
      "INR"
    ]
  ]
}
Azure rows fetched: 4
Prepared Azure records:
[{'organization_id': 'bff29e99-1a33-4bf7-a2dc-3abe9bd2a03c', 'cloud': 'azure', 'account_name': 'azure-main', 'service_name': 'Bandwidth', 'region': 'global', 'resource_id': None, 'usage_date': '2026-06-06', 'usage_quantity': 0, 'cost': 0.000323015779629351, 'currency': 'USD', 'environment': None, 'application': None, 'tags': None}, {'organization_id': 'bff29e99-1a33-4bf7-a2dc-3abe9bd2a03c', 'cloud': 'azure', 'account_name': 'azure-main', 'service_name': 'Storage', 'region': 'global', 'resource_id': None, 'usage_date': '2026-06-06', 'usage_quantity': 0, 'cost': 85.6116311013678, 'currency': 'USD', 'environment': None, 'application': None, 'tags': None}, {'organization_id': 'bff29e99-1a33-4bf7-a2dc-3abe9bd2a03c', 'cloud': 'azure', 'account_name': 'azure-main', 'service_name': 'Virtual Machines', 'region': 'global', 'resource_id': None, 'usage_date': '2026-06-06', 'usage_quantity': 0, 'cost': 1099.9852875, 'currency': 'USD', 'environment': None, 'application': None, 'tags': None}]
Traceback (most recent call last):
  File "C:\Users\SrikanthMudaliar\AI-Cloud-Advisor\azure_cost_sync.py", line 143, in <module>
    .execute()
     ^^^^^^^^^
  File "C:\Users\SrikanthMudaliar\AppData\Local\Programs\Python\Python312\Lib\site-packages\postgrest\_sync\request_builder.py", line 53, in execute
    raise APIError(dict(json_obj))
postgrest.exceptions.APIError: {'message': "Could not find the 'organization_id' column of 'unified_cloud_costs' in the schema cache", 'code': 'PGRST204', 'hint': None, 'details': None}
{
  "id": "subscriptions/49ce7e88-e929-4031-b5b2-c8b557e5da2d/providers/Microsoft.CostManagement/query/59c91c12-9ee6-46bc-8c8c-ccfa47f73d16",
  "name": "59c91c12-9ee6-46bc-8c8c-ccfa47f73d16",
  "type": "Microsoft.CostManagement/query",
  "columns": [
    {
      "name": "PreTaxCost",
      "type": "Number"
    },
    {
      "name": "ServiceName",
      "type": "String"
    },
    {
      "name": "Currency",
      "type": "String"
    }
  ],
  "rows": [
    [
      0.000323015779629351,
      "Bandwidth",
      "INR"
    ],
    [
      85.6116311013678,
      "Storage",
      "INR"
    ],
    [
      1099.9852875,
      "Virtual Machines",
      "INR"
    ],
    [
      58.8508875000002,
      "Virtual Network",
      "INR"
    ]
  ]
}
Azure rows fetched: 4
Prepared Azure records:
[{'organization_id': 'bff29e99-1a33-4bf7-a2dc-3abe9bd2a03c', 'cloud': 'azure', 'account_name': 'azure-main', 'service_name': 'Bandwidth', 'region': 'global', 'resource_id': None, 'usage_date': '2026-06-06', 'usage_quantity': 0, 'cost': 0.000323015779629351, 'currency': 'USD', 'environment': None, 'application': None, 'tags': None}, {'organization_id': 'bff29e99-1a33-4bf7-a2dc-3abe9bd2a03c', 'cloud': 'azure', 'account_name': 'azure-main', 'service_name': 'Storage', 'region': 'global', 'resource_id': None, 'usage_date': '2026-06-06', 'usage_quantity': 0, 'cost': 85.6116311013678, 'currency': 'USD', 'environment': None, 'application': None, 'tags': None}, {'organization_id': 'bff29e99-1a33-4bf7-a2dc-3abe9bd2a03c', 'cloud': 'azure', 'account_name': 'azure-main', 'service_name': 'Virtual Machines', 'region': 'global', 'resource_id': None, 'usage_date': '2026-06-06', 'usage_quantity': 0, 'cost': 1099.9852875, 'currency': 'USD', 'environment': None, 'application': None, 'tags': None}]
Traceback (most recent call last):
  File "C:\Users\SrikanthMudaliar\AI-Cloud-Advisor\azure_cost_sync.py", line 143, in <module>
    .execute()
     ^^^^^^^^^
  File "C:\Users\SrikanthMudaliar\AppData\Local\Programs\Python\Python312\Lib\site-packages\postgrest\_sync\request_builder.py", line 53, in execute
    raise APIError(dict(json_obj))
postgrest.exceptions.APIError: {'message': "Could not find the 'organization_id' column of 'unified_cloud_costs' in the schema cache", 'code': 'PGRST204', 'hint': None, 'details': None}
{
  "id": "subscriptions/49ce7e88-e929-4031-b5b2-c8b557e5da2d/providers/Microsoft.CostManagement/query/3f54894e-f805-48f5-b656-d335b154ae09",
  "name": "3f54894e-f805-48f5-b656-d335b154ae09",
  "type": "Microsoft.CostManagement/query",
  "columns": [
    {
      "name": "PreTaxCost",
      "type": "Number"
    },
    {
      "name": "ServiceName",
      "type": "String"
    },
    {
      "name": "Currency",
      "type": "String"
    }
  ],
  "rows": [
    [
      0.000323015779629351,
      "Bandwidth",
      "INR"
    ],
    [
      85.6116311013678,
      "Storage",
      "INR"
    ],
    [
      1099.9852875,
      "Virtual Machines",
      "INR"
    ],
    [
      58.8508875000002,
      "Virtual Network",
      "INR"
    ]
  ]
}
Azure rows fetched: 4
Prepared Azure records:
[{'organization_id': 'bff29e99-1a33-4bf7-a2dc-3abe9bd2a03c', 'cloud': 'azure', 'account_name': 'azure-main', 'service_name': 'Bandwidth', 'region': 'global', 'resource_id': None, 'usage_date': '2026-06-06', 'usage_quantity': 0, 'cost': 0.000323015779629351, 'currency': 'USD', 'environment': None, 'application': None, 'tags': None}, {'organization_id': 'bff29e99-1a33-4bf7-a2dc-3abe9bd2a03c', 'cloud': 'azure', 'account_name': 'azure-main', 'service_name': 'Storage', 'region': 'global', 'resource_id': None, 'usage_date': '2026-06-06', 'usage_quantity': 0, 'cost': 85.6116311013678, 'currency': 'USD', 'environment': None, 'application': None, 'tags': None}, {'organization_id': 'bff29e99-1a33-4bf7-a2dc-3abe9bd2a03c', 'cloud': 'azure', 'account_name': 'azure-main', 'service_name': 'Virtual Machines', 'region': 'global', 'resource_id': None, 'usage_date': '2026-06-06', 'usage_quantity': 0, 'cost': 1099.9852875, 'currency': 'USD', 'environment': None, 'application': None, 'tags': None}]
Traceback (most recent call last):
  File "C:\Users\SrikanthMudaliar\AI-Cloud-Advisor\azure_cost_sync.py", line 143, in <module>
    .execute()
     ^^^^^^^^^
  File "C:\Users\SrikanthMudaliar\AppData\Local\Programs\Python\Python312\Lib\site-packages\postgrest\_sync\request_builder.py", line 53, in execute
    raise APIError(dict(json_obj))
postgrest.exceptions.APIError: {'message': "Could not find the 'organization_id' column of 'unified_cloud_costs' in the schema cache", 'code': 'PGRST204', 'hint': None, 'details': None}
{
  "id": "subscriptions/49ce7e88-e929-4031-b5b2-c8b557e5da2d/providers/Microsoft.CostManagement/query/70f72f86-20f4-4b05-abd0-46bce63e4a9c",
  "name": "70f72f86-20f4-4b05-abd0-46bce63e4a9c",
  "type": "Microsoft.CostManagement/query",
  "columns": [
    {
      "name": "PreTaxCost",
      "type": "Number"
    },
    {
      "name": "ServiceName",
      "type": "String"
    },
    {
      "name": "Currency",
      "type": "String"
    }
  ],
  "rows": [
    [
      0.000323015779629351,
      "Bandwidth",
      "INR"
    ],
    [
      85.6116311013678,
      "Storage",
      "INR"
    ],
    [
      1099.9852875,
      "Virtual Machines",
      "INR"
    ],
    [
      58.8508875000002,
      "Virtual Network",
      "INR"
    ]
  ]
}
Azure rows fetched: 4
Prepared Azure records:
[{'organization_id': 'bff29e99-1a33-4bf7-a2dc-3abe9bd2a03c', 'cloud': 'azure', 'account_name': 'azure-main', 'service_name': 'Bandwidth', 'region': 'global', 'resource_id': None, 'usage_date': '2026-06-06', 'usage_quantity': 0, 'cost': 0.000323015779629351, 'currency': 'USD', 'environment': None, 'application': None, 'tags': None}, {'organization_id': 'bff29e99-1a33-4bf7-a2dc-3abe9bd2a03c', 'cloud': 'azure', 'account_name': 'azure-main', 'service_name': 'Storage', 'region': 'global', 'resource_id': None, 'usage_date': '2026-06-06', 'usage_quantity': 0, 'cost': 85.6116311013678, 'currency': 'USD', 'environment': None, 'application': None, 'tags': None}, {'organization_id': 'bff29e99-1a33-4bf7-a2dc-3abe9bd2a03c', 'cloud': 'azure', 'account_name': 'azure-main', 'service_name': 'Virtual Machines', 'region': 'global', 'resource_id': None, 'usage_date': '2026-06-06', 'usage_quantity': 0, 'cost': 1099.9852875, 'currency': 'USD', 'environment': None, 'application': None, 'tags': None}]
Traceback (most recent call last):
  File "C:\Users\SrikanthMudaliar\AI-Cloud-Advisor\azure_cost_sync.py", line 143, in <module>
    .execute()
     ^^^^^^^^^
  File "C:\Users\SrikanthMudaliar\AppData\Local\Programs\Python\Python312\Lib\site-packages\postgrest\_sync\request_builder.py", line 53, in execute
    raise APIError(dict(json_obj))
postgrest.exceptions.APIError: {'message': "Could not find the 'organization_id' column of 'unified_cloud_costs' in the schema cache", 'code': 'PGRST204', 'hint': None, 'details': None}
{
  "id": "subscriptions/49ce7e88-e929-4031-b5b2-c8b557e5da2d/providers/Microsoft.CostManagement/query/c664306f-494c-4cfd-8719-fe3c05a98951",
  "name": "c664306f-494c-4cfd-8719-fe3c05a98951",
  "type": "Microsoft.CostManagement/query",
  "columns": [
    {
      "name": "PreTaxCost",
      "type": "Number"
    },
    {
      "name": "ServiceName",
      "type": "String"
    },
    {
      "name": "Currency",
      "type": "String"
    }
  ],
  "rows": [
    [
      0.000326095787063242,
      "Bandwidth",
      "INR"
    ],
    [
      87.716835144844,
      "Storage",
      "INR"
    ],
    [
      1127.25765,
      "Virtual Machines",
      "INR"
    ],
    [
      59.8078125000002,
      "Virtual Network",
      "INR"
    ]
  ]
}
Azure rows fetched: 4
Prepared Azure records:
[{'organization_id': 'bff29e99-1a33-4bf7-a2dc-3abe9bd2a03c', 'cloud': 'azure', 'account_name': 'azure-main', 'service_name': 'Bandwidth', 'region': 'global', 'resource_id': None, 'usage_date': '2026-06-06', 'usage_quantity': 0, 'cost': 0.000326095787063242, 'currency': 'USD', 'environment': None, 'application': None, 'tags': None}, {'organization_id': 'bff29e99-1a33-4bf7-a2dc-3abe9bd2a03c', 'cloud': 'azure', 'account_name': 'azure-main', 'service_name': 'Storage', 'region': 'global', 'resource_id': None, 'usage_date': '2026-06-06', 'usage_quantity': 0, 'cost': 87.716835144844, 'currency': 'USD', 'environment': None, 'application': None, 'tags': None}, {'organization_id': 'bff29e99-1a33-4bf7-a2dc-3abe9bd2a03c', 'cloud': 'azure', 'account_name': 'azure-main', 'service_name': 'Virtual Machines', 'region': 'global', 'resource_id': None, 'usage_date': '2026-06-06', 'usage_quantity': 0, 'cost': 1127.25765, 'currency': 'USD', 'environment': None, 'application': None, 'tags': None}]
Traceback (most recent call last):
  File "C:\Users\SrikanthMudaliar\AI-Cloud-Advisor\azure_cost_sync.py", line 143, in <module>
    .execute()
     ^^^^^^^^^
  File "C:\Users\SrikanthMudaliar\AppData\Local\Programs\Python\Python312\Lib\site-packages\postgrest\_sync\request_builder.py", line 53, in execute
    raise APIError(dict(json_obj))
postgrest.exceptions.APIError: {'message': "Could not find the 'organization_id' column of 'unified_cloud_costs' in the schema cache", 'code': 'PGRST204', 'hint': None, 'details': None}
{
  "id": "subscriptions/49ce7e88-e929-4031-b5b2-c8b557e5da2d/providers/Microsoft.CostManagement/query/1534a5bf-77e3-4bef-bc55-7f813f971c84",
  "name": "1534a5bf-77e3-4bef-bc55-7f813f971c84",
  "type": "Microsoft.CostManagement/query",
  "columns": [
    {
      "name": "PreTaxCost",
      "type": "Number"
    },
    {
      "name": "ServiceName",
      "type": "String"
    },
    {
      "name": "Currency",
      "type": "String"
    }
  ],
  "rows": [
    [
      0.000326095787063242,
      "Bandwidth",
      "INR"
    ],
    [
      87.716835144844,
      "Storage",
      "INR"
    ],
    [
      1127.25765,
      "Virtual Machines",
      "INR"
    ],
    [
      59.8078125000002,
      "Virtual Network",
      "INR"
    ]
  ]
}
Azure rows fetched: 4
Prepared Azure records:
[{'organization_id': 'bff29e99-1a33-4bf7-a2dc-3abe9bd2a03c', 'cloud': 'azure', 'account_name': 'azure-main', 'service_name': 'Bandwidth', 'region': 'global', 'resource_id': None, 'usage_date': '2026-06-06', 'usage_quantity': 0, 'cost': 0.000326095787063242, 'currency': 'USD', 'environment': None, 'application': None, 'tags': None}, {'organization_id': 'bff29e99-1a33-4bf7-a2dc-3abe9bd2a03c', 'cloud': 'azure', 'account_name': 'azure-main', 'service_name': 'Storage', 'region': 'global', 'resource_id': None, 'usage_date': '2026-06-06', 'usage_quantity': 0, 'cost': 87.716835144844, 'currency': 'USD', 'environment': None, 'application': None, 'tags': None}, {'organization_id': 'bff29e99-1a33-4bf7-a2dc-3abe9bd2a03c', 'cloud': 'azure', 'account_name': 'azure-main', 'service_name': 'Virtual Machines', 'region': 'global', 'resource_id': None, 'usage_date': '2026-06-06', 'usage_quantity': 0, 'cost': 1127.25765, 'currency': 'USD', 'environment': None, 'application': None, 'tags': None}]
Traceback (most recent call last):
  File "C:\Users\SrikanthMudaliar\AI-Cloud-Advisor\azure_cost_sync.py", line 143, in <module>
    .execute()
     ^^^^^^^^^
  File "C:\Users\SrikanthMudaliar\AppData\Local\Programs\Python\Python312\Lib\site-packages\postgrest\_sync\request_builder.py", line 53, in execute
    raise APIError(dict(json_obj))
postgrest.exceptions.APIError: {'message': "Could not find the 'organization_id' column of 'unified_cloud_costs' in the schema cache", 'code': 'PGRST204', 'hint': None, 'details': None}
{
  "id": "subscriptions/49ce7e88-e929-4031-b5b2-c8b557e5da2d/providers/Microsoft.CostManagement/query/a555d4d4-05fd-451e-b882-82bde9a66a6c",
  "name": "a555d4d4-05fd-451e-b882-82bde9a66a6c",
  "type": "Microsoft.CostManagement/query",
  "columns": [
    {
      "name": "PreTaxCost",
      "type": "Number"
    },
    {
      "name": "ServiceName",
      "type": "String"
    },
    {
      "name": "Currency",
      "type": "String"
    }
  ],
  "rows": [
    [
      0.000326095787063242,
      "Bandwidth",
      "INR"
    ],
    [
      87.716835144844,
      "Storage",
      "INR"
    ],
    [
      1127.25765,
      "Virtual Machines",
      "INR"
    ],
    [
      59.8078125000002,
      "Virtual Network",
      "INR"
    ]
  ]
}
Azure rows fetched: 4
Prepared Azure records:
[{'organization_id': 'bff29e99-1a33-4bf7-a2dc-3abe9bd2a03c', 'cloud': 'azure', 'account_name': 'azure-main', 'service_name': 'Bandwidth', 'region': 'global', 'resource_id': None, 'usage_date': '2026-06-06', 'usage_quantity': 0, 'cost': 0.000326095787063242, 'currency': 'USD', 'environment': None, 'application': None, 'tags': None}, {'organization_id': 'bff29e99-1a33-4bf7-a2dc-3abe9bd2a03c', 'cloud': 'azure', 'account_name': 'azure-main', 'service_name': 'Storage', 'region': 'global', 'resource_id': None, 'usage_date': '2026-06-06', 'usage_quantity': 0, 'cost': 87.716835144844, 'currency': 'USD', 'environment': None, 'application': None, 'tags': None}, {'organization_id': 'bff29e99-1a33-4bf7-a2dc-3abe9bd2a03c', 'cloud': 'azure', 'account_name': 'azure-main', 'service_name': 'Virtual Machines', 'region': 'global', 'resource_id': None, 'usage_date': '2026-06-06', 'usage_quantity': 0, 'cost': 1127.25765, 'currency': 'USD', 'environment': None, 'application': None, 'tags': None}]
Traceback (most recent call last):
  File "C:\Users\SrikanthMudaliar\AI-Cloud-Advisor\azure_cost_sync.py", line 143, in <module>
    .execute()
     ^^^^^^^^^
  File "C:\Users\SrikanthMudaliar\AppData\Local\Programs\Python\Python312\Lib\site-packages\postgrest\_sync\request_builder.py", line 53, in execute
    raise APIError(dict(json_obj))
postgrest.exceptions.APIError: {'message': "Could not find the 'organization_id' column of 'unified_cloud_costs' in the schema cache", 'code': 'PGRST204', 'hint': None, 'details': None}
Traceback (most recent call last):
  File "C:\Users\SrikanthMudaliar\AI-Cloud-Advisor\azure_cost_sync.py", line 47, in <module>
    query_result = cost_client.query.usage(
                   ^^^^^^^^^^^^^^^^^^^^^^^^
  File "C:\Users\SrikanthMudaliar\AppData\Local\Programs\Python\Python312\Lib\site-packages\azure\core\tracing\decorator.py", line 119, in wrapper_use_tracer
    return func(*args, **kwargs)
           ^^^^^^^^^^^^^^^^^^^^^
  File "C:\Users\SrikanthMudaliar\AppData\Local\Programs\Python\Python312\Lib\site-packages\azure\mgmt\costmanagement\operations\_query_operations.py", line 278, in usage
    raise HttpResponseError(response=response, model=error, error_format=ARMErrorFormat)
azure.core.exceptions.HttpResponseError: (429) Too many requests. Please retry.
Code: 429
Message: Too many requests. Please retry.
Traceback (most recent call last):
  File "C:\Users\SrikanthMudaliar\AI-Cloud-Advisor\azure_cost_sync.py", line 47, in <module>
    query_result = cost_client.query.usage(
                   ^^^^^^^^^^^^^^^^^^^^^^^^
  File "C:\Users\SrikanthMudaliar\AppData\Local\Programs\Python\Python312\Lib\site-packages\azure\core\tracing\decorator.py", line 119, in wrapper_use_tracer
    return func(*args, **kwargs)
           ^^^^^^^^^^^^^^^^^^^^^
  File "C:\Users\SrikanthMudaliar\AppData\Local\Programs\Python\Python312\Lib\site-packages\azure\mgmt\costmanagement\operations\_query_operations.py", line 278, in usage
    raise HttpResponseError(response=response, model=error, error_format=ARMErrorFormat)
azure.core.exceptions.HttpResponseError: (429) Too many requests. Please retry.
Code: 429
Message: Too many requests. Please retry.
{
  "id": "subscriptions/49ce7e88-e929-4031-b5b2-c8b557e5da2d/providers/Microsoft.CostManagement/query/c5053ef1-d61f-4915-af14-ad197f5d64b2",
  "name": "c5053ef1-d61f-4915-af14-ad197f5d64b2",
  "type": "Microsoft.CostManagement/query",
  "columns": [
    {
      "name": "PreTaxCost",
      "type": "Number"
    },
    {
      "name": "ServiceName",
      "type": "String"
    },
    {
      "name": "Currency",
      "type": "String"
    }
  ],
  "rows": [
    [
      0.000336490812152625,
      "Bandwidth",
      "INR"
    ],
    [
      89.1203045071615,
      "Storage",
      "INR"
    ],
    [
      1136.3484375,
      "Virtual Machines",
      "INR"
    ],
    [
      60.7647375000002,
      "Virtual Network",
      "INR"
    ]
  ]
}
Azure rows fetched: 4
Prepared Azure records:
[{'organization_id': 'bff29e99-1a33-4bf7-a2dc-3abe9bd2a03c', 'cloud': 'azure', 'account_name': 'azure-main', 'service_name': 'Bandwidth', 'region': 'global', 'resource_id': None, 'usage_date': '2026-06-06', 'usage_quantity': 0, 'cost': 0.000336490812152625, 'currency': 'USD', 'environment': None, 'application': None, 'tags': None}, {'organization_id': 'bff29e99-1a33-4bf7-a2dc-3abe9bd2a03c', 'cloud': 'azure', 'account_name': 'azure-main', 'service_name': 'Storage', 'region': 'global', 'resource_id': None, 'usage_date': '2026-06-06', 'usage_quantity': 0, 'cost': 89.1203045071615, 'currency': 'USD', 'environment': None, 'application': None, 'tags': None}, {'organization_id': 'bff29e99-1a33-4bf7-a2dc-3abe9bd2a03c', 'cloud': 'azure', 'account_name': 'azure-main', 'service_name': 'Virtual Machines', 'region': 'global', 'resource_id': None, 'usage_date': '2026-06-06', 'usage_quantity': 0, 'cost': 1136.3484375, 'currency': 'USD', 'environment': None, 'application': None, 'tags': None}]
Traceback (most recent call last):
  File "C:\Users\SrikanthMudaliar\AI-Cloud-Advisor\azure_cost_sync.py", line 143, in <module>
    .execute()
     ^^^^^^^^^
  File "C:\Users\SrikanthMudaliar\AppData\Local\Programs\Python\Python312\Lib\site-packages\postgrest\_sync\request_builder.py", line 53, in execute
    raise APIError(dict(json_obj))
postgrest.exceptions.APIError: {'message': "Could not find the 'organization_id' column of 'unified_cloud_costs' in the schema cache", 'code': 'PGRST204', 'hint': None, 'details': None}
{
  "id": "subscriptions/49ce7e88-e929-4031-b5b2-c8b557e5da2d/providers/Microsoft.CostManagement/query/e31907b6-5eb2-498e-aee1-5d209f492968",
  "name": "e31907b6-5eb2-498e-aee1-5d209f492968",
  "type": "Microsoft.CostManagement/query",
  "columns": [
    {
      "name": "PreTaxCost",
      "type": "Number"
    },
    {
      "name": "ServiceName",
      "type": "String"
    },
    {
      "name": "Currency",
      "type": "String"
    }
  ],
  "rows": [
    [
      0.000336490812152625,
      "Bandwidth",
      "INR"
    ],
    [
      89.1203045071615,
      "Storage",
      "INR"
    ],
    [
      1136.3484375,
      "Virtual Machines",
      "INR"
    ],
    [
      60.7647375000002,
      "Virtual Network",
      "INR"
    ]
  ]
}
Azure rows fetched: 4
Prepared Azure records:
[{'organization_id': 'bff29e99-1a33-4bf7-a2dc-3abe9bd2a03c', 'cloud': 'azure', 'account_name': 'azure-main', 'service_name': 'Bandwidth', 'region': 'global', 'resource_id': None, 'usage_date': '2026-06-06', 'usage_quantity': 0, 'cost': 0.000336490812152625, 'currency': 'USD', 'environment': None, 'application': None, 'tags': None}, {'organization_id': 'bff29e99-1a33-4bf7-a2dc-3abe9bd2a03c', 'cloud': 'azure', 'account_name': 'azure-main', 'service_name': 'Storage', 'region': 'global', 'resource_id': None, 'usage_date': '2026-06-06', 'usage_quantity': 0, 'cost': 89.1203045071615, 'currency': 'USD', 'environment': None, 'application': None, 'tags': None}, {'organization_id': 'bff29e99-1a33-4bf7-a2dc-3abe9bd2a03c', 'cloud': 'azure', 'account_name': 'azure-main', 'service_name': 'Virtual Machines', 'region': 'global', 'resource_id': None, 'usage_date': '2026-06-06', 'usage_quantity': 0, 'cost': 1136.3484375, 'currency': 'USD', 'environment': None, 'application': None, 'tags': None}]
Traceback (most recent call last):
  File "C:\Users\SrikanthMudaliar\AI-Cloud-Advisor\azure_cost_sync.py", line 143, in <module>
    .execute()
     ^^^^^^^^^
  File "C:\Users\SrikanthMudaliar\AppData\Local\Programs\Python\Python312\Lib\site-packages\postgrest\_sync\request_builder.py", line 53, in execute
    raise APIError(dict(json_obj))
postgrest.exceptions.APIError: {'message': "Could not find the 'organization_id' column of 'unified_cloud_costs' in the schema cache", 'code': 'PGRST204', 'hint': None, 'details': None}
{
  "id": "subscriptions/49ce7e88-e929-4031-b5b2-c8b557e5da2d/providers/Microsoft.CostManagement/query/3daeae5d-3228-456b-b802-31c10d4b58a0",
  "name": "3daeae5d-3228-456b-b802-31c10d4b58a0",
  "type": "Microsoft.CostManagement/query",
  "columns": [
    {
      "name": "PreTaxCost",
      "type": "Number"
    },
    {
      "name": "ServiceName",
      "type": "String"
    },
    {
      "name": "Currency",
      "type": "String"
    }
  ],
  "rows": [
    [
      0.000342650827020408,
      "Bandwidth",
      "INR"
    ],
    [
      89.9329922688963,
      "Storage",
      "INR"
    ],
    [
      1163.6208,
      "Virtual Machines",
      "INR"
    ],
    [
      61.7216625000002,
      "Virtual Network",
      "INR"
    ]
  ]
}
Azure rows fetched: 4
Prepared Azure records:
[{'organization_id': 'bff29e99-1a33-4bf7-a2dc-3abe9bd2a03c', 'cloud': 'azure', 'account_name': 'azure-main', 'service_name': 'Bandwidth', 'region': 'global', 'resource_id': None, 'usage_date': '2026-06-06', 'usage_quantity': 0, 'cost': 0.000342650827020408, 'currency': 'USD', 'environment': None, 'application': None, 'tags': None}, {'organization_id': 'bff29e99-1a33-4bf7-a2dc-3abe9bd2a03c', 'cloud': 'azure', 'account_name': 'azure-main', 'service_name': 'Storage', 'region': 'global', 'resource_id': None, 'usage_date': '2026-06-06', 'usage_quantity': 0, 'cost': 89.9329922688963, 'currency': 'USD', 'environment': None, 'application': None, 'tags': None}, {'organization_id': 'bff29e99-1a33-4bf7-a2dc-3abe9bd2a03c', 'cloud': 'azure', 'account_name': 'azure-main', 'service_name': 'Virtual Machines', 'region': 'global', 'resource_id': None, 'usage_date': '2026-06-06', 'usage_quantity': 0, 'cost': 1163.6208, 'currency': 'USD', 'environment': None, 'application': None, 'tags': None}]
Traceback (most recent call last):
  File "C:\Users\SrikanthMudaliar\AI-Cloud-Advisor\azure_cost_sync.py", line 143, in <module>
    .execute()
     ^^^^^^^^^
  File "C:\Users\SrikanthMudaliar\AppData\Local\Programs\Python\Python312\Lib\site-packages\postgrest\_sync\request_builder.py", line 53, in execute
    raise APIError(dict(json_obj))
postgrest.exceptions.APIError: {'message': "Could not find the 'organization_id' column of 'unified_cloud_costs' in the schema cache", 'code': 'PGRST204', 'hint': None, 'details': None}
{
  "id": "subscriptions/49ce7e88-e929-4031-b5b2-c8b557e5da2d/providers/Microsoft.CostManagement/query/995d5ea6-f0cb-493f-bdd1-24da4809df89",
  "name": "995d5ea6-f0cb-493f-bdd1-24da4809df89",
  "type": "Microsoft.CostManagement/query",
  "columns": [
    {
      "name": "PreTaxCost",
      "type": "Number"
    },
    {
      "name": "ServiceName",
      "type": "String"
    },
    {
      "name": "Currency",
      "type": "String"
    }
  ],
  "rows": [
    [
      0.000389235939458014,
      "Bandwidth",
      "INR"
    ],
    [
      100.857915485807,
      "Storage",
      "INR"
    ],
    [
      1290.891825,
      "Virtual Machines",
      "INR"
    ],
    [
      68.4201375000002,
      "Virtual Network",
      "INR"
    ]
  ]
}
Azure rows fetched: 4
Prepared Azure records:
[{'organization_id': 'bff29e99-1a33-4bf7-a2dc-3abe9bd2a03c', 'cloud': 'azure', 'account_name': 'azure-main', 'service_name': 'Bandwidth', 'region': 'global', 'resource_id': None, 'usage_date': '2026-06-07', 'usage_quantity': 0, 'cost': 0.000389235939458014, 'currency': 'USD', 'environment': None, 'application': None, 'tags': None}, {'organization_id': 'bff29e99-1a33-4bf7-a2dc-3abe9bd2a03c', 'cloud': 'azure', 'account_name': 'azure-main', 'service_name': 'Storage', 'region': 'global', 'resource_id': None, 'usage_date': '2026-06-07', 'usage_quantity': 0, 'cost': 100.857915485807, 'currency': 'USD', 'environment': None, 'application': None, 'tags': None}, {'organization_id': 'bff29e99-1a33-4bf7-a2dc-3abe9bd2a03c', 'cloud': 'azure', 'account_name': 'azure-main', 'service_name': 'Virtual Machines', 'region': 'global', 'resource_id': None, 'usage_date': '2026-06-07', 'usage_quantity': 0, 'cost': 1290.891825, 'currency': 'USD', 'environment': None, 'application': None, 'tags': None}]
Traceback (most recent call last):
  File "C:\Users\SrikanthMudaliar\AI-Cloud-Advisor\azure_cost_sync.py", line 143, in <module>
    .execute()
     ^^^^^^^^^
  File "C:\Users\SrikanthMudaliar\AppData\Local\Programs\Python\Python312\Lib\site-packages\postgrest\_sync\request_builder.py", line 53, in execute
    raise APIError(dict(json_obj))
postgrest.exceptions.APIError: {'message': "Could not find the 'organization_id' column of 'unified_cloud_costs' in the schema cache", 'code': 'PGRST204', 'hint': None, 'details': None}
{
  "id": "subscriptions/49ce7e88-e929-4031-b5b2-c8b557e5da2d/providers/Microsoft.CostManagement/query/33ee7664-13f7-4697-ae6f-91ff63d9920e",
  "name": "33ee7664-13f7-4697-ae6f-91ff63d9920e",
  "type": "Microsoft.CostManagement/query",
  "columns": [
    {
      "name": "PreTaxCost",
      "type": "Number"
    },
    {
      "name": "ServiceName",
      "type": "String"
    },
    {
      "name": "Currency",
      "type": "String"
    }
  ],
  "rows": [
    [
      0.000389235939458014,
      "Bandwidth",
      "INR"
    ],
    [
      100.857915485807,
      "Storage",
      "INR"
    ],
    [
      1290.891825,
      "Virtual Machines",
      "INR"
    ],
    [
      68.4201375000002,
      "Virtual Network",
      "INR"
    ]
  ]
}
Azure rows fetched: 4
Prepared Azure records:
[{'organization_id': 'bff29e99-1a33-4bf7-a2dc-3abe9bd2a03c', 'cloud': 'azure', 'account_name': 'azure-main', 'service_name': 'Bandwidth', 'region': 'global', 'resource_id': None, 'usage_date': '2026-06-07', 'usage_quantity': 0, 'cost': 0.000389235939458014, 'currency': 'USD', 'environment': None, 'application': None, 'tags': None}, {'organization_id': 'bff29e99-1a33-4bf7-a2dc-3abe9bd2a03c', 'cloud': 'azure', 'account_name': 'azure-main', 'service_name': 'Storage', 'region': 'global', 'resource_id': None, 'usage_date': '2026-06-07', 'usage_quantity': 0, 'cost': 100.857915485807, 'currency': 'USD', 'environment': None, 'application': None, 'tags': None}, {'organization_id': 'bff29e99-1a33-4bf7-a2dc-3abe9bd2a03c', 'cloud': 'azure', 'account_name': 'azure-main', 'service_name': 'Virtual Machines', 'region': 'global', 'resource_id': None, 'usage_date': '2026-06-07', 'usage_quantity': 0, 'cost': 1290.891825, 'currency': 'USD', 'environment': None, 'application': None, 'tags': None}]
Traceback (most recent call last):
  File "C:\Users\SrikanthMudaliar\AI-Cloud-Advisor\azure_cost_sync.py", line 143, in <module>
    .execute()
     ^^^^^^^^^
  File "C:\Users\SrikanthMudaliar\AppData\Local\Programs\Python\Python312\Lib\site-packages\postgrest\_sync\request_builder.py", line 53, in execute
    raise APIError(dict(json_obj))
postgrest.exceptions.APIError: {'message': "Could not find the 'organization_id' column of 'unified_cloud_costs' in the schema cache", 'code': 'PGRST204', 'hint': None, 'details': None}
{
  "id": "subscriptions/49ce7e88-e929-4031-b5b2-c8b557e5da2d/providers/Microsoft.CostManagement/query/c5d35002-8335-4078-8b1b-fc7d33b6bd31",
  "name": "c5d35002-8335-4078-8b1b-fc7d33b6bd31",
  "type": "Microsoft.CostManagement/query",
  "columns": [
    {
      "name": "PreTaxCost",
      "type": "Number"
    },
    {
      "name": "ServiceName",
      "type": "String"
    },
    {
      "name": "Currency",
      "type": "String"
    }
  ],
  "rows": [
    [
      0.000389235939458014,
      "Bandwidth",
      "INR"
    ],
    [
      100.857915485807,
      "Storage",
      "INR"
    ],
    [
      1290.891825,
      "Virtual Machines",
      "INR"
    ],
    [
      68.4201375000002,
      "Virtual Network",
      "INR"
    ]
  ]
}
Azure rows fetched: 4
Prepared Azure records:
[{'organization_id': 'bff29e99-1a33-4bf7-a2dc-3abe9bd2a03c', 'cloud': 'azure', 'account_name': 'azure-main', 'service_name': 'Bandwidth', 'region': 'global', 'resource_id': None, 'usage_date': '2026-06-07', 'usage_quantity': 0, 'cost': 0.000389235939458014, 'currency': 'USD', 'environment': None, 'application': None, 'tags': None}, {'organization_id': 'bff29e99-1a33-4bf7-a2dc-3abe9bd2a03c', 'cloud': 'azure', 'account_name': 'azure-main', 'service_name': 'Storage', 'region': 'global', 'resource_id': None, 'usage_date': '2026-06-07', 'usage_quantity': 0, 'cost': 100.857915485807, 'currency': 'USD', 'environment': None, 'application': None, 'tags': None}, {'organization_id': 'bff29e99-1a33-4bf7-a2dc-3abe9bd2a03c', 'cloud': 'azure', 'account_name': 'azure-main', 'service_name': 'Virtual Machines', 'region': 'global', 'resource_id': None, 'usage_date': '2026-06-07', 'usage_quantity': 0, 'cost': 1290.891825, 'currency': 'USD', 'environment': None, 'application': None, 'tags': None}]
Traceback (most recent call last):
  File "C:\Users\SrikanthMudaliar\AI-Cloud-Advisor\azure_cost_sync.py", line 143, in <module>
    .execute()
     ^^^^^^^^^
  File "C:\Users\SrikanthMudaliar\AppData\Local\Programs\Python\Python312\Lib\site-packages\postgrest\_sync\request_builder.py", line 53, in execute
    raise APIError(dict(json_obj))
postgrest.exceptions.APIError: {'message': "Could not find the 'organization_id' column of 'unified_cloud_costs' in the schema cache", 'code': 'PGRST204', 'hint': None, 'details': None}
{
  "id": "subscriptions/49ce7e88-e929-4031-b5b2-c8b557e5da2d/providers/Microsoft.CostManagement/query/55abb69b-c81b-4047-8ef8-f6e51939f598",
  "name": "55abb69b-c81b-4047-8ef8-f6e51939f598",
  "type": "Microsoft.CostManagement/query",
  "columns": [
    {
      "name": "PreTaxCost",
      "type": "Number"
    },
    {
      "name": "ServiceName",
      "type": "String"
    },
    {
      "name": "Currency",
      "type": "String"
    }
  ],
  "rows": [
    [
      0.000389235939458014,
      "Bandwidth",
      "INR"
    ],
    [
      100.857915485807,
      "Storage",
      "INR"
    ],
    [
      1290.891825,
      "Virtual Machines",
      "INR"
    ],
    [
      68.4201375000002,
      "Virtual Network",
      "INR"
    ]
  ]
}
Azure rows fetched: 4
Prepared Azure records:
[{'organization_id': 'bff29e99-1a33-4bf7-a2dc-3abe9bd2a03c', 'cloud': 'azure', 'account_name': 'azure-main', 'service_name': 'Bandwidth', 'region': 'global', 'resource_id': None, 'usage_date': '2026-06-07', 'usage_quantity': 0, 'cost': 0.000389235939458014, 'currency': 'USD', 'environment': None, 'application': None, 'tags': None}, {'organization_id': 'bff29e99-1a33-4bf7-a2dc-3abe9bd2a03c', 'cloud': 'azure', 'account_name': 'azure-main', 'service_name': 'Storage', 'region': 'global', 'resource_id': None, 'usage_date': '2026-06-07', 'usage_quantity': 0, 'cost': 100.857915485807, 'currency': 'USD', 'environment': None, 'application': None, 'tags': None}, {'organization_id': 'bff29e99-1a33-4bf7-a2dc-3abe9bd2a03c', 'cloud': 'azure', 'account_name': 'azure-main', 'service_name': 'Virtual Machines', 'region': 'global', 'resource_id': None, 'usage_date': '2026-06-07', 'usage_quantity': 0, 'cost': 1290.891825, 'currency': 'USD', 'environment': None, 'application': None, 'tags': None}]
Traceback (most recent call last):
  File "C:\Users\SrikanthMudaliar\AI-Cloud-Advisor\azure_cost_sync.py", line 143, in <module>
    .execute()
     ^^^^^^^^^
  File "C:\Users\SrikanthMudaliar\AppData\Local\Programs\Python\Python312\Lib\site-packages\postgrest\_sync\request_builder.py", line 53, in execute
    raise APIError(dict(json_obj))
postgrest.exceptions.APIError: {'message': "Could not find the 'organization_id' column of 'unified_cloud_costs' in the schema cache", 'code': 'PGRST204', 'hint': None, 'details': None}
Traceback (most recent call last):
  File "C:\Users\SrikanthMudaliar\AI-Cloud-Advisor\azure_cost_sync.py", line 47, in <module>
    query_result = cost_client.query.usage(
                   ^^^^^^^^^^^^^^^^^^^^^^^^
  File "C:\Users\SrikanthMudaliar\AppData\Local\Programs\Python\Python312\Lib\site-packages\azure\core\tracing\decorator.py", line 119, in wrapper_use_tracer
    return func(*args, **kwargs)
           ^^^^^^^^^^^^^^^^^^^^^
  File "C:\Users\SrikanthMudaliar\AppData\Local\Programs\Python\Python312\Lib\site-packages\azure\mgmt\costmanagement\operations\_query_operations.py", line 278, in usage
    raise HttpResponseError(response=response, model=error, error_format=ARMErrorFormat)
azure.core.exceptions.HttpResponseError: (429) Too many requests. Please retry.
Code: 429
Message: Too many requests. Please retry.
Traceback (most recent call last):
  File "C:\Users\SrikanthMudaliar\AI-Cloud-Advisor\azure_cost_sync.py", line 47, in <module>
    query_result = cost_client.query.usage(
                   ^^^^^^^^^^^^^^^^^^^^^^^^
  File "C:\Users\SrikanthMudaliar\AppData\Local\Programs\Python\Python312\Lib\site-packages\azure\core\tracing\decorator.py", line 119, in wrapper_use_tracer
    return func(*args, **kwargs)
           ^^^^^^^^^^^^^^^^^^^^^
  File "C:\Users\SrikanthMudaliar\AppData\Local\Programs\Python\Python312\Lib\site-packages\azure\mgmt\costmanagement\operations\_query_operations.py", line 278, in usage
    raise HttpResponseError(response=response, model=error, error_format=ARMErrorFormat)
azure.core.exceptions.HttpResponseError: (429) Too many requests. Please retry.
Code: 429
Message: Too many requests. Please retry.
{
  "id": "subscriptions/49ce7e88-e929-4031-b5b2-c8b557e5da2d/providers/Microsoft.CostManagement/query/e2aef22c-c046-432a-ac2d-28a3b33da9b2",
  "name": "e2aef22c-c046-432a-ac2d-28a3b33da9b2",
  "type": "Microsoft.CostManagement/query",
  "columns": [
    {
      "name": "PreTaxCost",
      "type": "Number"
    },
    {
      "name": "ServiceName",
      "type": "String"
    },
    {
      "name": "Currency",
      "type": "String"
    }
  ],
  "rows": [
    [
      0.000398475961759688,
      "Bandwidth",
      "INR"
    ],
    [
      102.418618802508,
      "Storage",
      "INR"
    ],
    [
      1309.0734,
      "Virtual Machines",
      "INR"
    ],
    [
      69.3770625000002,
      "Virtual Network",
      "INR"
    ]
  ]
}
Azure rows fetched: 4
Prepared Azure records:
[{'organization_id': 'bff29e99-1a33-4bf7-a2dc-3abe9bd2a03c', 'cloud': 'azure', 'account_name': 'azure-main', 'service_name': 'Bandwidth', 'region': 'global', 'resource_id': None, 'usage_date': '2026-06-07', 'usage_quantity': 0, 'cost': 0.000398475961759688, 'currency': 'USD', 'environment': None, 'application': None, 'tags': None}, {'organization_id': 'bff29e99-1a33-4bf7-a2dc-3abe9bd2a03c', 'cloud': 'azure', 'account_name': 'azure-main', 'service_name': 'Storage', 'region': 'global', 'resource_id': None, 'usage_date': '2026-06-07', 'usage_quantity': 0, 'cost': 102.418618802508, 'currency': 'USD', 'environment': None, 'application': None, 'tags': None}, {'organization_id': 'bff29e99-1a33-4bf7-a2dc-3abe9bd2a03c', 'cloud': 'azure', 'account_name': 'azure-main', 'service_name': 'Virtual Machines', 'region': 'global', 'resource_id': None, 'usage_date': '2026-06-07', 'usage_quantity': 0, 'cost': 1309.0734, 'currency': 'USD', 'environment': None, 'application': None, 'tags': None}]
Traceback (most recent call last):
  File "C:\Users\SrikanthMudaliar\AI-Cloud-Advisor\azure_cost_sync.py", line 143, in <module>
    .execute()
     ^^^^^^^^^
  File "C:\Users\SrikanthMudaliar\AppData\Local\Programs\Python\Python312\Lib\site-packages\postgrest\_sync\request_builder.py", line 53, in execute
    raise APIError(dict(json_obj))
postgrest.exceptions.APIError: {'message': "Could not find the 'organization_id' column of 'unified_cloud_costs' in the schema cache", 'code': 'PGRST204', 'hint': None, 'details': None}
{
  "id": "subscriptions/49ce7e88-e929-4031-b5b2-c8b557e5da2d/providers/Microsoft.CostManagement/query/ac778868-bfbc-4922-913a-5ab728772a6f",
  "name": "ac778868-bfbc-4922-913a-5ab728772a6f",
  "type": "Microsoft.CostManagement/query",
  "columns": [
    {
      "name": "PreTaxCost",
      "type": "Number"
    },
    {
      "name": "ServiceName",
      "type": "String"
    },
    {
      "name": "Currency",
      "type": "String"
    }
  ],
  "rows": [
    [
      0.000398475961759688,
      "Bandwidth",
      "INR"
    ],
    [
      102.418618802508,
      "Storage",
      "INR"
    ],
    [
      1309.0734,
      "Virtual Machines",
      "INR"
    ],
    [
      69.3770625000002,
      "Virtual Network",
      "INR"
    ]
  ]
}
Azure rows fetched: 4
Prepared Azure records:
[{'organization_id': 'bff29e99-1a33-4bf7-a2dc-3abe9bd2a03c', 'cloud': 'azure', 'account_name': 'azure-main', 'service_name': 'Bandwidth', 'region': 'global', 'resource_id': None, 'usage_date': '2026-06-07', 'usage_quantity': 0, 'cost': 0.000398475961759688, 'currency': 'USD', 'environment': None, 'application': None, 'tags': None}, {'organization_id': 'bff29e99-1a33-4bf7-a2dc-3abe9bd2a03c', 'cloud': 'azure', 'account_name': 'azure-main', 'service_name': 'Storage', 'region': 'global', 'resource_id': None, 'usage_date': '2026-06-07', 'usage_quantity': 0, 'cost': 102.418618802508, 'currency': 'USD', 'environment': None, 'application': None, 'tags': None}, {'organization_id': 'bff29e99-1a33-4bf7-a2dc-3abe9bd2a03c', 'cloud': 'azure', 'account_name': 'azure-main', 'service_name': 'Virtual Machines', 'region': 'global', 'resource_id': None, 'usage_date': '2026-06-07', 'usage_quantity': 0, 'cost': 1309.0734, 'currency': 'USD', 'environment': None, 'application': None, 'tags': None}]
Traceback (most recent call last):
  File "C:\Users\SrikanthMudaliar\AI-Cloud-Advisor\azure_cost_sync.py", line 143, in <module>
    .execute()
     ^^^^^^^^^
  File "C:\Users\SrikanthMudaliar\AppData\Local\Programs\Python\Python312\Lib\site-packages\postgrest\_sync\request_builder.py", line 53, in execute
    raise APIError(dict(json_obj))
postgrest.exceptions.APIError: {'message': "Could not find the 'organization_id' column of 'unified_cloud_costs' in the schema cache", 'code': 'PGRST204', 'hint': None, 'details': None}
{
  "id": "subscriptions/49ce7e88-e929-4031-b5b2-c8b557e5da2d/providers/Microsoft.CostManagement/query/7727eb61-3d5d-4a3c-8cea-d1c97e423795",
  "name": "7727eb61-3d5d-4a3c-8cea-d1c97e423795",
  "type": "Microsoft.CostManagement/query",
  "columns": [
    {
      "name": "PreTaxCost",
      "type": "Number"
    },
    {
      "name": "ServiceName",
      "type": "String"
    },
    {
      "name": "Currency",
      "type": "String"
    }
  ],
  "rows": [
    [
      0.000413875998929144,
      "Bandwidth",
      "INR"
    ],
    [
      106.24176011707,
      "Storage",
      "INR"
    ],
    [
      1344.98217425918,
      "Virtual Machines",
      "INR"
    ],
    [
      71.2909125000002,
      "Virtual Network",
      "INR"
    ]
  ]
}
Azure rows fetched: 4
Prepared Azure records:
[{'organization_id': 'bff29e99-1a33-4bf7-a2dc-3abe9bd2a03c', 'cloud': 'azure', 'account_name': 'azure-main', 'service_name': 'Bandwidth', 'region': 'global', 'resource_id': None, 'usage_date': '2026-06-07', 'usage_quantity': 0, 'cost': 0.000413875998929144, 'currency': 'USD', 'environment': None, 'application': None, 'tags': None}, {'organization_id': 'bff29e99-1a33-4bf7-a2dc-3abe9bd2a03c', 'cloud': 'azure', 'account_name': 'azure-main', 'service_name': 'Storage', 'region': 'global', 'resource_id': None, 'usage_date': '2026-06-07', 'usage_quantity': 0, 'cost': 106.24176011707, 'currency': 'USD', 'environment': None, 'application': None, 'tags': None}, {'organization_id': 'bff29e99-1a33-4bf7-a2dc-3abe9bd2a03c', 'cloud': 'azure', 'account_name': 'azure-main', 'service_name': 'Virtual Machines', 'region': 'global', 'resource_id': None, 'usage_date': '2026-06-07', 'usage_quantity': 0, 'cost': 1344.98217425918, 'currency': 'USD', 'environment': None, 'application': None, 'tags': None}]
Traceback (most recent call last):
  File "C:\Users\SrikanthMudaliar\AI-Cloud-Advisor\azure_cost_sync.py", line 143, in <module>
    .execute()
     ^^^^^^^^^
  File "C:\Users\SrikanthMudaliar\AppData\Local\Programs\Python\Python312\Lib\site-packages\postgrest\_sync\request_builder.py", line 53, in execute
    raise APIError(dict(json_obj))
postgrest.exceptions.APIError: {'message': "Could not find the 'organization_id' column of 'unified_cloud_costs' in the schema cache", 'code': 'PGRST204', 'hint': None, 'details': None}
{
  "id": "subscriptions/49ce7e88-e929-4031-b5b2-c8b557e5da2d/providers/Microsoft.CostManagement/query/0c2d358f-460d-472d-9513-0ecc2208e7aa",
  "name": "0c2d358f-460d-472d-9513-0ecc2208e7aa",
  "type": "Microsoft.CostManagement/query",
  "columns": [
    {
      "name": "PreTaxCost",
      "type": "Number"
    },
    {
      "name": "ServiceName",
      "type": "String"
    },
    {
      "name": "Currency",
      "type": "String"
    }
  ],
  "rows": [
    [
      0.00041965101286769,
      "Bandwidth",
      "INR"
    ],
    [
      107.100728752613,
      "Storage",
      "INR"
    ],
    [
      1354.07296175918,
      "Virtual Machines",
      "INR"
    ],
    [
      72.2478375000002,
      "Virtual Network",
      "INR"
    ]
  ]
}
Azure rows fetched: 4
Prepared Azure records:
[{'organization_id': 'bff29e99-1a33-4bf7-a2dc-3abe9bd2a03c', 'cloud': 'azure', 'account_name': 'azure-main', 'service_name': 'Bandwidth', 'region': 'global', 'resource_id': None, 'usage_date': '2026-06-07', 'usage_quantity': 0, 'cost': 0.00041965101286769, 'currency': 'USD', 'environment': None, 'application': None, 'tags': None}, {'organization_id': 'bff29e99-1a33-4bf7-a2dc-3abe9bd2a03c', 'cloud': 'azure', 'account_name': 'azure-main', 'service_name': 'Storage', 'region': 'global', 'resource_id': None, 'usage_date': '2026-06-07', 'usage_quantity': 0, 'cost': 107.100728752613, 'currency': 'USD', 'environment': None, 'application': None, 'tags': None}, {'organization_id': 'bff29e99-1a33-4bf7-a2dc-3abe9bd2a03c', 'cloud': 'azure', 'account_name': 'azure-main', 'service_name': 'Virtual Machines', 'region': 'global', 'resource_id': None, 'usage_date': '2026-06-07', 'usage_quantity': 0, 'cost': 1354.07296175918, 'currency': 'USD', 'environment': None, 'application': None, 'tags': None}]
Traceback (most recent call last):
  File "C:\Users\SrikanthMudaliar\AI-Cloud-Advisor\azure_cost_sync.py", line 143, in <module>
    .execute()
     ^^^^^^^^^
  File "C:\Users\SrikanthMudaliar\AppData\Local\Programs\Python\Python312\Lib\site-packages\postgrest\_sync\request_builder.py", line 53, in execute
    raise APIError(dict(json_obj))
postgrest.exceptions.APIError: {'message': "Could not find the 'organization_id' column of 'unified_cloud_costs' in the schema cache", 'code': 'PGRST204', 'hint': None, 'details': None}
{
  "id": "subscriptions/49ce7e88-e929-4031-b5b2-c8b557e5da2d/providers/Microsoft.CostManagement/query/bb52e8db-a97d-4e80-b434-ca129ddb7438",
  "name": "bb52e8db-a97d-4e80-b434-ca129ddb7438",
  "type": "Microsoft.CostManagement/query",
  "columns": [
    {
      "name": "PreTaxCost",
      "type": "Number"
    },
    {
      "name": "ServiceName",
      "type": "String"
    },
    {
      "name": "Currency",
      "type": "String"
    }
  ],
  "rows": [
    [
      0.00041965101286769,
      "Bandwidth",
      "INR"
    ],
    [
      107.100728752613,
      "Storage",
      "INR"
    ],
    [
      1354.07296175918,
      "Virtual Machines",
      "INR"
    ],
    [
      72.2478375000002,
      "Virtual Network",
      "INR"
    ]
  ]
}
Azure rows fetched: 4
Prepared Azure records:
[{'organization_id': 'bff29e99-1a33-4bf7-a2dc-3abe9bd2a03c', 'cloud': 'azure', 'account_name': 'azure-main', 'service_name': 'Bandwidth', 'region': 'global', 'resource_id': None, 'usage_date': '2026-06-07', 'usage_quantity': 0, 'cost': 0.00041965101286769, 'currency': 'USD', 'environment': None, 'application': None, 'tags': None}, {'organization_id': 'bff29e99-1a33-4bf7-a2dc-3abe9bd2a03c', 'cloud': 'azure', 'account_name': 'azure-main', 'service_name': 'Storage', 'region': 'global', 'resource_id': None, 'usage_date': '2026-06-07', 'usage_quantity': 0, 'cost': 107.100728752613, 'currency': 'USD', 'environment': None, 'application': None, 'tags': None}, {'organization_id': 'bff29e99-1a33-4bf7-a2dc-3abe9bd2a03c', 'cloud': 'azure', 'account_name': 'azure-main', 'service_name': 'Virtual Machines', 'region': 'global', 'resource_id': None, 'usage_date': '2026-06-07', 'usage_quantity': 0, 'cost': 1354.07296175918, 'currency': 'USD', 'environment': None, 'application': None, 'tags': None}]
Traceback (most recent call last):
  File "C:\Users\SrikanthMudaliar\AI-Cloud-Advisor\azure_cost_sync.py", line 143, in <module>
    .execute()
     ^^^^^^^^^
  File "C:\Users\SrikanthMudaliar\AppData\Local\Programs\Python\Python312\Lib\site-packages\postgrest\_sync\request_builder.py", line 53, in execute
    raise APIError(dict(json_obj))
postgrest.exceptions.APIError: {'message': "Could not find the 'organization_id' column of 'unified_cloud_costs' in the schema cache", 'code': 'PGRST204', 'hint': None, 'details': None}
{
  "id": "subscriptions/49ce7e88-e929-4031-b5b2-c8b557e5da2d/providers/Microsoft.CostManagement/query/95a6d44b-a1a3-4e30-b8c5-165b0d7b1839",
  "name": "95a6d44b-a1a3-4e30-b8c5-165b0d7b1839",
  "type": "Microsoft.CostManagement/query",
  "columns": [
    {
      "name": "PreTaxCost",
      "type": "Number"
    },
    {
      "name": "ServiceName",
      "type": "String"
    },
    {
      "name": "Currency",
      "type": "String"
    }
  ],
  "rows": [
    [
      0.000429276036098601,
      "Bandwidth",
      "INR"
    ],
    [
      109.441783727665,
      "Storage",
      "INR"
    ],
    [
      1372.25453675918,
      "Virtual Machines",
      "INR"
    ],
    [
      73.2047625000002,
      "Virtual Network",
      "INR"
    ]
  ]
}
Azure rows fetched: 4
Prepared Azure records:
[{'organization_id': 'bff29e99-1a33-4bf7-a2dc-3abe9bd2a03c', 'cloud': 'azure', 'account_name': 'azure-main', 'service_name': 'Bandwidth', 'region': 'global', 'resource_id': None, 'usage_date': '2026-06-07', 'usage_quantity': 0, 'cost': 0.000429276036098601, 'currency': 'USD', 'environment': None, 'application': None, 'tags': None}, {'organization_id': 'bff29e99-1a33-4bf7-a2dc-3abe9bd2a03c', 'cloud': 'azure', 'account_name': 'azure-main', 'service_name': 'Storage', 'region': 'global', 'resource_id': None, 'usage_date': '2026-06-07', 'usage_quantity': 0, 'cost': 109.441783727665, 'currency': 'USD', 'environment': None, 'application': None, 'tags': None}, {'organization_id': 'bff29e99-1a33-4bf7-a2dc-3abe9bd2a03c', 'cloud': 'azure', 'account_name': 'azure-main', 'service_name': 'Virtual Machines', 'region': 'global', 'resource_id': None, 'usage_date': '2026-06-07', 'usage_quantity': 0, 'cost': 1372.25453675918, 'currency': 'USD', 'environment': None, 'application': None, 'tags': None}]
Traceback (most recent call last):
  File "C:\Users\SrikanthMudaliar\AI-Cloud-Advisor\azure_cost_sync.py", line 143, in <module>
    .execute()
     ^^^^^^^^^
  File "C:\Users\SrikanthMudaliar\AppData\Local\Programs\Python\Python312\Lib\site-packages\postgrest\_sync\request_builder.py", line 53, in execute
    raise APIError(dict(json_obj))
postgrest.exceptions.APIError: {'message': "Could not find the 'organization_id' column of 'unified_cloud_costs' in the schema cache", 'code': 'PGRST204', 'hint': None, 'details': None}
