2026-05-28 15:32:13,689 - INFO - Adding job tentatively -- it will be properly scheduled when the scheduler starts
2026-05-28 15:32:13,690 - INFO - Adding job tentatively -- it will be properly scheduled when the scheduler starts
2026-05-28 15:32:13,690 - INFO - Added job "run_recommendations" to job store "default"
2026-05-28 15:32:13,690 - INFO - Added job "run_ingestion" to job store "default"
2026-05-28 15:32:13,691 - INFO - Scheduler started
2026-05-28 15:39:19,632 - INFO - Scheduler has been shut down
2026-05-28 15:39:27,429 - INFO - Adding job tentatively -- it will be properly scheduled when the scheduler starts
2026-05-28 15:39:27,430 - INFO - Adding job tentatively -- it will be properly scheduled when the scheduler starts
2026-05-28 15:39:27,430 - INFO - Added job "run_recommendations" to job store "default"
2026-05-28 15:39:27,430 - INFO - Added job "run_ingestion" to job store "default"
2026-05-28 15:39:27,430 - INFO - Scheduler started
2026-05-28 15:40:27,444 - INFO - Running job "run_recommendations (trigger: interval[0:01:00], next run at: 2026-05-28 15:40:27 IST)" (scheduled at 2026-05-28 15:40:27.429134+05:30)
2026-05-28 15:40:27,445 - INFO - Running scheduled recommendation job
2026-05-28 15:40:27,445 - INFO - Starting recommendation generation for org: bff29e99-1a33-4bf7-a2dc-3abe9bd2a03c
2026-05-28 15:40:27,454 - INFO - Running job "run_ingestion (trigger: interval[0:01:00], next run at: 2026-05-28 15:40:27 IST)" (scheduled at 2026-05-28 15:40:27.430101+05:30)
2026-05-28 15:40:27,454 - INFO - Running cloud ingestion pipeline
2026-05-28 15:40:27,454 - INFO - Starting aws_cost_sync.py
2026-05-28 15:40:27,666 - ERROR - aws_cost_sync.py failed: Command '['python', 'aws_cost_sync.py']' returned non-zero exit status 1.
2026-05-28 15:40:27,667 - INFO - Starting azure_cost_sync.py
2026-05-28 15:40:27,845 - ERROR - azure_cost_sync.py failed: Command '['python', 'azure_cost_sync.py']' returned non-zero exit status 1.
2026-05-28 15:40:27,845 - INFO - Starting gcp_cost_sync.py
2026-05-28 15:40:28,061 - ERROR - gcp_cost_sync.py failed: Command '['python', 'gcp_cost_sync.py']' returned non-zero exit status 1.
2026-05-28 15:40:28,062 - INFO - Cloud ingestion pipeline completed
2026-05-28 15:40:28,062 - INFO - Job "run_ingestion (trigger: interval[0:01:00], next run at: 2026-05-28 15:41:27 IST)" executed successfully
2026-05-28 15:40:29,114 - INFO - HTTP Request: GET https://iafrrtmvvqmuksvprrsj.supabase.co/rest/v1/usage_metrics?select=%2A "HTTP/2 200 OK"
2026-05-28 15:40:29,319 - INFO - HTTP Request: GET https://iafrrtmvvqmuksvprrsj.supabase.co/rest/v1/unallocated_cost?select=%2A "HTTP/2 200 OK"
2026-05-28 15:40:29,522 - INFO - HTTP Request: GET https://iafrrtmvvqmuksvprrsj.supabase.co/rest/v1/optimization_results?select=%2A "HTTP/2 200 OK"
2026-05-28 15:40:30,362 - INFO - HTTP Request: POST https://iafrrtmvvqmuksvprrsj.supabase.co/rest/v1/recommendations?on_conflict=org_id%2Cmessage&columns=%22org_id%22%2C%22impact%22%2C%22estimated_savings%22%2C%22message%22%2C%22status%22%2C%22type%22%2C%22service%22%2C%22description%22 "HTTP/2 400 Bad Request"
2026-05-28 15:40:30,364 - ERROR - Recommendation upsert failed: {'message': 'new row for relation "recommendations" violates check constraint "valid_status"', 'code': '23514', 'hint': None, 'details': 'Failing row contains (f2d093a7-ad84-408d-81b0-4640588f892e, bff29e99-1a33-4bf7-a2dc-3abe9bd2a03c, Compute, High utilization detected - consider autoscaling, 0, pending, 2026-05-28 10:10:30.883352, null, OPTIMIZATION, High utilization detected - consider autoscaling, HIGH, null, null, null, null, null, null, null, null, null, null).'}
2026-05-28 15:40:30,365 - INFO - Recommendation job completed successfully
2026-05-28 15:40:30,365 - INFO - Job "run_recommendations (trigger: interval[0:01:00], next run at: 2026-05-28 15:41:27 IST)" executed successfully
2026-05-28 15:41:27,437 - INFO - Running job "run_recommendations (trigger: interval[0:01:00], next run at: 2026-05-28 15:42:27 IST)" (scheduled at 2026-05-28 15:41:27.429134+05:30)
2026-05-28 15:41:27,438 - INFO - Running scheduled recommendation job
2026-05-28 15:41:27,438 - INFO - Starting recommendation generation for org: bff29e99-1a33-4bf7-a2dc-3abe9bd2a03c
2026-05-28 15:41:27,438 - INFO - Running job "run_ingestion (trigger: interval[0:01:00], next run at: 2026-05-28 15:42:27 IST)" (scheduled at 2026-05-28 15:41:27.430101+05:30)
2026-05-28 15:41:27,441 - INFO - Running cloud ingestion pipeline
2026-05-28 15:41:27,441 - INFO - Starting aws_cost_sync.py
2026-05-28 15:41:27,626 - ERROR - aws_cost_sync.py failed: Command '['python', 'aws_cost_sync.py']' returned non-zero exit status 1.
2026-05-28 15:41:27,627 - INFO - Starting azure_cost_sync.py
2026-05-28 15:41:27,710 - INFO - HTTP Request: GET https://iafrrtmvvqmuksvprrsj.supabase.co/rest/v1/usage_metrics?select=%2A "HTTP/2 200 OK"
2026-05-28 15:41:27,811 - ERROR - azure_cost_sync.py failed: Command '['python', 'azure_cost_sync.py']' returned non-zero exit status 1.
2026-05-28 15:41:27,812 - INFO - Starting gcp_cost_sync.py
2026-05-28 15:41:27,892 - INFO - HTTP Request: GET https://iafrrtmvvqmuksvprrsj.supabase.co/rest/v1/unallocated_cost?select=%2A "HTTP/2 200 OK"
2026-05-28 15:41:27,985 - ERROR - gcp_cost_sync.py failed: Command '['python', 'gcp_cost_sync.py']' returned non-zero exit status 1.
2026-05-28 15:41:27,985 - INFO - Cloud ingestion pipeline completed
2026-05-28 15:41:27,986 - INFO - Job "run_ingestion (trigger: interval[0:01:00], next run at: 2026-05-28 15:42:27 IST)" executed successfully
2026-05-28 15:41:28,066 - INFO - HTTP Request: GET https://iafrrtmvvqmuksvprrsj.supabase.co/rest/v1/optimization_results?select=%2A "HTTP/2 200 OK"
2026-05-28 15:41:28,281 - INFO - HTTP Request: POST https://iafrrtmvvqmuksvprrsj.supabase.co/rest/v1/recommendations?on_conflict=org_id%2Cmessage&columns=%22org_id%22%2C%22impact%22%2C%22estimated_savings%22%2C%22message%22%2C%22status%22%2C%22type%22%2C%22service%22%2C%22description%22 "HTTP/2 400 Bad Request"
2026-05-28 15:41:28,282 - ERROR - Recommendation upsert failed: {'message': 'new row for relation "recommendations" violates check constraint "valid_status"', 'code': '23514', 'hint': None, 'details': 'Failing row contains (0c80e2cd-e60a-418d-b4e6-f6cc2aaf2d95, bff29e99-1a33-4bf7-a2dc-3abe9bd2a03c, Compute, High utilization detected - consider autoscaling, 0, pending, 2026-05-28 10:11:28.806056, null, OPTIMIZATION, High utilization detected - consider autoscaling, HIGH, null, null, null, null, null, null, null, null, null, null).'}
2026-05-28 15:41:28,283 - INFO - Recommendation job completed successfully
2026-05-28 15:41:28,284 - INFO - Job "run_recommendations (trigger: interval[0:01:00], next run at: 2026-05-28 15:42:27 IST)" executed successfully
2026-05-28 15:42:18,714 - INFO - Scheduler has been shut down
2026-05-28 15:43:49,713 - INFO - Adding job tentatively -- it will be properly scheduled when the scheduler starts
2026-05-28 15:43:49,714 - INFO - Adding job tentatively -- it will be properly scheduled when the scheduler starts
2026-05-28 15:43:49,714 - INFO - Added job "run_recommendations" to job store "default"
2026-05-28 15:43:49,714 - INFO - Added job "run_ingestion" to job store "default"
2026-05-28 15:43:49,714 - INFO - Scheduler started
2026-05-28 15:44:49,721 - INFO - Running job "run_recommendations (trigger: interval[0:01:00], next run at: 2026-05-28 15:44:49 IST)" (scheduled at 2026-05-28 15:44:49.713289+05:30)
2026-05-28 15:44:49,722 - INFO - Running scheduled recommendation job
2026-05-28 15:44:49,722 - INFO - Starting recommendation generation for org: bff29e99-1a33-4bf7-a2dc-3abe9bd2a03c
2026-05-28 15:44:49,723 - INFO - Running job "run_ingestion (trigger: interval[0:01:00], next run at: 2026-05-28 15:45:49 IST)" (scheduled at 2026-05-28 15:44:49.713978+05:30)
2026-05-28 15:44:49,724 - INFO - Running cloud ingestion pipeline
2026-05-28 15:44:49,724 - INFO - Starting aws_cost_sync.py
2026-05-28 15:44:50,731 - INFO - HTTP Request: GET https://iafrrtmvvqmuksvprrsj.supabase.co/rest/v1/usage_metrics?select=%2A "HTTP/2 200 OK"
2026-05-28 15:44:50,912 - INFO - HTTP Request: GET https://iafrrtmvvqmuksvprrsj.supabase.co/rest/v1/unallocated_cost?select=%2A "HTTP/2 200 OK"
2026-05-28 15:44:51,145 - INFO - HTTP Request: GET https://iafrrtmvvqmuksvprrsj.supabase.co/rest/v1/optimization_results?select=%2A "HTTP/2 200 OK"
2026-05-28 15:44:52,063 - INFO - HTTP Request: POST https://iafrrtmvvqmuksvprrsj.supabase.co/rest/v1/recommendations?on_conflict=org_id%2Cmessage&columns=%22description%22%2C%22service%22%2C%22org_id%22%2C%22type%22%2C%22message%22%2C%22impact%22%2C%22status%22%2C%22estimated_savings%22 "HTTP/2 400 Bad Request"
2026-05-28 15:44:52,065 - ERROR - Recommendation upsert failed: {'message': 'new row for relation "recommendations" violates check constraint "valid_status"', 'code': '23514', 'hint': None, 'details': 'Failing row contains (5fe71d07-ec1c-42d5-b852-b481ffe3e903, bff29e99-1a33-4bf7-a2dc-3abe9bd2a03c, Compute, High utilization detected - consider autoscaling, 0, pending, 2026-05-28 10:14:52.485278, null, OPTIMIZATION, High utilization detected - consider autoscaling, HIGH, null, null, null, null, null, null, null, null, null, null).'}
2026-05-28 15:44:52,066 - INFO - Recommendation job completed successfully
2026-05-28 15:44:52,066 - INFO - Job "run_recommendations (trigger: interval[0:01:00], next run at: 2026-05-28 15:45:49 IST)" executed successfully
2026-05-28 15:44:54,279 - ERROR - aws_cost_sync.py failed: Command '['python', 'aws_cost_sync.py']' returned non-zero exit status 1.
2026-05-28 15:44:54,280 - INFO - Starting azure_cost_sync.py
2026-05-28 15:45:05,808 - ERROR - azure_cost_sync.py failed: Command '['python', 'azure_cost_sync.py']' returned non-zero exit status 1.
2026-05-28 15:45:05,809 - INFO - Starting gcp_cost_sync.py
2026-05-28 15:45:11,140 - ERROR - gcp_cost_sync.py failed: Command '['python', 'gcp_cost_sync.py']' returned non-zero exit status 1.
2026-05-28 15:45:11,140 - INFO - Cloud ingestion pipeline completed
2026-05-28 15:45:11,140 - INFO - Job "run_ingestion (trigger: interval[0:01:00], next run at: 2026-05-28 15:45:49 IST)" executed successfully
2026-05-28 15:45:49,729 - INFO - Running job "run_recommendations (trigger: interval[0:01:00], next run at: 2026-05-28 15:46:49 IST)" (scheduled at 2026-05-28 15:45:49.713289+05:30)
2026-05-28 15:45:49,730 - INFO - Running scheduled recommendation job
2026-05-28 15:45:49,730 - INFO - Starting recommendation generation for org: bff29e99-1a33-4bf7-a2dc-3abe9bd2a03c
2026-05-28 15:45:49,730 - INFO - Running job "run_ingestion (trigger: interval[0:01:00], next run at: 2026-05-28 15:46:49 IST)" (scheduled at 2026-05-28 15:45:49.713978+05:30)
2026-05-28 15:45:49,732 - INFO - Running cloud ingestion pipeline
2026-05-28 15:45:49,732 - INFO - Starting aws_cost_sync.py
2026-05-28 15:45:50,018 - INFO - HTTP Request: GET https://iafrrtmvvqmuksvprrsj.supabase.co/rest/v1/usage_metrics?select=%2A "HTTP/2 200 OK"
2026-05-28 15:45:50,223 - INFO - HTTP Request: GET https://iafrrtmvvqmuksvprrsj.supabase.co/rest/v1/unallocated_cost?select=%2A "HTTP/2 200 OK"
2026-05-28 15:45:50,434 - INFO - HTTP Request: GET https://iafrrtmvvqmuksvprrsj.supabase.co/rest/v1/optimization_results?select=%2A "HTTP/2 200 OK"
2026-05-28 15:45:50,668 - INFO - HTTP Request: POST https://iafrrtmvvqmuksvprrsj.supabase.co/rest/v1/recommendations?on_conflict=org_id%2Cmessage&columns=%22description%22%2C%22service%22%2C%22org_id%22%2C%22type%22%2C%22message%22%2C%22impact%22%2C%22status%22%2C%22estimated_savings%22 "HTTP/2 400 Bad Request"
2026-05-28 15:45:50,669 - ERROR - Recommendation upsert failed: {'message': 'new row for relation "recommendations" violates check constraint "valid_status"', 'code': '23514', 'hint': None, 'details': 'Failing row contains (7f17e6bb-1529-48e2-9ec3-b50c3988e56f, bff29e99-1a33-4bf7-a2dc-3abe9bd2a03c, Compute, High utilization detected - consider autoscaling, 0, pending, 2026-05-28 10:15:51.194827, null, OPTIMIZATION, High utilization detected - consider autoscaling, HIGH, null, null, null, null, null, null, null, null, null, null).'}
2026-05-28 15:45:50,669 - INFO - Recommendation job completed successfully
2026-05-28 15:45:50,670 - INFO - Job "run_recommendations (trigger: interval[0:01:00], next run at: 2026-05-28 15:46:49 IST)" executed successfully
2026-05-28 15:45:53,072 - ERROR - aws_cost_sync.py failed: Command '['python', 'aws_cost_sync.py']' returned non-zero exit status 1.
2026-05-28 15:45:53,073 - INFO - Starting azure_cost_sync.py
2026-05-28 15:46:01,050 - ERROR - azure_cost_sync.py failed: Command '['python', 'azure_cost_sync.py']' returned non-zero exit status 1.
2026-05-28 15:46:01,051 - INFO - Starting gcp_cost_sync.py
2026-05-28 15:46:05,056 - ERROR - gcp_cost_sync.py failed: Command '['python', 'gcp_cost_sync.py']' returned non-zero exit status 1.
2026-05-28 15:46:05,056 - INFO - Cloud ingestion pipeline completed
2026-05-28 15:46:05,056 - INFO - Job "run_ingestion (trigger: interval[0:01:00], next run at: 2026-05-28 15:46:49 IST)" executed successfully
2026-05-28 15:46:49,724 - INFO - Running job "run_recommendations (trigger: interval[0:01:00], next run at: 2026-05-28 15:47:49 IST)" (scheduled at 2026-05-28 15:46:49.713289+05:30)
2026-05-28 15:46:49,725 - INFO - Running scheduled recommendation job
2026-05-28 15:46:49,725 - INFO - Starting recommendation generation for org: bff29e99-1a33-4bf7-a2dc-3abe9bd2a03c
2026-05-28 15:46:49,724 - INFO - Running job "run_ingestion (trigger: interval[0:01:00], next run at: 2026-05-28 15:47:49 IST)" (scheduled at 2026-05-28 15:46:49.713978+05:30)
2026-05-28 15:46:49,728 - INFO - Running cloud ingestion pipeline
2026-05-28 15:46:49,730 - INFO - Starting aws_cost_sync.py
2026-05-28 15:46:50,030 - INFO - HTTP Request: GET https://iafrrtmvvqmuksvprrsj.supabase.co/rest/v1/usage_metrics?select=%2A "HTTP/2 200 OK"
2026-05-28 15:46:50,228 - INFO - HTTP Request: GET https://iafrrtmvvqmuksvprrsj.supabase.co/rest/v1/unallocated_cost?select=%2A "HTTP/2 200 OK"
2026-05-28 15:46:50,439 - INFO - HTTP Request: GET https://iafrrtmvvqmuksvprrsj.supabase.co/rest/v1/optimization_results?select=%2A "HTTP/2 200 OK"
2026-05-28 15:46:50,664 - INFO - HTTP Request: POST https://iafrrtmvvqmuksvprrsj.supabase.co/rest/v1/recommendations?on_conflict=org_id%2Cmessage&columns=%22description%22%2C%22service%22%2C%22org_id%22%2C%22type%22%2C%22message%22%2C%22impact%22%2C%22status%22%2C%22estimated_savings%22 "HTTP/2 400 Bad Request"
2026-05-28 15:46:50,665 - ERROR - Recommendation upsert failed: {'message': 'new row for relation "recommendations" violates check constraint "valid_status"', 'code': '23514', 'hint': None, 'details': 'Failing row contains (d47420be-ddb2-49bd-b7ac-851ab361df24, bff29e99-1a33-4bf7-a2dc-3abe9bd2a03c, Compute, High utilization detected - consider autoscaling, 0, pending, 2026-05-28 10:16:51.194443, null, OPTIMIZATION, High utilization detected - consider autoscaling, HIGH, null, null, null, null, null, null, null, null, null, null).'}
2026-05-28 15:46:50,666 - INFO - Recommendation job completed successfully
2026-05-28 15:46:50,666 - INFO - Job "run_recommendations (trigger: interval[0:01:00], next run at: 2026-05-28 15:47:49 IST)" executed successfully
2026-05-28 15:46:53,264 - ERROR - aws_cost_sync.py failed: Command '['python', 'aws_cost_sync.py']' returned non-zero exit status 1.
2026-05-28 15:46:53,265 - INFO - Starting azure_cost_sync.py
2026-05-28 15:47:01,012 - ERROR - azure_cost_sync.py failed: Command '['python', 'azure_cost_sync.py']' returned non-zero exit status 1.
2026-05-28 15:47:01,013 - INFO - Starting gcp_cost_sync.py
2026-05-28 15:47:05,094 - ERROR - gcp_cost_sync.py failed: Command '['python', 'gcp_cost_sync.py']' returned non-zero exit status 1.
2026-05-28 15:47:05,095 - INFO - Cloud ingestion pipeline completed
2026-05-28 15:47:05,095 - INFO - Job "run_ingestion (trigger: interval[0:01:00], next run at: 2026-05-28 15:47:49 IST)" executed successfully
2026-05-28 15:47:49,725 - INFO - Running job "run_ingestion (trigger: interval[0:01:00], next run at: 2026-05-28 15:48:49 IST)" (scheduled at 2026-05-28 15:47:49.713978+05:30)
2026-05-28 15:47:49,726 - INFO - Running cloud ingestion pipeline
2026-05-28 15:47:49,726 - INFO - Starting aws_cost_sync.py
2026-05-28 15:47:49,726 - INFO - Running job "run_recommendations (trigger: interval[0:01:00], next run at: 2026-05-28 15:48:49 IST)" (scheduled at 2026-05-28 15:47:49.713289+05:30)
2026-05-28 15:47:49,727 - INFO - Running scheduled recommendation job
2026-05-28 15:47:49,727 - INFO - Starting recommendation generation for org: bff29e99-1a33-4bf7-a2dc-3abe9bd2a03c
2026-05-28 15:47:49,957 - INFO - HTTP Request: GET https://iafrrtmvvqmuksvprrsj.supabase.co/rest/v1/usage_metrics?select=%2A "HTTP/2 200 OK"
2026-05-28 15:47:50,144 - INFO - HTTP Request: GET https://iafrrtmvvqmuksvprrsj.supabase.co/rest/v1/unallocated_cost?select=%2A "HTTP/2 200 OK"
2026-05-28 15:47:50,318 - INFO - HTTP Request: GET https://iafrrtmvvqmuksvprrsj.supabase.co/rest/v1/optimization_results?select=%2A "HTTP/2 200 OK"
2026-05-28 15:47:50,536 - INFO - HTTP Request: POST https://iafrrtmvvqmuksvprrsj.supabase.co/rest/v1/recommendations?on_conflict=org_id%2Cmessage&columns=%22description%22%2C%22service%22%2C%22org_id%22%2C%22type%22%2C%22message%22%2C%22impact%22%2C%22status%22%2C%22estimated_savings%22 "HTTP/2 400 Bad Request"
2026-05-28 15:47:50,537 - ERROR - Recommendation upsert failed: {'message': 'new row for relation "recommendations" violates check constraint "valid_status"', 'code': '23514', 'hint': None, 'details': 'Failing row contains (bde98db0-2fef-4703-8e21-ee8f9ccb82c8, bff29e99-1a33-4bf7-a2dc-3abe9bd2a03c, Compute, High utilization detected - consider autoscaling, 0, pending, 2026-05-28 10:17:51.065784, null, OPTIMIZATION, High utilization detected - consider autoscaling, HIGH, null, null, null, null, null, null, null, null, null, null).'}
2026-05-28 15:47:50,537 - INFO - Recommendation job completed successfully
2026-05-28 15:47:50,537 - INFO - Job "run_recommendations (trigger: interval[0:01:00], next run at: 2026-05-28 15:48:49 IST)" executed successfully
2026-05-28 15:47:53,358 - ERROR - aws_cost_sync.py failed: Command '['python', 'aws_cost_sync.py']' returned non-zero exit status 1.
2026-05-28 15:47:53,359 - INFO - Starting azure_cost_sync.py
2026-05-28 15:48:01,784 - ERROR - azure_cost_sync.py failed: Command '['python', 'azure_cost_sync.py']' returned non-zero exit status 1.
2026-05-28 15:48:01,784 - INFO - Starting gcp_cost_sync.py
2026-05-28 15:48:11,704 - ERROR - gcp_cost_sync.py failed: Command '['python', 'gcp_cost_sync.py']' returned non-zero exit status 1.
2026-05-28 15:48:11,704 - INFO - Cloud ingestion pipeline completed
2026-05-28 15:48:11,704 - INFO - Job "run_ingestion (trigger: interval[0:01:00], next run at: 2026-05-28 15:48:49 IST)" executed successfully
2026-05-28 15:48:52,663 - WARNING - Run time of job "run_recommendations (trigger: interval[0:01:00], next run at: 2026-05-28 15:49:49 IST)" was missed by 0:00:02.950444
2026-05-28 15:48:52,664 - WARNING - Run time of job "run_ingestion (trigger: interval[0:01:00], next run at: 2026-05-28 15:49:49 IST)" was missed by 0:00:02.950378
2026-05-28 15:49:49,716 - INFO - Running job "run_recommendations (trigger: interval[0:01:00], next run at: 2026-05-28 15:50:49 IST)" (scheduled at 2026-05-28 15:49:49.713289+05:30)
2026-05-28 15:49:49,716 - INFO - Running scheduled recommendation job
2026-05-28 15:49:49,717 - INFO - Starting recommendation generation for org: bff29e99-1a33-4bf7-a2dc-3abe9bd2a03c
2026-05-28 15:49:49,718 - INFO - Running job "run_ingestion (trigger: interval[0:01:00], next run at: 2026-05-28 15:50:49 IST)" (scheduled at 2026-05-28 15:49:49.713978+05:30)
2026-05-28 15:49:49,719 - INFO - Running cloud ingestion pipeline
2026-05-28 15:49:49,719 - INFO - Starting aws_cost_sync.py
2026-05-28 15:49:50,123 - INFO - HTTP Request: GET https://iafrrtmvvqmuksvprrsj.supabase.co/rest/v1/usage_metrics?select=%2A "HTTP/2 200 OK"
2026-05-28 15:49:50,303 - INFO - HTTP Request: GET https://iafrrtmvvqmuksvprrsj.supabase.co/rest/v1/unallocated_cost?select=%2A "HTTP/2 200 OK"
2026-05-28 15:49:50,491 - INFO - HTTP Request: GET https://iafrrtmvvqmuksvprrsj.supabase.co/rest/v1/optimization_results?select=%2A "HTTP/2 200 OK"
2026-05-28 15:49:50,714 - INFO - HTTP Request: POST https://iafrrtmvvqmuksvprrsj.supabase.co/rest/v1/recommendations?on_conflict=org_id%2Cmessage&columns=%22description%22%2C%22service%22%2C%22org_id%22%2C%22type%22%2C%22message%22%2C%22impact%22%2C%22status%22%2C%22estimated_savings%22 "HTTP/2 400 Bad Request"
2026-05-28 15:49:50,716 - ERROR - Recommendation upsert failed: {'message': 'new row for relation "recommendations" violates check constraint "valid_status"', 'code': '23514', 'hint': None, 'details': 'Failing row contains (d3edb563-8bb2-4a81-b1d8-fc14f6389274, bff29e99-1a33-4bf7-a2dc-3abe9bd2a03c, Compute, High utilization detected - consider autoscaling, 0, pending, 2026-05-28 10:19:51.241192, null, OPTIMIZATION, High utilization detected - consider autoscaling, HIGH, null, null, null, null, null, null, null, null, null, null).'}
2026-05-28 15:49:50,717 - INFO - Recommendation job completed successfully
2026-05-28 15:49:50,717 - INFO - Job "run_recommendations (trigger: interval[0:01:00], next run at: 2026-05-28 15:50:49 IST)" executed successfully
2026-05-28 15:49:53,498 - ERROR - aws_cost_sync.py failed: Command '['python', 'aws_cost_sync.py']' returned non-zero exit status 1.
2026-05-28 15:49:53,498 - INFO - Starting azure_cost_sync.py
2026-05-28 15:50:02,739 - ERROR - azure_cost_sync.py failed: Command '['python', 'azure_cost_sync.py']' returned non-zero exit status 1.
2026-05-28 15:50:02,740 - INFO - Starting gcp_cost_sync.py
2026-05-28 15:50:07,594 - ERROR - gcp_cost_sync.py failed: Command '['python', 'gcp_cost_sync.py']' returned non-zero exit status 1.
2026-05-28 15:50:07,595 - INFO - Cloud ingestion pipeline completed
2026-05-28 15:50:07,596 - INFO - Job "run_ingestion (trigger: interval[0:01:00], next run at: 2026-05-28 15:50:49 IST)" executed successfully
2026-05-28 15:50:49,719 - INFO - Running job "run_recommendations (trigger: interval[0:01:00], next run at: 2026-05-28 15:51:49 IST)" (scheduled at 2026-05-28 15:50:49.713289+05:30)
2026-05-28 15:50:49,719 - INFO - Running scheduled recommendation job
2026-05-28 15:50:49,719 - INFO - Starting recommendation generation for org: bff29e99-1a33-4bf7-a2dc-3abe9bd2a03c
2026-05-28 15:50:49,719 - INFO - Running job "run_ingestion (trigger: interval[0:01:00], next run at: 2026-05-28 15:51:49 IST)" (scheduled at 2026-05-28 15:50:49.713978+05:30)
2026-05-28 15:50:49,721 - INFO - Running cloud ingestion pipeline
2026-05-28 15:50:49,721 - INFO - Starting aws_cost_sync.py
2026-05-28 15:50:50,015 - INFO - HTTP Request: GET https://iafrrtmvvqmuksvprrsj.supabase.co/rest/v1/usage_metrics?select=%2A "HTTP/2 200 OK"
2026-05-28 15:50:50,189 - INFO - HTTP Request: GET https://iafrrtmvvqmuksvprrsj.supabase.co/rest/v1/unallocated_cost?select=%2A "HTTP/2 200 OK"
2026-05-28 15:50:50,375 - INFO - HTTP Request: GET https://iafrrtmvvqmuksvprrsj.supabase.co/rest/v1/optimization_results?select=%2A "HTTP/2 200 OK"
2026-05-28 15:50:50,611 - INFO - HTTP Request: POST https://iafrrtmvvqmuksvprrsj.supabase.co/rest/v1/recommendations?on_conflict=org_id%2Cmessage&columns=%22description%22%2C%22service%22%2C%22org_id%22%2C%22type%22%2C%22message%22%2C%22impact%22%2C%22status%22%2C%22estimated_savings%22 "HTTP/2 400 Bad Request"
2026-05-28 15:50:50,612 - ERROR - Recommendation upsert failed: {'message': 'new row for relation "recommendations" violates check constraint "valid_status"', 'code': '23514', 'hint': None, 'details': 'Failing row contains (c21834ec-81f6-4ce2-9222-ffb5f86248a9, bff29e99-1a33-4bf7-a2dc-3abe9bd2a03c, Compute, High utilization detected - consider autoscaling, 0, pending, 2026-05-28 10:20:51.140185, null, OPTIMIZATION, High utilization detected - consider autoscaling, HIGH, null, null, null, null, null, null, null, null, null, null).'}
2026-05-28 15:50:50,613 - INFO - Recommendation job completed successfully
2026-05-28 15:50:50,613 - INFO - Job "run_recommendations (trigger: interval[0:01:00], next run at: 2026-05-28 15:51:49 IST)" executed successfully
2026-05-28 15:50:53,723 - ERROR - aws_cost_sync.py failed: Command '['python', 'aws_cost_sync.py']' returned non-zero exit status 1.
2026-05-28 15:50:53,724 - INFO - Starting azure_cost_sync.py
2026-05-28 15:51:01,872 - ERROR - azure_cost_sync.py failed: Command '['python', 'azure_cost_sync.py']' returned non-zero exit status 1.
2026-05-28 15:51:01,872 - INFO - Starting gcp_cost_sync.py
2026-05-28 15:51:06,835 - ERROR - gcp_cost_sync.py failed: Command '['python', 'gcp_cost_sync.py']' returned non-zero exit status 1.
2026-05-28 15:51:06,836 - INFO - Cloud ingestion pipeline completed
2026-05-28 15:51:06,836 - INFO - Job "run_ingestion (trigger: interval[0:01:00], next run at: 2026-05-28 15:51:49 IST)" executed successfully
2026-05-28 15:51:49,728 - INFO - Running job "run_recommendations (trigger: interval[0:01:00], next run at: 2026-05-28 15:52:49 IST)" (scheduled at 2026-05-28 15:51:49.713289+05:30)
2026-05-28 15:51:49,729 - INFO - Running scheduled recommendation job
2026-05-28 15:51:49,729 - INFO - Starting recommendation generation for org: bff29e99-1a33-4bf7-a2dc-3abe9bd2a03c
2026-05-28 15:51:49,729 - INFO - Running job "run_ingestion (trigger: interval[0:01:00], next run at: 2026-05-28 15:52:49 IST)" (scheduled at 2026-05-28 15:51:49.713978+05:30)
2026-05-28 15:51:49,731 - INFO - Running cloud ingestion pipeline
2026-05-28 15:51:49,731 - INFO - Starting aws_cost_sync.py
2026-05-28 15:51:49,973 - INFO - HTTP Request: GET https://iafrrtmvvqmuksvprrsj.supabase.co/rest/v1/usage_metrics?select=%2A "HTTP/2 200 OK"
2026-05-28 15:51:50,160 - INFO - HTTP Request: GET https://iafrrtmvvqmuksvprrsj.supabase.co/rest/v1/unallocated_cost?select=%2A "HTTP/2 200 OK"
2026-05-28 15:51:50,346 - INFO - HTTP Request: GET https://iafrrtmvvqmuksvprrsj.supabase.co/rest/v1/optimization_results?select=%2A "HTTP/2 200 OK"
2026-05-28 15:51:50,585 - INFO - HTTP Request: POST https://iafrrtmvvqmuksvprrsj.supabase.co/rest/v1/recommendations?on_conflict=org_id%2Cmessage&columns=%22description%22%2C%22service%22%2C%22org_id%22%2C%22type%22%2C%22message%22%2C%22impact%22%2C%22status%22%2C%22estimated_savings%22 "HTTP/2 400 Bad Request"
2026-05-28 15:51:50,587 - ERROR - Recommendation upsert failed: {'message': 'new row for relation "recommendations" violates check constraint "valid_status"', 'code': '23514', 'hint': None, 'details': 'Failing row contains (f433c905-8e4a-4e73-84ed-b9fba8bc80c1, bff29e99-1a33-4bf7-a2dc-3abe9bd2a03c, Compute, High utilization detected - consider autoscaling, 0, pending, 2026-05-28 10:21:51.117828, null, OPTIMIZATION, High utilization detected - consider autoscaling, HIGH, null, null, null, null, null, null, null, null, null, null).'}
2026-05-28 15:51:50,589 - INFO - Recommendation job completed successfully
2026-05-28 15:51:50,589 - INFO - Job "run_recommendations (trigger: interval[0:01:00], next run at: 2026-05-28 15:52:49 IST)" executed successfully
2026-05-28 15:51:54,786 - ERROR - aws_cost_sync.py failed: Command '['python', 'aws_cost_sync.py']' returned non-zero exit status 1.
2026-05-28 15:51:54,787 - INFO - Starting azure_cost_sync.py
2026-05-28 15:52:04,285 - ERROR - azure_cost_sync.py failed: Command '['python', 'azure_cost_sync.py']' returned non-zero exit status 1.
2026-05-28 15:52:04,286 - INFO - Starting gcp_cost_sync.py
2026-05-28 15:52:10,066 - ERROR - gcp_cost_sync.py failed: Command '['python', 'gcp_cost_sync.py']' returned non-zero exit status 1.
2026-05-28 15:52:10,067 - INFO - Cloud ingestion pipeline completed
2026-05-28 15:52:10,067 - INFO - Job "run_ingestion (trigger: interval[0:01:00], next run at: 2026-05-28 15:52:49 IST)" executed successfully
2026-05-28 15:52:49,730 - INFO - Running job "run_recommendations (trigger: interval[0:01:00], next run at: 2026-05-28 15:53:49 IST)" (scheduled at 2026-05-28 15:52:49.713289+05:30)
2026-05-28 15:52:49,730 - INFO - Running scheduled recommendation job
2026-05-28 15:52:49,730 - INFO - Starting recommendation generation for org: bff29e99-1a33-4bf7-a2dc-3abe9bd2a03c
2026-05-28 15:52:49,730 - INFO - Running job "run_ingestion (trigger: interval[0:01:00], next run at: 2026-05-28 15:53:49 IST)" (scheduled at 2026-05-28 15:52:49.713978+05:30)
2026-05-28 15:52:49,733 - INFO - Running cloud ingestion pipeline
2026-05-28 15:52:49,733 - INFO - Starting aws_cost_sync.py
2026-05-28 15:52:49,975 - INFO - HTTP Request: GET https://iafrrtmvvqmuksvprrsj.supabase.co/rest/v1/usage_metrics?select=%2A "HTTP/2 200 OK"
2026-05-28 15:52:50,151 - INFO - HTTP Request: GET https://iafrrtmvvqmuksvprrsj.supabase.co/rest/v1/unallocated_cost?select=%2A "HTTP/2 200 OK"
2026-05-28 15:52:50,334 - INFO - HTTP Request: GET https://iafrrtmvvqmuksvprrsj.supabase.co/rest/v1/optimization_results?select=%2A "HTTP/2 200 OK"
2026-05-28 15:52:50,560 - INFO - HTTP Request: POST https://iafrrtmvvqmuksvprrsj.supabase.co/rest/v1/recommendations?on_conflict=org_id%2Cmessage&columns=%22description%22%2C%22service%22%2C%22org_id%22%2C%22type%22%2C%22message%22%2C%22impact%22%2C%22status%22%2C%22estimated_savings%22 "HTTP/2 400 Bad Request"
2026-05-28 15:52:50,561 - ERROR - Recommendation upsert failed: {'message': 'new row for relation "recommendations" violates check constraint "valid_status"', 'code': '23514', 'hint': None, 'details': 'Failing row contains (b5a1e02c-0c04-4abc-8c15-21e366f87346, bff29e99-1a33-4bf7-a2dc-3abe9bd2a03c, Compute, High utilization detected - consider autoscaling, 0, pending, 2026-05-28 10:22:51.090903, null, OPTIMIZATION, High utilization detected - consider autoscaling, HIGH, null, null, null, null, null, null, null, null, null, null).'}
2026-05-28 15:52:50,562 - INFO - Recommendation job completed successfully
2026-05-28 15:52:50,563 - INFO - Job "run_recommendations (trigger: interval[0:01:00], next run at: 2026-05-28 15:53:49 IST)" executed successfully
2026-05-28 15:52:54,913 - ERROR - aws_cost_sync.py failed: Command '['python', 'aws_cost_sync.py']' returned non-zero exit status 1.
2026-05-28 15:52:54,914 - INFO - Starting azure_cost_sync.py
2026-05-28 15:53:08,514 - ERROR - azure_cost_sync.py failed: Command '['python', 'azure_cost_sync.py']' returned non-zero exit status 1.
2026-05-28 15:53:08,514 - INFO - Starting gcp_cost_sync.py
2026-05-28 15:53:14,007 - ERROR - gcp_cost_sync.py failed: Command '['python', 'gcp_cost_sync.py']' returned non-zero exit status 1.
2026-05-28 15:53:14,008 - INFO - Cloud ingestion pipeline completed
2026-05-28 15:53:14,009 - INFO - Job "run_ingestion (trigger: interval[0:01:00], next run at: 2026-05-28 15:53:49 IST)" executed successfully
2026-05-28 15:53:52,737 - WARNING - Run time of job "run_recommendations (trigger: interval[0:01:00], next run at: 2026-05-28 15:54:49 IST)" was missed by 0:00:03.024457
2026-05-28 15:53:52,738 - WARNING - Run time of job "run_ingestion (trigger: interval[0:01:00], next run at: 2026-05-28 15:54:49 IST)" was missed by 0:00:03.024218
2026-05-28 15:54:49,716 - INFO - Running job "run_recommendations (trigger: interval[0:01:00], next run at: 2026-05-28 15:55:49 IST)" (scheduled at 2026-05-28 15:54:49.713289+05:30)
2026-05-28 15:54:49,717 - INFO - Running scheduled recommendation job
2026-05-28 15:54:49,717 - INFO - Starting recommendation generation for org: bff29e99-1a33-4bf7-a2dc-3abe9bd2a03c
2026-05-28 15:54:49,716 - INFO - Running job "run_ingestion (trigger: interval[0:01:00], next run at: 2026-05-28 15:55:49 IST)" (scheduled at 2026-05-28 15:54:49.713978+05:30)
2026-05-28 15:54:49,720 - INFO - Running cloud ingestion pipeline
2026-05-28 15:54:49,720 - INFO - Starting aws_cost_sync.py
2026-05-28 15:54:50,144 - INFO - HTTP Request: GET https://iafrrtmvvqmuksvprrsj.supabase.co/rest/v1/usage_metrics?select=%2A "HTTP/2 200 OK"
2026-05-28 15:54:50,322 - INFO - HTTP Request: GET https://iafrrtmvvqmuksvprrsj.supabase.co/rest/v1/unallocated_cost?select=%2A "HTTP/2 200 OK"
2026-05-28 15:54:50,494 - INFO - HTTP Request: GET https://iafrrtmvvqmuksvprrsj.supabase.co/rest/v1/optimization_results?select=%2A "HTTP/2 200 OK"
2026-05-28 15:54:50,715 - INFO - HTTP Request: POST https://iafrrtmvvqmuksvprrsj.supabase.co/rest/v1/recommendations?on_conflict=org_id%2Cmessage&columns=%22description%22%2C%22service%22%2C%22org_id%22%2C%22type%22%2C%22message%22%2C%22impact%22%2C%22status%22%2C%22estimated_savings%22 "HTTP/2 400 Bad Request"
2026-05-28 15:54:50,717 - ERROR - Recommendation upsert failed: {'message': 'new row for relation "recommendations" violates check constraint "valid_status"', 'code': '23514', 'hint': None, 'details': 'Failing row contains (75a4da1c-7ccc-4ffb-92a1-dde9a1ab607a, bff29e99-1a33-4bf7-a2dc-3abe9bd2a03c, Compute, High utilization detected - consider autoscaling, 0, pending, 2026-05-28 10:24:51.250187, null, OPTIMIZATION, High utilization detected - consider autoscaling, HIGH, null, null, null, null, null, null, null, null, null, null).'}
2026-05-28 15:54:50,718 - INFO - Recommendation job completed successfully
2026-05-28 15:54:50,718 - INFO - Job "run_recommendations (trigger: interval[0:01:00], next run at: 2026-05-28 15:55:49 IST)" executed successfully
2026-05-28 15:54:54,451 - ERROR - aws_cost_sync.py failed: Command '['python', 'aws_cost_sync.py']' returned non-zero exit status 1.
2026-05-28 15:54:54,452 - INFO - Starting azure_cost_sync.py
2026-05-28 15:55:02,288 - ERROR - azure_cost_sync.py failed: Command '['python', 'azure_cost_sync.py']' returned non-zero exit status 1.
2026-05-28 15:55:02,289 - INFO - Starting gcp_cost_sync.py
2026-05-28 15:55:06,701 - ERROR - gcp_cost_sync.py failed: Command '['python', 'gcp_cost_sync.py']' returned non-zero exit status 1.
2026-05-28 15:55:06,702 - INFO - Cloud ingestion pipeline completed
2026-05-28 15:55:06,702 - INFO - Job "run_ingestion (trigger: interval[0:01:00], next run at: 2026-05-28 15:55:49 IST)" executed successfully
2026-05-28 15:55:49,721 - INFO - Running job "run_recommendations (trigger: interval[0:01:00], next run at: 2026-05-28 15:56:49 IST)" (scheduled at 2026-05-28 15:55:49.713289+05:30)
2026-05-28 15:55:49,722 - INFO - Running scheduled recommendation job
2026-05-28 15:55:49,722 - INFO - Starting recommendation generation for org: bff29e99-1a33-4bf7-a2dc-3abe9bd2a03c
2026-05-28 15:55:49,722 - INFO - Running job "run_ingestion (trigger: interval[0:01:00], next run at: 2026-05-28 15:56:49 IST)" (scheduled at 2026-05-28 15:55:49.713978+05:30)
2026-05-28 15:55:49,725 - INFO - Running cloud ingestion pipeline
2026-05-28 15:55:49,726 - INFO - Starting aws_cost_sync.py
2026-05-28 15:55:49,992 - INFO - HTTP Request: GET https://iafrrtmvvqmuksvprrsj.supabase.co/rest/v1/usage_metrics?select=%2A "HTTP/2 200 OK"
2026-05-28 15:55:50,170 - INFO - HTTP Request: GET https://iafrrtmvvqmuksvprrsj.supabase.co/rest/v1/unallocated_cost?select=%2A "HTTP/2 200 OK"
2026-05-28 15:55:50,364 - INFO - HTTP Request: GET https://iafrrtmvvqmuksvprrsj.supabase.co/rest/v1/optimization_results?select=%2A "HTTP/2 200 OK"
2026-05-28 15:55:50,689 - INFO - HTTP Request: POST https://iafrrtmvvqmuksvprrsj.supabase.co/rest/v1/recommendations?on_conflict=org_id%2Cmessage&columns=%22description%22%2C%22service%22%2C%22org_id%22%2C%22type%22%2C%22message%22%2C%22impact%22%2C%22status%22%2C%22estimated_savings%22 "HTTP/2 400 Bad Request"
2026-05-28 15:55:50,691 - ERROR - Recommendation upsert failed: {'message': 'new row for relation "recommendations" violates check constraint "valid_status"', 'code': '23514', 'hint': None, 'details': 'Failing row contains (a82284a0-6bc6-48de-b5dd-6a2107f3aa92, bff29e99-1a33-4bf7-a2dc-3abe9bd2a03c, Compute, High utilization detected - consider autoscaling, 0, pending, 2026-05-28 10:25:51.223325, null, OPTIMIZATION, High utilization detected - consider autoscaling, HIGH, null, null, null, null, null, null, null, null, null, null).'}
2026-05-28 15:55:50,691 - INFO - Recommendation job completed successfully
2026-05-28 15:55:50,692 - INFO - Job "run_recommendations (trigger: interval[0:01:00], next run at: 2026-05-28 15:56:49 IST)" executed successfully
2026-05-28 15:55:54,364 - ERROR - aws_cost_sync.py failed: Command '['python', 'aws_cost_sync.py']' returned non-zero exit status 1.
2026-05-28 15:55:54,365 - INFO - Starting azure_cost_sync.py
2026-05-28 15:56:04,127 - ERROR - azure_cost_sync.py failed: Command '['python', 'azure_cost_sync.py']' returned non-zero exit status 1.
2026-05-28 15:56:04,128 - INFO - Starting gcp_cost_sync.py
2026-05-28 15:56:09,315 - ERROR - gcp_cost_sync.py failed: Command '['python', 'gcp_cost_sync.py']' returned non-zero exit status 1.
2026-05-28 15:56:09,316 - INFO - Cloud ingestion pipeline completed
2026-05-28 15:56:09,316 - INFO - Job "run_ingestion (trigger: interval[0:01:00], next run at: 2026-05-28 15:56:49 IST)" executed successfully
2026-05-28 15:56:49,728 - INFO - Running job "run_recommendations (trigger: interval[0:01:00], next run at: 2026-05-28 15:57:49 IST)" (scheduled at 2026-05-28 15:56:49.713289+05:30)
2026-05-28 15:56:49,729 - INFO - Running scheduled recommendation job
2026-05-28 15:56:49,729 - INFO - Starting recommendation generation for org: bff29e99-1a33-4bf7-a2dc-3abe9bd2a03c
2026-05-28 15:56:49,729 - INFO - Running job "run_ingestion (trigger: interval[0:01:00], next run at: 2026-05-28 15:57:49 IST)" (scheduled at 2026-05-28 15:56:49.713978+05:30)
2026-05-28 15:56:49,732 - INFO - Running cloud ingestion pipeline
2026-05-28 15:56:49,732 - INFO - Starting aws_cost_sync.py
2026-05-28 15:56:49,956 - INFO - HTTP Request: GET https://iafrrtmvvqmuksvprrsj.supabase.co/rest/v1/usage_metrics?select=%2A "HTTP/2 200 OK"
2026-05-28 15:56:50,140 - INFO - HTTP Request: GET https://iafrrtmvvqmuksvprrsj.supabase.co/rest/v1/unallocated_cost?select=%2A "HTTP/2 200 OK"
2026-05-28 15:56:50,313 - INFO - HTTP Request: GET https://iafrrtmvvqmuksvprrsj.supabase.co/rest/v1/optimization_results?select=%2A "HTTP/2 200 OK"
2026-05-28 15:56:50,528 - INFO - HTTP Request: POST https://iafrrtmvvqmuksvprrsj.supabase.co/rest/v1/recommendations?on_conflict=org_id%2Cmessage&columns=%22description%22%2C%22service%22%2C%22org_id%22%2C%22type%22%2C%22message%22%2C%22impact%22%2C%22status%22%2C%22estimated_savings%22 "HTTP/2 400 Bad Request"
2026-05-28 15:56:50,530 - ERROR - Recommendation upsert failed: {'message': 'new row for relation "recommendations" violates check constraint "valid_status"', 'code': '23514', 'hint': None, 'details': 'Failing row contains (b86ffc21-55ca-46b4-924b-44f1c06e75e4, bff29e99-1a33-4bf7-a2dc-3abe9bd2a03c, Compute, High utilization detected - consider autoscaling, 0, pending, 2026-05-28 10:26:51.065429, null, OPTIMIZATION, High utilization detected - consider autoscaling, HIGH, null, null, null, null, null, null, null, null, null, null).'}
2026-05-28 15:56:50,530 - INFO - Recommendation job completed successfully
2026-05-28 15:56:50,531 - INFO - Job "run_recommendations (trigger: interval[0:01:00], next run at: 2026-05-28 15:57:49 IST)" executed successfully
2026-05-28 15:56:54,419 - ERROR - aws_cost_sync.py failed: Command '['python', 'aws_cost_sync.py']' returned non-zero exit status 1.
2026-05-28 15:56:54,420 - INFO - Starting azure_cost_sync.py
2026-05-28 15:57:03,642 - ERROR - azure_cost_sync.py failed: Command '['python', 'azure_cost_sync.py']' returned non-zero exit status 1.
2026-05-28 15:57:03,643 - INFO - Starting gcp_cost_sync.py
2026-05-28 15:57:09,201 - ERROR - gcp_cost_sync.py failed: Command '['python', 'gcp_cost_sync.py']' returned non-zero exit status 1.
2026-05-28 15:57:09,201 - INFO - Cloud ingestion pipeline completed
2026-05-28 15:57:09,202 - INFO - Job "run_ingestion (trigger: interval[0:01:00], next run at: 2026-05-28 15:57:49 IST)" executed successfully
2026-05-28 15:57:49,729 - INFO - Running job "run_recommendations (trigger: interval[0:01:00], next run at: 2026-05-28 15:58:49 IST)" (scheduled at 2026-05-28 15:57:49.713289+05:30)
2026-05-28 15:57:49,729 - INFO - Running scheduled recommendation job
2026-05-28 15:57:49,729 - INFO - Starting recommendation generation for org: bff29e99-1a33-4bf7-a2dc-3abe9bd2a03c
2026-05-28 15:57:49,729 - INFO - Running job "run_ingestion (trigger: interval[0:01:00], next run at: 2026-05-28 15:58:49 IST)" (scheduled at 2026-05-28 15:57:49.713978+05:30)
2026-05-28 15:57:49,733 - INFO - Running cloud ingestion pipeline
2026-05-28 15:57:49,733 - INFO - Starting aws_cost_sync.py
2026-05-28 15:57:50,002 - INFO - HTTP Request: GET https://iafrrtmvvqmuksvprrsj.supabase.co/rest/v1/usage_metrics?select=%2A "HTTP/2 200 OK"
2026-05-28 15:57:50,173 - INFO - HTTP Request: GET https://iafrrtmvvqmuksvprrsj.supabase.co/rest/v1/unallocated_cost?select=%2A "HTTP/2 200 OK"
2026-05-28 15:57:50,348 - INFO - HTTP Request: GET https://iafrrtmvvqmuksvprrsj.supabase.co/rest/v1/optimization_results?select=%2A "HTTP/2 200 OK"
2026-05-28 15:57:50,560 - INFO - HTTP Request: POST https://iafrrtmvvqmuksvprrsj.supabase.co/rest/v1/recommendations?on_conflict=org_id%2Cmessage&columns=%22description%22%2C%22service%22%2C%22org_id%22%2C%22type%22%2C%22message%22%2C%22impact%22%2C%22status%22%2C%22estimated_savings%22 "HTTP/2 400 Bad Request"
2026-05-28 15:57:50,561 - ERROR - Recommendation upsert failed: {'message': 'new row for relation "recommendations" violates check constraint "valid_status"', 'code': '23514', 'hint': None, 'details': 'Failing row contains (b296410b-54f8-434e-be5f-b2e59fb777ee, bff29e99-1a33-4bf7-a2dc-3abe9bd2a03c, Compute, High utilization detected - consider autoscaling, 0, pending, 2026-05-28 10:27:51.098457, null, OPTIMIZATION, High utilization detected - consider autoscaling, HIGH, null, null, null, null, null, null, null, null, null, null).'}
2026-05-28 15:57:50,561 - INFO - Recommendation job completed successfully
2026-05-28 15:57:50,561 - INFO - Job "run_recommendations (trigger: interval[0:01:00], next run at: 2026-05-28 15:58:49 IST)" executed successfully
2026-05-28 15:57:53,267 - ERROR - aws_cost_sync.py failed: Command '['python', 'aws_cost_sync.py']' returned non-zero exit status 1.
2026-05-28 15:57:53,268 - INFO - Starting azure_cost_sync.py
2026-05-28 15:58:00,834 - ERROR - azure_cost_sync.py failed: Command '['python', 'azure_cost_sync.py']' returned non-zero exit status 1.
2026-05-28 15:58:00,835 - INFO - Starting gcp_cost_sync.py
2026-05-28 15:58:04,734 - ERROR - gcp_cost_sync.py failed: Command '['python', 'gcp_cost_sync.py']' returned non-zero exit status 1.
2026-05-28 15:58:04,735 - INFO - Cloud ingestion pipeline completed
2026-05-28 15:58:04,735 - INFO - Job "run_ingestion (trigger: interval[0:01:00], next run at: 2026-05-28 15:58:49 IST)" executed successfully
2026-05-28 15:58:49,723 - INFO - Running job "run_recommendations (trigger: interval[0:01:00], next run at: 2026-05-28 15:59:49 IST)" (scheduled at 2026-05-28 15:58:49.713289+05:30)
2026-05-28 15:58:49,723 - INFO - Running scheduled recommendation job
2026-05-28 15:58:49,724 - INFO - Starting recommendation generation for org: bff29e99-1a33-4bf7-a2dc-3abe9bd2a03c
2026-05-28 15:58:49,724 - INFO - Running job "run_ingestion (trigger: interval[0:01:00], next run at: 2026-05-28 15:59:49 IST)" (scheduled at 2026-05-28 15:58:49.713978+05:30)
2026-05-28 15:58:49,728 - INFO - Running cloud ingestion pipeline
2026-05-28 15:58:49,728 - INFO - Starting aws_cost_sync.py
2026-05-28 15:58:49,956 - INFO - HTTP Request: GET https://iafrrtmvvqmuksvprrsj.supabase.co/rest/v1/usage_metrics?select=%2A "HTTP/2 200 OK"
2026-05-28 15:58:50,134 - INFO - HTTP Request: GET https://iafrrtmvvqmuksvprrsj.supabase.co/rest/v1/unallocated_cost?select=%2A "HTTP/2 200 OK"
2026-05-28 15:58:50,309 - INFO - HTTP Request: GET https://iafrrtmvvqmuksvprrsj.supabase.co/rest/v1/optimization_results?select=%2A "HTTP/2 200 OK"
2026-05-28 15:58:50,545 - INFO - HTTP Request: POST https://iafrrtmvvqmuksvprrsj.supabase.co/rest/v1/recommendations?on_conflict=org_id%2Cmessage&columns=%22description%22%2C%22service%22%2C%22org_id%22%2C%22type%22%2C%22message%22%2C%22impact%22%2C%22status%22%2C%22estimated_savings%22 "HTTP/2 400 Bad Request"
2026-05-28 15:58:50,547 - ERROR - Recommendation upsert failed: {'message': 'new row for relation "recommendations" violates check constraint "valid_status"', 'code': '23514', 'hint': None, 'details': 'Failing row contains (e1fe001b-05f7-4ab2-8081-9fb26e27faba, bff29e99-1a33-4bf7-a2dc-3abe9bd2a03c, Compute, High utilization detected - consider autoscaling, 0, pending, 2026-05-28 10:28:51.084294, null, OPTIMIZATION, High utilization detected - consider autoscaling, HIGH, null, null, null, null, null, null, null, null, null, null).'}
2026-05-28 15:58:50,547 - INFO - Recommendation job completed successfully
2026-05-28 15:58:50,548 - INFO - Job "run_recommendations (trigger: interval[0:01:00], next run at: 2026-05-28 15:59:49 IST)" executed successfully
2026-05-28 15:58:53,508 - ERROR - aws_cost_sync.py failed: Command '['python', 'aws_cost_sync.py']' returned non-zero exit status 1.
2026-05-28 15:58:53,509 - INFO - Starting azure_cost_sync.py
2026-05-28 15:59:01,704 - ERROR - azure_cost_sync.py failed: Command '['python', 'azure_cost_sync.py']' returned non-zero exit status 1.
2026-05-28 15:59:01,705 - INFO - Starting gcp_cost_sync.py
2026-05-28 15:59:06,789 - ERROR - gcp_cost_sync.py failed: Command '['python', 'gcp_cost_sync.py']' returned non-zero exit status 1.
2026-05-28 15:59:06,790 - INFO - Cloud ingestion pipeline completed
2026-05-28 15:59:06,791 - INFO - Job "run_ingestion (trigger: interval[0:01:00], next run at: 2026-05-28 15:59:49 IST)" executed successfully
2026-05-28 15:59:49,719 - INFO - Running job "run_recommendations (trigger: interval[0:01:00], next run at: 2026-05-28 16:00:49 IST)" (scheduled at 2026-05-28 15:59:49.713289+05:30)
2026-05-28 15:59:49,720 - INFO - Running scheduled recommendation job
2026-05-28 15:59:49,720 - INFO - Starting recommendation generation for org: bff29e99-1a33-4bf7-a2dc-3abe9bd2a03c
2026-05-28 15:59:49,720 - INFO - Running job "run_ingestion (trigger: interval[0:01:00], next run at: 2026-05-28 16:00:49 IST)" (scheduled at 2026-05-28 15:59:49.713978+05:30)
2026-05-28 15:59:49,724 - INFO - Running cloud ingestion pipeline
2026-05-28 15:59:49,724 - INFO - Starting aws_cost_sync.py
2026-05-28 15:59:49,965 - INFO - HTTP Request: GET https://iafrrtmvvqmuksvprrsj.supabase.co/rest/v1/usage_metrics?select=%2A "HTTP/2 200 OK"
2026-05-28 15:59:50,142 - INFO - HTTP Request: GET https://iafrrtmvvqmuksvprrsj.supabase.co/rest/v1/unallocated_cost?select=%2A "HTTP/2 200 OK"
2026-05-28 15:59:50,313 - INFO - HTTP Request: GET https://iafrrtmvvqmuksvprrsj.supabase.co/rest/v1/optimization_results?select=%2A "HTTP/2 200 OK"
2026-05-28 15:59:50,526 - INFO - HTTP Request: POST https://iafrrtmvvqmuksvprrsj.supabase.co/rest/v1/recommendations?on_conflict=org_id%2Cmessage&columns=%22description%22%2C%22service%22%2C%22org_id%22%2C%22type%22%2C%22message%22%2C%22impact%22%2C%22status%22%2C%22estimated_savings%22 "HTTP/2 400 Bad Request"
2026-05-28 15:59:50,527 - ERROR - Recommendation upsert failed: {'message': 'new row for relation "recommendations" violates check constraint "valid_status"', 'code': '23514', 'hint': None, 'details': 'Failing row contains (1167580e-1ff1-4c6b-9beb-502a2db7e589, bff29e99-1a33-4bf7-a2dc-3abe9bd2a03c, Compute, High utilization detected - consider autoscaling, 0, pending, 2026-05-28 10:29:51.063848, null, OPTIMIZATION, High utilization detected - consider autoscaling, HIGH, null, null, null, null, null, null, null, null, null, null).'}
2026-05-28 15:59:50,528 - INFO - Recommendation job completed successfully
2026-05-28 15:59:50,528 - INFO - Job "run_recommendations (trigger: interval[0:01:00], next run at: 2026-05-28 16:00:49 IST)" executed successfully
2026-05-28 15:59:54,983 - ERROR - aws_cost_sync.py failed: Command '['python', 'aws_cost_sync.py']' returned non-zero exit status 1.
2026-05-28 15:59:54,984 - INFO - Starting azure_cost_sync.py
2026-05-28 16:00:05,211 - ERROR - azure_cost_sync.py failed: Command '['python', 'azure_cost_sync.py']' returned non-zero exit status 1.
2026-05-28 16:00:05,212 - INFO - Starting gcp_cost_sync.py
2026-05-28 16:00:11,484 - ERROR - gcp_cost_sync.py failed: Command '['python', 'gcp_cost_sync.py']' returned non-zero exit status 1.
2026-05-28 16:00:11,485 - INFO - Cloud ingestion pipeline completed
2026-05-28 16:00:11,485 - INFO - Job "run_ingestion (trigger: interval[0:01:00], next run at: 2026-05-28 16:00:49 IST)" executed successfully
2026-05-28 16:00:49,723 - INFO - Running job "run_recommendations (trigger: interval[0:01:00], next run at: 2026-05-28 16:01:49 IST)" (scheduled at 2026-05-28 16:00:49.713289+05:30)
2026-05-28 16:00:49,724 - INFO - Running scheduled recommendation job
2026-05-28 16:00:49,724 - INFO - Starting recommendation generation for org: bff29e99-1a33-4bf7-a2dc-3abe9bd2a03c
2026-05-28 16:00:49,723 - INFO - Running job "run_ingestion (trigger: interval[0:01:00], next run at: 2026-05-28 16:01:49 IST)" (scheduled at 2026-05-28 16:00:49.713978+05:30)
2026-05-28 16:00:49,726 - INFO - Running cloud ingestion pipeline
2026-05-28 16:00:49,726 - INFO - Starting aws_cost_sync.py
2026-05-28 16:00:49,988 - INFO - HTTP Request: GET https://iafrrtmvvqmuksvprrsj.supabase.co/rest/v1/usage_metrics?select=%2A "HTTP/2 200 OK"
2026-05-28 16:00:50,173 - INFO - HTTP Request: GET https://iafrrtmvvqmuksvprrsj.supabase.co/rest/v1/unallocated_cost?select=%2A "HTTP/2 200 OK"
2026-05-28 16:00:50,346 - INFO - HTTP Request: GET https://iafrrtmvvqmuksvprrsj.supabase.co/rest/v1/optimization_results?select=%2A "HTTP/2 200 OK"
2026-05-28 16:00:50,564 - INFO - HTTP Request: POST https://iafrrtmvvqmuksvprrsj.supabase.co/rest/v1/recommendations?on_conflict=org_id%2Cmessage&columns=%22description%22%2C%22service%22%2C%22org_id%22%2C%22type%22%2C%22message%22%2C%22impact%22%2C%22status%22%2C%22estimated_savings%22 "HTTP/2 400 Bad Request"
2026-05-28 16:00:50,566 - ERROR - Recommendation upsert failed: {'message': 'new row for relation "recommendations" violates check constraint "valid_status"', 'code': '23514', 'hint': None, 'details': 'Failing row contains (890d43c0-e9e2-4959-aa42-3c792b509d9e, bff29e99-1a33-4bf7-a2dc-3abe9bd2a03c, Compute, High utilization detected - consider autoscaling, 0, pending, 2026-05-28 10:30:51.100936, null, OPTIMIZATION, High utilization detected - consider autoscaling, HIGH, null, null, null, null, null, null, null, null, null, null).'}
2026-05-28 16:00:50,566 - INFO - Recommendation job completed successfully
2026-05-28 16:00:50,567 - INFO - Job "run_recommendations (trigger: interval[0:01:00], next run at: 2026-05-28 16:01:49 IST)" executed successfully
2026-05-28 16:00:53,774 - ERROR - aws_cost_sync.py failed: Command '['python', 'aws_cost_sync.py']' returned non-zero exit status 1.
2026-05-28 16:00:53,775 - INFO - Starting azure_cost_sync.py
2026-05-28 16:01:01,724 - ERROR - azure_cost_sync.py failed: Command '['python', 'azure_cost_sync.py']' returned non-zero exit status 1.
2026-05-28 16:01:01,724 - INFO - Starting gcp_cost_sync.py
2026-05-28 16:01:07,662 - ERROR - gcp_cost_sync.py failed: Command '['python', 'gcp_cost_sync.py']' returned non-zero exit status 1.
2026-05-28 16:01:07,663 - INFO - Cloud ingestion pipeline completed
2026-05-28 16:01:07,664 - INFO - Job "run_ingestion (trigger: interval[0:01:00], next run at: 2026-05-28 16:01:49 IST)" executed successfully
2026-05-28 16:01:49,729 - INFO - Running job "run_recommendations (trigger: interval[0:01:00], next run at: 2026-05-28 16:02:49 IST)" (scheduled at 2026-05-28 16:01:49.713289+05:30)
2026-05-28 16:01:49,730 - INFO - Running scheduled recommendation job
2026-05-28 16:01:49,730 - INFO - Starting recommendation generation for org: bff29e99-1a33-4bf7-a2dc-3abe9bd2a03c
2026-05-28 16:01:49,729 - INFO - Running job "run_ingestion (trigger: interval[0:01:00], next run at: 2026-05-28 16:02:49 IST)" (scheduled at 2026-05-28 16:01:49.713978+05:30)
2026-05-28 16:01:49,732 - INFO - Running cloud ingestion pipeline
2026-05-28 16:01:49,732 - INFO - Starting aws_cost_sync.py
2026-05-28 16:01:49,971 - INFO - HTTP Request: GET https://iafrrtmvvqmuksvprrsj.supabase.co/rest/v1/usage_metrics?select=%2A "HTTP/2 200 OK"
2026-05-28 16:01:50,147 - INFO - HTTP Request: GET https://iafrrtmvvqmuksvprrsj.supabase.co/rest/v1/unallocated_cost?select=%2A "HTTP/2 200 OK"
2026-05-28 16:01:50,324 - INFO - HTTP Request: GET https://iafrrtmvvqmuksvprrsj.supabase.co/rest/v1/optimization_results?select=%2A "HTTP/2 200 OK"
2026-05-28 16:01:50,540 - INFO - HTTP Request: POST https://iafrrtmvvqmuksvprrsj.supabase.co/rest/v1/recommendations?on_conflict=org_id%2Cmessage&columns=%22description%22%2C%22service%22%2C%22org_id%22%2C%22type%22%2C%22message%22%2C%22impact%22%2C%22status%22%2C%22estimated_savings%22 "HTTP/2 400 Bad Request"
2026-05-28 16:01:50,542 - ERROR - Recommendation upsert failed: {'message': 'new row for relation "recommendations" violates check constraint "valid_status"', 'code': '23514', 'hint': None, 'details': 'Failing row contains (f299ceb0-6c52-4287-bd1d-3626c4fecae6, bff29e99-1a33-4bf7-a2dc-3abe9bd2a03c, Compute, High utilization detected - consider autoscaling, 0, pending, 2026-05-28 10:31:51.08059, null, OPTIMIZATION, High utilization detected - consider autoscaling, HIGH, null, null, null, null, null, null, null, null, null, null).'}
2026-05-28 16:01:50,543 - INFO - Recommendation job completed successfully
2026-05-28 16:01:50,544 - INFO - Job "run_recommendations (trigger: interval[0:01:00], next run at: 2026-05-28 16:02:49 IST)" executed successfully
2026-05-28 16:01:53,827 - ERROR - aws_cost_sync.py failed: Command '['python', 'aws_cost_sync.py']' returned non-zero exit status 1.
2026-05-28 16:01:53,827 - INFO - Starting azure_cost_sync.py
2026-05-28 16:02:03,290 - ERROR - azure_cost_sync.py failed: Command '['python', 'azure_cost_sync.py']' returned non-zero exit status 1.
2026-05-28 16:02:03,291 - INFO - Starting gcp_cost_sync.py
2026-05-28 16:02:08,426 - ERROR - gcp_cost_sync.py failed: Command '['python', 'gcp_cost_sync.py']' returned non-zero exit status 1.
2026-05-28 16:02:08,427 - INFO - Cloud ingestion pipeline completed
2026-05-28 16:02:08,427 - INFO - Job "run_ingestion (trigger: interval[0:01:00], next run at: 2026-05-28 16:02:49 IST)" executed successfully
2026-05-28 16:02:49,723 - INFO - Running job "run_recommendations (trigger: interval[0:01:00], next run at: 2026-05-28 16:03:49 IST)" (scheduled at 2026-05-28 16:02:49.713289+05:30)
2026-05-28 16:02:49,724 - INFO - Running scheduled recommendation job
2026-05-28 16:02:49,724 - INFO - Starting recommendation generation for org: bff29e99-1a33-4bf7-a2dc-3abe9bd2a03c
2026-05-28 16:02:49,723 - INFO - Running job "run_ingestion (trigger: interval[0:01:00], next run at: 2026-05-28 16:03:49 IST)" (scheduled at 2026-05-28 16:02:49.713978+05:30)
2026-05-28 16:02:49,727 - INFO - Running cloud ingestion pipeline
2026-05-28 16:02:49,727 - INFO - Starting aws_cost_sync.py
2026-05-28 16:02:49,963 - INFO - HTTP Request: GET https://iafrrtmvvqmuksvprrsj.supabase.co/rest/v1/usage_metrics?select=%2A "HTTP/2 200 OK"
2026-05-28 16:02:50,137 - INFO - HTTP Request: GET https://iafrrtmvvqmuksvprrsj.supabase.co/rest/v1/unallocated_cost?select=%2A "HTTP/2 200 OK"
2026-05-28 16:02:50,312 - INFO - HTTP Request: GET https://iafrrtmvvqmuksvprrsj.supabase.co/rest/v1/optimization_results?select=%2A "HTTP/2 200 OK"
2026-05-28 16:02:50,519 - INFO - HTTP Request: POST https://iafrrtmvvqmuksvprrsj.supabase.co/rest/v1/recommendations?on_conflict=org_id%2Cmessage&columns=%22description%22%2C%22service%22%2C%22org_id%22%2C%22type%22%2C%22message%22%2C%22impact%22%2C%22status%22%2C%22estimated_savings%22 "HTTP/2 400 Bad Request"
2026-05-28 16:02:50,521 - ERROR - Recommendation upsert failed: {'message': 'new row for relation "recommendations" violates check constraint "valid_status"', 'code': '23514', 'hint': None, 'details': 'Failing row contains (3ffb7945-bd36-40cf-9192-ef88ef6b8097, bff29e99-1a33-4bf7-a2dc-3abe9bd2a03c, Compute, High utilization detected - consider autoscaling, 0, pending, 2026-05-28 10:32:51.057798, null, OPTIMIZATION, High utilization detected - consider autoscaling, HIGH, null, null, null, null, null, null, null, null, null, null).'}
2026-05-28 16:02:50,522 - INFO - Recommendation job completed successfully
2026-05-28 16:02:50,522 - INFO - Job "run_recommendations (trigger: interval[0:01:00], next run at: 2026-05-28 16:03:49 IST)" executed successfully
2026-05-28 16:02:53,595 - ERROR - aws_cost_sync.py failed: Command '['python', 'aws_cost_sync.py']' returned non-zero exit status 1.
2026-05-28 16:02:53,596 - INFO - Starting azure_cost_sync.py
2026-05-28 16:03:01,482 - ERROR - azure_cost_sync.py failed: Command '['python', 'azure_cost_sync.py']' returned non-zero exit status 1.
2026-05-28 16:03:01,483 - INFO - Starting gcp_cost_sync.py
2026-05-28 16:03:05,996 - ERROR - gcp_cost_sync.py failed: Command '['python', 'gcp_cost_sync.py']' returned non-zero exit status 1.
2026-05-28 16:03:05,997 - INFO - Cloud ingestion pipeline completed
2026-05-28 16:03:05,997 - INFO - Job "run_ingestion (trigger: interval[0:01:00], next run at: 2026-05-28 16:03:49 IST)" executed successfully
2026-05-28 16:03:49,728 - INFO - Running job "run_recommendations (trigger: interval[0:01:00], next run at: 2026-05-28 16:04:49 IST)" (scheduled at 2026-05-28 16:03:49.713289+05:30)
2026-05-28 16:03:49,728 - INFO - Running scheduled recommendation job
2026-05-28 16:03:49,729 - INFO - Starting recommendation generation for org: bff29e99-1a33-4bf7-a2dc-3abe9bd2a03c
2026-05-28 16:03:49,728 - INFO - Running job "run_ingestion (trigger: interval[0:01:00], next run at: 2026-05-28 16:04:49 IST)" (scheduled at 2026-05-28 16:03:49.713978+05:30)
2026-05-28 16:03:49,731 - INFO - Running cloud ingestion pipeline
2026-05-28 16:03:49,732 - INFO - Starting aws_cost_sync.py
2026-05-28 16:03:49,964 - INFO - HTTP Request: GET https://iafrrtmvvqmuksvprrsj.supabase.co/rest/v1/usage_metrics?select=%2A "HTTP/2 200 OK"
2026-05-28 16:03:50,139 - INFO - HTTP Request: GET https://iafrrtmvvqmuksvprrsj.supabase.co/rest/v1/unallocated_cost?select=%2A "HTTP/2 200 OK"
2026-05-28 16:03:50,317 - INFO - HTTP Request: GET https://iafrrtmvvqmuksvprrsj.supabase.co/rest/v1/optimization_results?select=%2A "HTTP/2 200 OK"
2026-05-28 16:03:50,553 - INFO - HTTP Request: POST https://iafrrtmvvqmuksvprrsj.supabase.co/rest/v1/recommendations?on_conflict=org_id%2Cmessage&columns=%22description%22%2C%22service%22%2C%22org_id%22%2C%22type%22%2C%22message%22%2C%22impact%22%2C%22status%22%2C%22estimated_savings%22 "HTTP/2 400 Bad Request"
2026-05-28 16:03:50,554 - ERROR - Recommendation upsert failed: {'message': 'new row for relation "recommendations" violates check constraint "valid_status"', 'code': '23514', 'hint': None, 'details': 'Failing row contains (b3f9b391-4dd4-49b2-bb11-441fef0dd93c, bff29e99-1a33-4bf7-a2dc-3abe9bd2a03c, Compute, High utilization detected - consider autoscaling, 0, pending, 2026-05-28 10:33:51.095253, null, OPTIMIZATION, High utilization detected - consider autoscaling, HIGH, null, null, null, null, null, null, null, null, null, null).'}
2026-05-28 16:03:50,555 - INFO - Recommendation job completed successfully
2026-05-28 16:03:50,555 - INFO - Job "run_recommendations (trigger: interval[0:01:00], next run at: 2026-05-28 16:04:49 IST)" executed successfully
2026-05-28 16:03:54,588 - ERROR - aws_cost_sync.py failed: Command '['python', 'aws_cost_sync.py']' returned non-zero exit status 1.
2026-05-28 16:03:54,589 - INFO - Starting azure_cost_sync.py
2026-05-28 16:04:03,792 - ERROR - azure_cost_sync.py failed: Command '['python', 'azure_cost_sync.py']' returned non-zero exit status 1.
2026-05-28 16:04:03,793 - INFO - Starting gcp_cost_sync.py
2026-05-28 16:04:09,131 - ERROR - gcp_cost_sync.py failed: Command '['python', 'gcp_cost_sync.py']' returned non-zero exit status 1.
2026-05-28 16:04:09,131 - INFO - Cloud ingestion pipeline completed
2026-05-28 16:04:09,132 - INFO - Job "run_ingestion (trigger: interval[0:01:00], next run at: 2026-05-28 16:04:49 IST)" executed successfully
2026-05-28 16:04:49,726 - INFO - Running job "run_recommendations (trigger: interval[0:01:00], next run at: 2026-05-28 16:05:49 IST)" (scheduled at 2026-05-28 16:04:49.713289+05:30)
2026-05-28 16:04:49,727 - INFO - Running scheduled recommendation job
2026-05-28 16:04:49,727 - INFO - Starting recommendation generation for org: bff29e99-1a33-4bf7-a2dc-3abe9bd2a03c
2026-05-28 16:04:49,727 - INFO - Running job "run_ingestion (trigger: interval[0:01:00], next run at: 2026-05-28 16:05:49 IST)" (scheduled at 2026-05-28 16:04:49.713978+05:30)
2026-05-28 16:04:49,729 - INFO - Running cloud ingestion pipeline
2026-05-28 16:04:49,729 - INFO - Starting aws_cost_sync.py
2026-05-28 16:04:49,986 - INFO - HTTP Request: GET https://iafrrtmvvqmuksvprrsj.supabase.co/rest/v1/usage_metrics?select=%2A "HTTP/2 200 OK"
2026-05-28 16:04:50,163 - INFO - HTTP Request: GET https://iafrrtmvvqmuksvprrsj.supabase.co/rest/v1/unallocated_cost?select=%2A "HTTP/2 200 OK"
2026-05-28 16:04:50,337 - INFO - HTTP Request: GET https://iafrrtmvvqmuksvprrsj.supabase.co/rest/v1/optimization_results?select=%2A "HTTP/2 200 OK"
2026-05-28 16:04:50,542 - INFO - HTTP Request: POST https://iafrrtmvvqmuksvprrsj.supabase.co/rest/v1/recommendations?on_conflict=org_id%2Cmessage&columns=%22description%22%2C%22service%22%2C%22org_id%22%2C%22type%22%2C%22message%22%2C%22impact%22%2C%22status%22%2C%22estimated_savings%22 "HTTP/2 400 Bad Request"
2026-05-28 16:04:50,544 - ERROR - Recommendation upsert failed: {'message': 'new row for relation "recommendations" violates check constraint "valid_status"', 'code': '23514', 'hint': None, 'details': 'Failing row contains (90f024a5-c863-4615-9b18-9f2098764d48, bff29e99-1a33-4bf7-a2dc-3abe9bd2a03c, Compute, High utilization detected - consider autoscaling, 0, pending, 2026-05-28 10:34:51.085439, null, OPTIMIZATION, High utilization detected - consider autoscaling, HIGH, null, null, null, null, null, null, null, null, null, null).'}
2026-05-28 16:04:50,544 - INFO - Recommendation job completed successfully
2026-05-28 16:04:50,544 - INFO - Job "run_recommendations (trigger: interval[0:01:00], next run at: 2026-05-28 16:05:49 IST)" executed successfully
2026-05-28 16:04:54,755 - ERROR - aws_cost_sync.py failed: Command '['python', 'aws_cost_sync.py']' returned non-zero exit status 1.
2026-05-28 16:04:54,755 - INFO - Starting azure_cost_sync.py
2026-05-28 16:05:03,698 - ERROR - azure_cost_sync.py failed: Command '['python', 'azure_cost_sync.py']' returned non-zero exit status 1.
2026-05-28 16:05:03,700 - INFO - Starting gcp_cost_sync.py
2026-05-28 16:05:09,340 - ERROR - gcp_cost_sync.py failed: Command '['python', 'gcp_cost_sync.py']' returned non-zero exit status 1.
2026-05-28 16:05:09,342 - INFO - Cloud ingestion pipeline completed
2026-05-28 16:05:09,342 - INFO - Job "run_ingestion (trigger: interval[0:01:00], next run at: 2026-05-28 16:05:49 IST)" executed successfully
2026-05-28 16:05:49,716 - INFO - Running job "run_recommendations (trigger: interval[0:01:00], next run at: 2026-05-28 16:06:49 IST)" (scheduled at 2026-05-28 16:05:49.713289+05:30)
2026-05-28 16:05:49,717 - INFO - Running scheduled recommendation job
2026-05-28 16:05:49,717 - INFO - Starting recommendation generation for org: bff29e99-1a33-4bf7-a2dc-3abe9bd2a03c
2026-05-28 16:05:49,717 - INFO - Running job "run_ingestion (trigger: interval[0:01:00], next run at: 2026-05-28 16:06:49 IST)" (scheduled at 2026-05-28 16:05:49.713978+05:30)
2026-05-28 16:05:49,719 - INFO - Running cloud ingestion pipeline
2026-05-28 16:05:49,719 - INFO - Starting aws_cost_sync.py
2026-05-28 16:05:50,013 - INFO - HTTP Request: GET https://iafrrtmvvqmuksvprrsj.supabase.co/rest/v1/usage_metrics?select=%2A "HTTP/2 200 OK"
2026-05-28 16:05:50,194 - INFO - HTTP Request: GET https://iafrrtmvvqmuksvprrsj.supabase.co/rest/v1/unallocated_cost?select=%2A "HTTP/2 200 OK"
2026-05-28 16:05:50,376 - INFO - HTTP Request: GET https://iafrrtmvvqmuksvprrsj.supabase.co/rest/v1/optimization_results?select=%2A "HTTP/2 200 OK"
2026-05-28 16:05:50,680 - INFO - HTTP Request: POST https://iafrrtmvvqmuksvprrsj.supabase.co/rest/v1/recommendations?on_conflict=org_id%2Cmessage&columns=%22description%22%2C%22service%22%2C%22org_id%22%2C%22type%22%2C%22message%22%2C%22impact%22%2C%22status%22%2C%22estimated_savings%22 "HTTP/2 400 Bad Request"
2026-05-28 16:05:50,682 - ERROR - Recommendation upsert failed: {'message': 'new row for relation "recommendations" violates check constraint "valid_status"', 'code': '23514', 'hint': None, 'details': 'Failing row contains (0d84f77a-02ce-4dec-9581-f9f4f7d73f0d, bff29e99-1a33-4bf7-a2dc-3abe9bd2a03c, Compute, High utilization detected - consider autoscaling, 0, pending, 2026-05-28 10:35:51.220504, null, OPTIMIZATION, High utilization detected - consider autoscaling, HIGH, null, null, null, null, null, null, null, null, null, null).'}
2026-05-28 16:05:50,683 - INFO - Recommendation job completed successfully
2026-05-28 16:05:50,683 - INFO - Job "run_recommendations (trigger: interval[0:01:00], next run at: 2026-05-28 16:06:49 IST)" executed successfully
2026-05-28 16:05:54,024 - ERROR - aws_cost_sync.py failed: Command '['python', 'aws_cost_sync.py']' returned non-zero exit status 1.
2026-05-28 16:05:54,025 - INFO - Starting azure_cost_sync.py
2026-05-28 16:06:03,770 - ERROR - azure_cost_sync.py failed: Command '['python', 'azure_cost_sync.py']' returned non-zero exit status 1.
2026-05-28 16:06:03,771 - INFO - Starting gcp_cost_sync.py
2026-05-28 16:06:09,794 - ERROR - gcp_cost_sync.py failed: Command '['python', 'gcp_cost_sync.py']' returned non-zero exit status 1.
2026-05-28 16:06:09,794 - INFO - Cloud ingestion pipeline completed
2026-05-28 16:06:09,795 - INFO - Job "run_ingestion (trigger: interval[0:01:00], next run at: 2026-05-28 16:06:49 IST)" executed successfully
2026-05-28 16:06:49,718 - INFO - Running job "run_recommendations (trigger: interval[0:01:00], next run at: 2026-05-28 16:07:49 IST)" (scheduled at 2026-05-28 16:06:49.713289+05:30)
2026-05-28 16:06:49,719 - INFO - Running scheduled recommendation job
2026-05-28 16:06:49,720 - INFO - Starting recommendation generation for org: bff29e99-1a33-4bf7-a2dc-3abe9bd2a03c
2026-05-28 16:06:49,719 - INFO - Running job "run_ingestion (trigger: interval[0:01:00], next run at: 2026-05-28 16:07:49 IST)" (scheduled at 2026-05-28 16:06:49.713978+05:30)
2026-05-28 16:06:49,723 - INFO - Running cloud ingestion pipeline
2026-05-28 16:06:49,724 - INFO - Starting aws_cost_sync.py
2026-05-28 16:06:49,988 - INFO - HTTP Request: GET https://iafrrtmvvqmuksvprrsj.supabase.co/rest/v1/usage_metrics?select=%2A "HTTP/2 200 OK"
2026-05-28 16:06:50,163 - INFO - HTTP Request: GET https://iafrrtmvvqmuksvprrsj.supabase.co/rest/v1/unallocated_cost?select=%2A "HTTP/2 200 OK"
2026-05-28 16:06:50,338 - INFO - HTTP Request: GET https://iafrrtmvvqmuksvprrsj.supabase.co/rest/v1/optimization_results?select=%2A "HTTP/2 200 OK"
2026-05-28 16:06:50,570 - INFO - HTTP Request: POST https://iafrrtmvvqmuksvprrsj.supabase.co/rest/v1/recommendations?on_conflict=org_id%2Cmessage&columns=%22description%22%2C%22service%22%2C%22org_id%22%2C%22type%22%2C%22message%22%2C%22impact%22%2C%22status%22%2C%22estimated_savings%22 "HTTP/2 400 Bad Request"
2026-05-28 16:06:50,572 - ERROR - Recommendation upsert failed: {'message': 'new row for relation "recommendations" violates check constraint "valid_status"', 'code': '23514', 'hint': None, 'details': 'Failing row contains (05acfee9-6434-4b06-9139-62dbf2bd9edb, bff29e99-1a33-4bf7-a2dc-3abe9bd2a03c, Compute, High utilization detected - consider autoscaling, 0, pending, 2026-05-28 10:36:51.113343, null, OPTIMIZATION, High utilization detected - consider autoscaling, HIGH, null, null, null, null, null, null, null, null, null, null).'}
2026-05-28 16:06:50,572 - INFO - Recommendation job completed successfully
2026-05-28 16:06:50,573 - INFO - Job "run_recommendations (trigger: interval[0:01:00], next run at: 2026-05-28 16:07:49 IST)" executed successfully
2026-05-28 16:06:55,211 - ERROR - aws_cost_sync.py failed: Command '['python', 'aws_cost_sync.py']' returned non-zero exit status 1.
2026-05-28 16:06:55,212 - INFO - Starting azure_cost_sync.py
2026-05-28 16:07:07,070 - ERROR - azure_cost_sync.py failed: Command '['python', 'azure_cost_sync.py']' returned non-zero exit status 1.
2026-05-28 16:07:07,071 - INFO - Starting gcp_cost_sync.py
2026-05-28 16:07:13,666 - ERROR - gcp_cost_sync.py failed: Command '['python', 'gcp_cost_sync.py']' returned non-zero exit status 1.
2026-05-28 16:07:13,667 - INFO - Cloud ingestion pipeline completed
2026-05-28 16:07:13,667 - INFO - Job "run_ingestion (trigger: interval[0:01:00], next run at: 2026-05-28 16:07:49 IST)" executed successfully
2026-05-28 16:07:49,729 - INFO - Running job "run_recommendations (trigger: interval[0:01:00], next run at: 2026-05-28 16:08:49 IST)" (scheduled at 2026-05-28 16:07:49.713289+05:30)
2026-05-28 16:07:49,730 - INFO - Running scheduled recommendation job
2026-05-28 16:07:49,730 - INFO - Starting recommendation generation for org: bff29e99-1a33-4bf7-a2dc-3abe9bd2a03c
2026-05-28 16:07:49,733 - INFO - Running job "run_ingestion (trigger: interval[0:01:00], next run at: 2026-05-28 16:08:49 IST)" (scheduled at 2026-05-28 16:07:49.713978+05:30)
2026-05-28 16:07:49,733 - INFO - Running cloud ingestion pipeline
2026-05-28 16:07:49,733 - INFO - Starting aws_cost_sync.py
2026-05-28 16:07:49,966 - INFO - HTTP Request: GET https://iafrrtmvvqmuksvprrsj.supabase.co/rest/v1/usage_metrics?select=%2A "HTTP/2 200 OK"
2026-05-28 16:07:50,148 - INFO - HTTP Request: GET https://iafrrtmvvqmuksvprrsj.supabase.co/rest/v1/unallocated_cost?select=%2A "HTTP/2 200 OK"
2026-05-28 16:07:50,324 - INFO - HTTP Request: GET https://iafrrtmvvqmuksvprrsj.supabase.co/rest/v1/optimization_results?select=%2A "HTTP/2 200 OK"
2026-05-28 16:07:50,552 - INFO - HTTP Request: POST https://iafrrtmvvqmuksvprrsj.supabase.co/rest/v1/recommendations?on_conflict=org_id%2Cmessage&columns=%22description%22%2C%22service%22%2C%22org_id%22%2C%22type%22%2C%22message%22%2C%22impact%22%2C%22status%22%2C%22estimated_savings%22 "HTTP/2 400 Bad Request"
2026-05-28 16:07:50,554 - ERROR - Recommendation upsert failed: {'message': 'new row for relation "recommendations" violates check constraint "valid_status"', 'code': '23514', 'hint': None, 'details': 'Failing row contains (dd969c95-084e-4866-8a8a-777cdb4283f6, bff29e99-1a33-4bf7-a2dc-3abe9bd2a03c, Compute, High utilization detected - consider autoscaling, 0, pending, 2026-05-28 10:37:51.096762, null, OPTIMIZATION, High utilization detected - consider autoscaling, HIGH, null, null, null, null, null, null, null, null, null, null).'}
2026-05-28 16:07:50,554 - INFO - Recommendation job completed successfully
2026-05-28 16:07:50,555 - INFO - Job "run_recommendations (trigger: interval[0:01:00], next run at: 2026-05-28 16:08:49 IST)" executed successfully
2026-05-28 16:07:55,307 - ERROR - aws_cost_sync.py failed: Command '['python', 'aws_cost_sync.py']' returned non-zero exit status 1.
2026-05-28 16:07:55,308 - INFO - Starting azure_cost_sync.py
2026-05-28 16:08:05,989 - ERROR - azure_cost_sync.py failed: Command '['python', 'azure_cost_sync.py']' returned non-zero exit status 1.
2026-05-28 16:08:05,990 - INFO - Starting gcp_cost_sync.py
2026-05-28 16:08:11,941 - ERROR - gcp_cost_sync.py failed: Command '['python', 'gcp_cost_sync.py']' returned non-zero exit status 1.
2026-05-28 16:08:11,942 - INFO - Cloud ingestion pipeline completed
2026-05-28 16:08:11,942 - INFO - Job "run_ingestion (trigger: interval[0:01:00], next run at: 2026-05-28 16:08:49 IST)" executed successfully
2026-05-28 16:08:49,722 - INFO - Running job "run_recommendations (trigger: interval[0:01:00], next run at: 2026-05-28 16:09:49 IST)" (scheduled at 2026-05-28 16:08:49.713289+05:30)
2026-05-28 16:08:49,722 - INFO - Running scheduled recommendation job
2026-05-28 16:08:49,723 - INFO - Starting recommendation generation for org: bff29e99-1a33-4bf7-a2dc-3abe9bd2a03c
2026-05-28 16:08:49,722 - INFO - Running job "run_ingestion (trigger: interval[0:01:00], next run at: 2026-05-28 16:09:49 IST)" (scheduled at 2026-05-28 16:08:49.713978+05:30)
2026-05-28 16:08:49,725 - INFO - Running cloud ingestion pipeline
2026-05-28 16:08:49,726 - INFO - Starting aws_cost_sync.py
2026-05-28 16:08:49,956 - INFO - HTTP Request: GET https://iafrrtmvvqmuksvprrsj.supabase.co/rest/v1/usage_metrics?select=%2A "HTTP/2 200 OK"
2026-05-28 16:08:50,133 - INFO - HTTP Request: GET https://iafrrtmvvqmuksvprrsj.supabase.co/rest/v1/unallocated_cost?select=%2A "HTTP/2 200 OK"
2026-05-28 16:08:50,306 - INFO - HTTP Request: GET https://iafrrtmvvqmuksvprrsj.supabase.co/rest/v1/optimization_results?select=%2A "HTTP/2 200 OK"
2026-05-28 16:08:50,532 - INFO - HTTP Request: POST https://iafrrtmvvqmuksvprrsj.supabase.co/rest/v1/recommendations?on_conflict=org_id%2Cmessage&columns=%22description%22%2C%22service%22%2C%22org_id%22%2C%22type%22%2C%22message%22%2C%22impact%22%2C%22status%22%2C%22estimated_savings%22 "HTTP/2 400 Bad Request"
2026-05-28 16:08:50,534 - ERROR - Recommendation upsert failed: {'message': 'new row for relation "recommendations" violates check constraint "valid_status"', 'code': '23514', 'hint': None, 'details': 'Failing row contains (f0b7179d-d6ea-44db-ad1c-984c928494ed, bff29e99-1a33-4bf7-a2dc-3abe9bd2a03c, Compute, High utilization detected - consider autoscaling, 0, pending, 2026-05-28 10:38:51.075357, null, OPTIMIZATION, High utilization detected - consider autoscaling, HIGH, null, null, null, null, null, null, null, null, null, null).'}
2026-05-28 16:08:50,534 - INFO - Recommendation job completed successfully
2026-05-28 16:08:50,535 - INFO - Job "run_recommendations (trigger: interval[0:01:00], next run at: 2026-05-28 16:09:49 IST)" executed successfully
2026-05-28 16:08:55,066 - ERROR - aws_cost_sync.py failed: Command '['python', 'aws_cost_sync.py']' returned non-zero exit status 1.
2026-05-28 16:08:55,067 - INFO - Starting azure_cost_sync.py
2026-05-28 16:09:04,553 - ERROR - azure_cost_sync.py failed: Command '['python', 'azure_cost_sync.py']' returned non-zero exit status 1.
2026-05-28 16:09:04,554 - INFO - Starting gcp_cost_sync.py
2026-05-28 16:09:09,913 - ERROR - gcp_cost_sync.py failed: Command '['python', 'gcp_cost_sync.py']' returned non-zero exit status 1.
2026-05-28 16:09:09,914 - INFO - Cloud ingestion pipeline completed
2026-05-28 16:09:09,914 - INFO - Job "run_ingestion (trigger: interval[0:01:00], next run at: 2026-05-28 16:09:49 IST)" executed successfully
2026-05-28 16:09:49,721 - INFO - Running job "run_ingestion (trigger: interval[0:01:00], next run at: 2026-05-28 16:10:49 IST)" (scheduled at 2026-05-28 16:09:49.713978+05:30)
2026-05-28 16:09:49,722 - INFO - Running cloud ingestion pipeline
2026-05-28 16:09:49,722 - INFO - Starting aws_cost_sync.py
2026-05-28 16:09:49,721 - INFO - Running job "run_recommendations (trigger: interval[0:01:00], next run at: 2026-05-28 16:10:49 IST)" (scheduled at 2026-05-28 16:09:49.713289+05:30)
2026-05-28 16:09:49,723 - INFO - Running scheduled recommendation job
2026-05-28 16:09:49,724 - INFO - Starting recommendation generation for org: bff29e99-1a33-4bf7-a2dc-3abe9bd2a03c
2026-05-28 16:09:49,988 - INFO - HTTP Request: GET https://iafrrtmvvqmuksvprrsj.supabase.co/rest/v1/usage_metrics?select=%2A "HTTP/2 200 OK"
2026-05-28 16:09:50,174 - INFO - HTTP Request: GET https://iafrrtmvvqmuksvprrsj.supabase.co/rest/v1/unallocated_cost?select=%2A "HTTP/2 200 OK"
2026-05-28 16:09:50,351 - INFO - HTTP Request: GET https://iafrrtmvvqmuksvprrsj.supabase.co/rest/v1/optimization_results?select=%2A "HTTP/2 200 OK"
2026-05-28 16:09:50,578 - INFO - HTTP Request: POST https://iafrrtmvvqmuksvprrsj.supabase.co/rest/v1/recommendations?on_conflict=org_id%2Cmessage&columns=%22description%22%2C%22service%22%2C%22org_id%22%2C%22type%22%2C%22message%22%2C%22impact%22%2C%22status%22%2C%22estimated_savings%22 "HTTP/2 400 Bad Request"
2026-05-28 16:09:50,580 - ERROR - Recommendation upsert failed: {'message': 'new row for relation "recommendations" violates check constraint "valid_status"', 'code': '23514', 'hint': None, 'details': 'Failing row contains (ccd1a71a-e169-4d8d-b6b7-70becc511b3a, bff29e99-1a33-4bf7-a2dc-3abe9bd2a03c, Compute, High utilization detected - consider autoscaling, 0, pending, 2026-05-28 10:39:51.119822, null, OPTIMIZATION, High utilization detected - consider autoscaling, HIGH, null, null, null, null, null, null, null, null, null, null).'}
2026-05-28 16:09:50,580 - INFO - Recommendation job completed successfully
2026-05-28 16:09:50,581 - INFO - Job "run_recommendations (trigger: interval[0:01:00], next run at: 2026-05-28 16:10:49 IST)" executed successfully
2026-05-28 16:09:54,587 - ERROR - aws_cost_sync.py failed: Command '['python', 'aws_cost_sync.py']' returned non-zero exit status 1.
2026-05-28 16:09:54,588 - INFO - Starting azure_cost_sync.py
2026-05-28 16:10:03,674 - ERROR - azure_cost_sync.py failed: Command '['python', 'azure_cost_sync.py']' returned non-zero exit status 1.
2026-05-28 16:10:03,675 - INFO - Starting gcp_cost_sync.py
2026-05-28 16:10:09,374 - ERROR - gcp_cost_sync.py failed: Command '['python', 'gcp_cost_sync.py']' returned non-zero exit status 1.
2026-05-28 16:10:09,375 - INFO - Cloud ingestion pipeline completed
2026-05-28 16:10:09,376 - INFO - Job "run_ingestion (trigger: interval[0:01:00], next run at: 2026-05-28 16:10:49 IST)" executed successfully
2026-05-28 16:10:49,728 - INFO - Running job "run_recommendations (trigger: interval[0:01:00], next run at: 2026-05-28 16:11:49 IST)" (scheduled at 2026-05-28 16:10:49.713289+05:30)
2026-05-28 16:10:49,729 - INFO - Running scheduled recommendation job
2026-05-28 16:10:49,729 - INFO - Starting recommendation generation for org: bff29e99-1a33-4bf7-a2dc-3abe9bd2a03c
2026-05-28 16:10:49,729 - INFO - Running job "run_ingestion (trigger: interval[0:01:00], next run at: 2026-05-28 16:11:49 IST)" (scheduled at 2026-05-28 16:10:49.713978+05:30)
2026-05-28 16:10:49,732 - INFO - Running cloud ingestion pipeline
2026-05-28 16:10:49,732 - INFO - Starting aws_cost_sync.py
2026-05-28 16:10:50,370 - INFO - HTTP Request: GET https://iafrrtmvvqmuksvprrsj.supabase.co/rest/v1/usage_metrics?select=%2A "HTTP/2 200 OK"
2026-05-28 16:10:50,545 - INFO - HTTP Request: GET https://iafrrtmvvqmuksvprrsj.supabase.co/rest/v1/unallocated_cost?select=%2A "HTTP/2 200 OK"
2026-05-28 16:10:50,729 - INFO - HTTP Request: GET https://iafrrtmvvqmuksvprrsj.supabase.co/rest/v1/optimization_results?select=%2A "HTTP/2 200 OK"
2026-05-28 16:10:50,966 - INFO - HTTP Request: POST https://iafrrtmvvqmuksvprrsj.supabase.co/rest/v1/recommendations?on_conflict=org_id%2Cmessage&columns=%22description%22%2C%22service%22%2C%22org_id%22%2C%22type%22%2C%22message%22%2C%22impact%22%2C%22status%22%2C%22estimated_savings%22 "HTTP/2 400 Bad Request"
2026-05-28 16:10:50,968 - ERROR - Recommendation upsert failed: {'message': 'new row for relation "recommendations" violates check constraint "valid_status"', 'code': '23514', 'hint': None, 'details': 'Failing row contains (6715de88-3b20-4a7d-8889-b5bac971736e, bff29e99-1a33-4bf7-a2dc-3abe9bd2a03c, Compute, High utilization detected - consider autoscaling, 0, pending, 2026-05-28 10:40:51.513827, null, OPTIMIZATION, High utilization detected - consider autoscaling, HIGH, null, null, null, null, null, null, null, null, null, null).'}
2026-05-28 16:10:50,968 - INFO - Recommendation job completed successfully
2026-05-28 16:10:50,968 - INFO - Job "run_recommendations (trigger: interval[0:01:00], next run at: 2026-05-28 16:11:49 IST)" executed successfully
2026-05-28 16:10:53,668 - ERROR - aws_cost_sync.py failed: Command '['python', 'aws_cost_sync.py']' returned non-zero exit status 1.
2026-05-28 16:10:53,670 - INFO - Starting azure_cost_sync.py
2026-05-28 16:11:06,322 - ERROR - azure_cost_sync.py failed: Command '['python', 'azure_cost_sync.py']' returned non-zero exit status 1.
2026-05-28 16:11:06,323 - INFO - Starting gcp_cost_sync.py
2026-05-28 16:11:12,180 - ERROR - gcp_cost_sync.py failed: Command '['python', 'gcp_cost_sync.py']' returned non-zero exit status 1.
2026-05-28 16:11:12,182 - INFO - Cloud ingestion pipeline completed
2026-05-28 16:11:12,183 - INFO - Job "run_ingestion (trigger: interval[0:01:00], next run at: 2026-05-28 16:11:49 IST)" executed successfully
2026-05-28 16:11:49,725 - INFO - Running job "run_recommendations (trigger: interval[0:01:00], next run at: 2026-05-28 16:12:49 IST)" (scheduled at 2026-05-28 16:11:49.713289+05:30)
2026-05-28 16:11:49,726 - INFO - Running scheduled recommendation job
2026-05-28 16:11:49,726 - INFO - Starting recommendation generation for org: bff29e99-1a33-4bf7-a2dc-3abe9bd2a03c
2026-05-28 16:11:49,725 - INFO - Running job "run_ingestion (trigger: interval[0:01:00], next run at: 2026-05-28 16:12:49 IST)" (scheduled at 2026-05-28 16:11:49.713978+05:30)
2026-05-28 16:11:49,729 - INFO - Running cloud ingestion pipeline
2026-05-28 16:11:49,729 - INFO - Starting aws_cost_sync.py
2026-05-28 16:11:49,964 - INFO - HTTP Request: GET https://iafrrtmvvqmuksvprrsj.supabase.co/rest/v1/usage_metrics?select=%2A "HTTP/2 200 OK"
2026-05-28 16:11:50,139 - INFO - HTTP Request: GET https://iafrrtmvvqmuksvprrsj.supabase.co/rest/v1/unallocated_cost?select=%2A "HTTP/2 200 OK"
2026-05-28 16:11:50,311 - INFO - HTTP Request: GET https://iafrrtmvvqmuksvprrsj.supabase.co/rest/v1/optimization_results?select=%2A "HTTP/2 200 OK"
2026-05-28 16:11:50,524 - INFO - HTTP Request: POST https://iafrrtmvvqmuksvprrsj.supabase.co/rest/v1/recommendations?on_conflict=org_id%2Cmessage&columns=%22description%22%2C%22service%22%2C%22org_id%22%2C%22type%22%2C%22message%22%2C%22impact%22%2C%22status%22%2C%22estimated_savings%22 "HTTP/2 400 Bad Request"
2026-05-28 16:11:50,525 - ERROR - Recommendation upsert failed: {'message': 'new row for relation "recommendations" violates check constraint "valid_status"', 'code': '23514', 'hint': None, 'details': 'Failing row contains (b3410b87-2ec3-4c16-9e53-5e50b3e0625a, bff29e99-1a33-4bf7-a2dc-3abe9bd2a03c, Compute, High utilization detected - consider autoscaling, 0, pending, 2026-05-28 10:41:51.069489, null, OPTIMIZATION, High utilization detected - consider autoscaling, HIGH, null, null, null, null, null, null, null, null, null, null).'}
2026-05-28 16:11:50,526 - INFO - Recommendation job completed successfully
2026-05-28 16:11:50,526 - INFO - Job "run_recommendations (trigger: interval[0:01:00], next run at: 2026-05-28 16:12:49 IST)" executed successfully
2026-05-28 16:11:54,445 - ERROR - aws_cost_sync.py failed: Command '['python', 'aws_cost_sync.py']' returned non-zero exit status 1.
2026-05-28 16:11:54,445 - INFO - Starting azure_cost_sync.py
2026-05-28 16:12:03,660 - ERROR - azure_cost_sync.py failed: Command '['python', 'azure_cost_sync.py']' returned non-zero exit status 1.
2026-05-28 16:12:03,662 - INFO - Starting gcp_cost_sync.py
2026-05-28 16:12:09,360 - ERROR - gcp_cost_sync.py failed: Command '['python', 'gcp_cost_sync.py']' returned non-zero exit status 1.
2026-05-28 16:12:09,361 - INFO - Cloud ingestion pipeline completed
2026-05-28 16:12:09,361 - INFO - Job "run_ingestion (trigger: interval[0:01:00], next run at: 2026-05-28 16:12:49 IST)" executed successfully
2026-05-28 16:12:49,718 - INFO - Running job "run_recommendations (trigger: interval[0:01:00], next run at: 2026-05-28 16:13:49 IST)" (scheduled at 2026-05-28 16:12:49.713289+05:30)
2026-05-28 16:12:49,719 - INFO - Running scheduled recommendation job
2026-05-28 16:12:49,719 - INFO - Starting recommendation generation for org: bff29e99-1a33-4bf7-a2dc-3abe9bd2a03c
2026-05-28 16:12:49,719 - INFO - Running job "run_ingestion (trigger: interval[0:01:00], next run at: 2026-05-28 16:13:49 IST)" (scheduled at 2026-05-28 16:12:49.713978+05:30)
2026-05-28 16:12:49,722 - INFO - Running cloud ingestion pipeline
2026-05-28 16:12:49,723 - INFO - Starting aws_cost_sync.py
2026-05-28 16:12:50,001 - INFO - HTTP Request: GET https://iafrrtmvvqmuksvprrsj.supabase.co/rest/v1/usage_metrics?select=%2A "HTTP/2 200 OK"
2026-05-28 16:12:50,176 - INFO - HTTP Request: GET https://iafrrtmvvqmuksvprrsj.supabase.co/rest/v1/unallocated_cost?select=%2A "HTTP/2 200 OK"
2026-05-28 16:12:50,354 - INFO - HTTP Request: GET https://iafrrtmvvqmuksvprrsj.supabase.co/rest/v1/optimization_results?select=%2A "HTTP/2 200 OK"
2026-05-28 16:12:50,580 - INFO - HTTP Request: POST https://iafrrtmvvqmuksvprrsj.supabase.co/rest/v1/recommendations?on_conflict=org_id%2Cmessage&columns=%22description%22%2C%22service%22%2C%22org_id%22%2C%22type%22%2C%22message%22%2C%22impact%22%2C%22status%22%2C%22estimated_savings%22 "HTTP/2 400 Bad Request"
2026-05-28 16:12:50,582 - ERROR - Recommendation upsert failed: {'message': 'new row for relation "recommendations" violates check constraint "valid_status"', 'code': '23514', 'hint': None, 'details': 'Failing row contains (f62daf70-4043-4932-a4cf-e02ad5f78f06, bff29e99-1a33-4bf7-a2dc-3abe9bd2a03c, Compute, High utilization detected - consider autoscaling, 0, pending, 2026-05-28 10:42:51.123869, null, OPTIMIZATION, High utilization detected - consider autoscaling, HIGH, null, null, null, null, null, null, null, null, null, null).'}
2026-05-28 16:12:50,583 - INFO - Recommendation job completed successfully
2026-05-28 16:12:50,583 - INFO - Job "run_recommendations (trigger: interval[0:01:00], next run at: 2026-05-28 16:13:49 IST)" executed successfully
2026-05-28 16:12:55,142 - ERROR - aws_cost_sync.py failed: Command '['python', 'aws_cost_sync.py']' returned non-zero exit status 1.
2026-05-28 16:12:55,143 - INFO - Starting azure_cost_sync.py
2026-05-28 16:13:05,356 - ERROR - azure_cost_sync.py failed: Command '['python', 'azure_cost_sync.py']' returned non-zero exit status 1.
2026-05-28 16:13:05,356 - INFO - Starting gcp_cost_sync.py
2026-05-28 16:13:11,695 - ERROR - gcp_cost_sync.py failed: Command '['python', 'gcp_cost_sync.py']' returned non-zero exit status 1.
2026-05-28 16:13:11,696 - INFO - Cloud ingestion pipeline completed
2026-05-28 16:13:11,696 - INFO - Job "run_ingestion (trigger: interval[0:01:00], next run at: 2026-05-28 16:13:49 IST)" executed successfully
2026-05-28 16:13:49,715 - INFO - Running job "run_recommendations (trigger: interval[0:01:00], next run at: 2026-05-28 16:14:49 IST)" (scheduled at 2026-05-28 16:13:49.713289+05:30)
2026-05-28 16:13:49,715 - INFO - Running scheduled recommendation job
2026-05-28 16:13:49,716 - INFO - Starting recommendation generation for org: bff29e99-1a33-4bf7-a2dc-3abe9bd2a03c
2026-05-28 16:13:49,715 - INFO - Running job "run_ingestion (trigger: interval[0:01:00], next run at: 2026-05-28 16:14:49 IST)" (scheduled at 2026-05-28 16:13:49.713978+05:30)
2026-05-28 16:13:49,719 - INFO - Running cloud ingestion pipeline
2026-05-28 16:13:49,719 - INFO - Starting aws_cost_sync.py
2026-05-28 16:13:49,948 - INFO - HTTP Request: GET https://iafrrtmvvqmuksvprrsj.supabase.co/rest/v1/usage_metrics?select=%2A "HTTP/2 200 OK"
2026-05-28 16:13:50,124 - INFO - HTTP Request: GET https://iafrrtmvvqmuksvprrsj.supabase.co/rest/v1/unallocated_cost?select=%2A "HTTP/2 200 OK"
2026-05-28 16:13:50,299 - INFO - HTTP Request: GET https://iafrrtmvvqmuksvprrsj.supabase.co/rest/v1/optimization_results?select=%2A "HTTP/2 200 OK"
2026-05-28 16:13:50,524 - INFO - HTTP Request: POST https://iafrrtmvvqmuksvprrsj.supabase.co/rest/v1/recommendations?on_conflict=org_id%2Cmessage&columns=%22description%22%2C%22service%22%2C%22org_id%22%2C%22type%22%2C%22message%22%2C%22impact%22%2C%22status%22%2C%22estimated_savings%22 "HTTP/2 400 Bad Request"
2026-05-28 16:13:50,526 - ERROR - Recommendation upsert failed: {'message': 'new row for relation "recommendations" violates check constraint "valid_status"', 'code': '23514', 'hint': None, 'details': 'Failing row contains (fe7e72b5-9e59-451d-9761-47e5472f4889, bff29e99-1a33-4bf7-a2dc-3abe9bd2a03c, Compute, High utilization detected - consider autoscaling, 0, pending, 2026-05-28 10:43:51.07258, null, OPTIMIZATION, High utilization detected - consider autoscaling, HIGH, null, null, null, null, null, null, null, null, null, null).'}
2026-05-28 16:13:50,527 - INFO - Recommendation job completed successfully
2026-05-28 16:13:50,527 - INFO - Job "run_recommendations (trigger: interval[0:01:00], next run at: 2026-05-28 16:14:49 IST)" executed successfully
2026-05-28 16:13:54,816 - ERROR - aws_cost_sync.py failed: Command '['python', 'aws_cost_sync.py']' returned non-zero exit status 1.
2026-05-28 16:13:54,817 - INFO - Starting azure_cost_sync.py
2026-05-28 16:14:03,716 - ERROR - azure_cost_sync.py failed: Command '['python', 'azure_cost_sync.py']' returned non-zero exit status 1.
2026-05-28 16:14:03,717 - INFO - Starting gcp_cost_sync.py
2026-05-28 16:14:09,566 - ERROR - gcp_cost_sync.py failed: Command '['python', 'gcp_cost_sync.py']' returned non-zero exit status 1.
2026-05-28 16:14:09,567 - INFO - Cloud ingestion pipeline completed
2026-05-28 16:14:09,567 - INFO - Job "run_ingestion (trigger: interval[0:01:00], next run at: 2026-05-28 16:14:49 IST)" executed successfully
2026-05-28 16:14:49,723 - INFO - Running job "run_recommendations (trigger: interval[0:01:00], next run at: 2026-05-28 16:15:49 IST)" (scheduled at 2026-05-28 16:14:49.713289+05:30)
2026-05-28 16:14:49,724 - INFO - Running scheduled recommendation job
2026-05-28 16:14:49,724 - INFO - Starting recommendation generation for org: bff29e99-1a33-4bf7-a2dc-3abe9bd2a03c
2026-05-28 16:14:49,724 - INFO - Running job "run_ingestion (trigger: interval[0:01:00], next run at: 2026-05-28 16:15:49 IST)" (scheduled at 2026-05-28 16:14:49.713978+05:30)
2026-05-28 16:14:49,726 - INFO - Running cloud ingestion pipeline
2026-05-28 16:14:49,726 - INFO - Starting aws_cost_sync.py
2026-05-28 16:14:49,988 - INFO - HTTP Request: GET https://iafrrtmvvqmuksvprrsj.supabase.co/rest/v1/usage_metrics?select=%2A "HTTP/2 200 OK"
2026-05-28 16:14:50,161 - INFO - HTTP Request: GET https://iafrrtmvvqmuksvprrsj.supabase.co/rest/v1/unallocated_cost?select=%2A "HTTP/2 200 OK"
2026-05-28 16:14:50,333 - INFO - HTTP Request: GET https://iafrrtmvvqmuksvprrsj.supabase.co/rest/v1/optimization_results?select=%2A "HTTP/2 200 OK"
2026-05-28 16:14:50,542 - INFO - HTTP Request: POST https://iafrrtmvvqmuksvprrsj.supabase.co/rest/v1/recommendations?on_conflict=org_id%2Cmessage&columns=%22description%22%2C%22service%22%2C%22org_id%22%2C%22type%22%2C%22message%22%2C%22impact%22%2C%22status%22%2C%22estimated_savings%22 "HTTP/2 400 Bad Request"
2026-05-28 16:14:50,544 - ERROR - Recommendation upsert failed: {'message': 'new row for relation "recommendations" violates check constraint "valid_status"', 'code': '23514', 'hint': None, 'details': 'Failing row contains (f272daba-8bf4-497a-8e8e-e4b0d93fa076, bff29e99-1a33-4bf7-a2dc-3abe9bd2a03c, Compute, High utilization detected - consider autoscaling, 0, pending, 2026-05-28 10:44:51.093348, null, OPTIMIZATION, High utilization detected - consider autoscaling, HIGH, null, null, null, null, null, null, null, null, null, null).'}
2026-05-28 16:14:50,544 - INFO - Recommendation job completed successfully
2026-05-28 16:14:50,544 - INFO - Job "run_recommendations (trigger: interval[0:01:00], next run at: 2026-05-28 16:15:49 IST)" executed successfully
2026-05-28 16:14:55,101 - ERROR - aws_cost_sync.py failed: Command '['python', 'aws_cost_sync.py']' returned non-zero exit status 1.
2026-05-28 16:14:55,102 - INFO - Starting azure_cost_sync.py
2026-05-28 16:15:04,190 - ERROR - azure_cost_sync.py failed: Command '['python', 'azure_cost_sync.py']' returned non-zero exit status 1.
2026-05-28 16:15:04,191 - INFO - Starting gcp_cost_sync.py
2026-05-28 16:15:10,111 - ERROR - gcp_cost_sync.py failed: Command '['python', 'gcp_cost_sync.py']' returned non-zero exit status 1.
2026-05-28 16:15:10,112 - INFO - Cloud ingestion pipeline completed
2026-05-28 16:15:10,113 - INFO - Job "run_ingestion (trigger: interval[0:01:00], next run at: 2026-05-28 16:15:49 IST)" executed successfully
2026-05-28 16:15:49,729 - INFO - Running job "run_recommendations (trigger: interval[0:01:00], next run at: 2026-05-28 16:16:49 IST)" (scheduled at 2026-05-28 16:15:49.713289+05:30)
2026-05-28 16:15:49,730 - INFO - Running scheduled recommendation job
2026-05-28 16:15:49,730 - INFO - Starting recommendation generation for org: bff29e99-1a33-4bf7-a2dc-3abe9bd2a03c
2026-05-28 16:15:49,730 - INFO - Running job "run_ingestion (trigger: interval[0:01:00], next run at: 2026-05-28 16:16:49 IST)" (scheduled at 2026-05-28 16:15:49.713978+05:30)
2026-05-28 16:15:49,732 - INFO - Running cloud ingestion pipeline
2026-05-28 16:15:49,732 - INFO - Starting aws_cost_sync.py
2026-05-28 16:15:50,008 - INFO - HTTP Request: GET https://iafrrtmvvqmuksvprrsj.supabase.co/rest/v1/usage_metrics?select=%2A "HTTP/2 200 OK"
2026-05-28 16:15:50,190 - INFO - HTTP Request: GET https://iafrrtmvvqmuksvprrsj.supabase.co/rest/v1/unallocated_cost?select=%2A "HTTP/2 200 OK"
2026-05-28 16:15:50,363 - INFO - HTTP Request: GET https://iafrrtmvvqmuksvprrsj.supabase.co/rest/v1/optimization_results?select=%2A "HTTP/2 200 OK"
2026-05-28 16:15:50,626 - INFO - HTTP Request: POST https://iafrrtmvvqmuksvprrsj.supabase.co/rest/v1/recommendations?on_conflict=org_id%2Cmessage&columns=%22description%22%2C%22service%22%2C%22org_id%22%2C%22type%22%2C%22message%22%2C%22impact%22%2C%22status%22%2C%22estimated_savings%22 "HTTP/2 400 Bad Request"
2026-05-28 16:15:50,627 - ERROR - Recommendation upsert failed: {'message': 'new row for relation "recommendations" violates check constraint "valid_status"', 'code': '23514', 'hint': None, 'details': 'Failing row contains (48ee4a88-41d6-43dc-8eaa-591d9fb0c9b5, bff29e99-1a33-4bf7-a2dc-3abe9bd2a03c, Compute, High utilization detected - consider autoscaling, 0, pending, 2026-05-28 10:45:51.175956, null, OPTIMIZATION, High utilization detected - consider autoscaling, HIGH, null, null, null, null, null, null, null, null, null, null).'}
2026-05-28 16:15:50,628 - INFO - Recommendation job completed successfully
2026-05-28 16:15:50,628 - INFO - Job "run_recommendations (trigger: interval[0:01:00], next run at: 2026-05-28 16:16:49 IST)" executed successfully
2026-05-28 16:15:54,212 - ERROR - aws_cost_sync.py failed: Command '['python', 'aws_cost_sync.py']' returned non-zero exit status 1.
2026-05-28 16:15:54,212 - INFO - Starting azure_cost_sync.py
2026-05-28 16:16:04,120 - ERROR - azure_cost_sync.py failed: Command '['python', 'azure_cost_sync.py']' returned non-zero exit status 1.
2026-05-28 16:16:04,121 - INFO - Starting gcp_cost_sync.py
2026-05-28 16:16:09,146 - ERROR - gcp_cost_sync.py failed: Command '['python', 'gcp_cost_sync.py']' returned non-zero exit status 1.
2026-05-28 16:16:09,146 - INFO - Cloud ingestion pipeline completed
2026-05-28 16:16:09,146 - INFO - Job "run_ingestion (trigger: interval[0:01:00], next run at: 2026-05-28 16:16:49 IST)" executed successfully
2026-05-28 16:16:49,717 - INFO - Running job "run_recommendations (trigger: interval[0:01:00], next run at: 2026-05-28 16:17:49 IST)" (scheduled at 2026-05-28 16:16:49.713289+05:30)
2026-05-28 16:16:49,718 - INFO - Running scheduled recommendation job
2026-05-28 16:16:49,718 - INFO - Starting recommendation generation for org: bff29e99-1a33-4bf7-a2dc-3abe9bd2a03c
2026-05-28 16:16:49,718 - INFO - Running job "run_ingestion (trigger: interval[0:01:00], next run at: 2026-05-28 16:17:49 IST)" (scheduled at 2026-05-28 16:16:49.713978+05:30)
2026-05-28 16:16:49,723 - INFO - Running cloud ingestion pipeline
2026-05-28 16:16:49,723 - INFO - Starting aws_cost_sync.py
2026-05-28 16:16:49,986 - INFO - HTTP Request: GET https://iafrrtmvvqmuksvprrsj.supabase.co/rest/v1/usage_metrics?select=%2A "HTTP/2 200 OK"
2026-05-28 16:16:50,180 - INFO - HTTP Request: GET https://iafrrtmvvqmuksvprrsj.supabase.co/rest/v1/unallocated_cost?select=%2A "HTTP/2 200 OK"
2026-05-28 16:16:50,364 - INFO - HTTP Request: GET https://iafrrtmvvqmuksvprrsj.supabase.co/rest/v1/optimization_results?select=%2A "HTTP/2 200 OK"
2026-05-28 16:16:50,597 - INFO - HTTP Request: POST https://iafrrtmvvqmuksvprrsj.supabase.co/rest/v1/recommendations?on_conflict=org_id%2Cmessage&columns=%22description%22%2C%22service%22%2C%22org_id%22%2C%22type%22%2C%22message%22%2C%22impact%22%2C%22status%22%2C%22estimated_savings%22 "HTTP/2 400 Bad Request"
2026-05-28 16:16:50,598 - ERROR - Recommendation upsert failed: {'message': 'new row for relation "recommendations" violates check constraint "valid_status"', 'code': '23514', 'hint': None, 'details': 'Failing row contains (a011838f-fb8b-4cf1-a5e2-9f7b94f8fadd, bff29e99-1a33-4bf7-a2dc-3abe9bd2a03c, Compute, High utilization detected - consider autoscaling, 0, pending, 2026-05-28 10:46:51.146745, null, OPTIMIZATION, High utilization detected - consider autoscaling, HIGH, null, null, null, null, null, null, null, null, null, null).'}
2026-05-28 16:16:50,599 - INFO - Recommendation job completed successfully
2026-05-28 16:16:50,600 - INFO - Job "run_recommendations (trigger: interval[0:01:00], next run at: 2026-05-28 16:17:49 IST)" executed successfully
2026-05-28 16:16:55,301 - ERROR - aws_cost_sync.py failed: Command '['python', 'aws_cost_sync.py']' returned non-zero exit status 1.
2026-05-28 16:16:55,301 - INFO - Starting azure_cost_sync.py
2026-05-28 16:17:05,801 - ERROR - azure_cost_sync.py failed: Command '['python', 'azure_cost_sync.py']' returned non-zero exit status 1.
2026-05-28 16:17:05,802 - INFO - Starting gcp_cost_sync.py
2026-05-28 16:17:12,529 - ERROR - gcp_cost_sync.py failed: Command '['python', 'gcp_cost_sync.py']' returned non-zero exit status 1.
2026-05-28 16:17:12,530 - INFO - Cloud ingestion pipeline completed
2026-05-28 16:17:12,531 - INFO - Job "run_ingestion (trigger: interval[0:01:00], next run at: 2026-05-28 16:17:49 IST)" executed successfully
2026-05-28 16:17:49,719 - INFO - Running job "run_recommendations (trigger: interval[0:01:00], next run at: 2026-05-28 16:18:49 IST)" (scheduled at 2026-05-28 16:17:49.713289+05:30)
2026-05-28 16:17:49,720 - INFO - Running scheduled recommendation job
2026-05-28 16:17:49,720 - INFO - Starting recommendation generation for org: bff29e99-1a33-4bf7-a2dc-3abe9bd2a03c
2026-05-28 16:17:49,720 - INFO - Running job "run_ingestion (trigger: interval[0:01:00], next run at: 2026-05-28 16:18:49 IST)" (scheduled at 2026-05-28 16:17:49.713978+05:30)
2026-05-28 16:17:49,723 - INFO - Running cloud ingestion pipeline
2026-05-28 16:17:49,724 - INFO - Starting aws_cost_sync.py
2026-05-28 16:17:49,988 - INFO - HTTP Request: GET https://iafrrtmvvqmuksvprrsj.supabase.co/rest/v1/usage_metrics?select=%2A "HTTP/2 200 OK"
2026-05-28 16:17:50,167 - INFO - HTTP Request: GET https://iafrrtmvvqmuksvprrsj.supabase.co/rest/v1/unallocated_cost?select=%2A "HTTP/2 200 OK"
2026-05-28 16:17:50,352 - INFO - HTTP Request: GET https://iafrrtmvvqmuksvprrsj.supabase.co/rest/v1/optimization_results?select=%2A "HTTP/2 200 OK"
2026-05-28 16:17:50,578 - INFO - HTTP Request: POST https://iafrrtmvvqmuksvprrsj.supabase.co/rest/v1/recommendations?on_conflict=org_id%2Cmessage&columns=%22description%22%2C%22service%22%2C%22org_id%22%2C%22type%22%2C%22message%22%2C%22impact%22%2C%22status%22%2C%22estimated_savings%22 "HTTP/2 400 Bad Request"
2026-05-28 16:17:50,580 - ERROR - Recommendation upsert failed: {'message': 'new row for relation "recommendations" violates check constraint "valid_status"', 'code': '23514', 'hint': None, 'details': 'Failing row contains (6a8aac54-2f1e-4f25-9679-e68d015053f0, bff29e99-1a33-4bf7-a2dc-3abe9bd2a03c, Compute, High utilization detected - consider autoscaling, 0, pending, 2026-05-28 10:47:51.12556, null, OPTIMIZATION, High utilization detected - consider autoscaling, HIGH, null, null, null, null, null, null, null, null, null, null).'}
2026-05-28 16:17:50,581 - INFO - Recommendation job completed successfully
2026-05-28 16:17:50,581 - INFO - Job "run_recommendations (trigger: interval[0:01:00], next run at: 2026-05-28 16:18:49 IST)" executed successfully
2026-05-28 16:17:54,680 - ERROR - aws_cost_sync.py failed: Command '['python', 'aws_cost_sync.py']' returned non-zero exit status 1.
2026-05-28 16:17:54,681 - INFO - Starting azure_cost_sync.py
2026-05-28 16:18:05,251 - ERROR - azure_cost_sync.py failed: Command '['python', 'azure_cost_sync.py']' returned non-zero exit status 1.
2026-05-28 16:18:05,252 - INFO - Starting gcp_cost_sync.py
2026-05-28 16:18:10,826 - ERROR - gcp_cost_sync.py failed: Command '['python', 'gcp_cost_sync.py']' returned non-zero exit status 1.
2026-05-28 16:18:10,826 - INFO - Cloud ingestion pipeline completed
2026-05-28 16:18:10,826 - INFO - Job "run_ingestion (trigger: interval[0:01:00], next run at: 2026-05-28 16:18:49 IST)" executed successfully
2026-05-28 16:18:49,726 - INFO - Running job "run_recommendations (trigger: interval[0:01:00], next run at: 2026-05-28 16:19:49 IST)" (scheduled at 2026-05-28 16:18:49.713289+05:30)
2026-05-28 16:18:49,727 - INFO - Running scheduled recommendation job
2026-05-28 16:18:49,728 - INFO - Starting recommendation generation for org: bff29e99-1a33-4bf7-a2dc-3abe9bd2a03c
2026-05-28 16:18:49,727 - INFO - Running job "run_ingestion (trigger: interval[0:01:00], next run at: 2026-05-28 16:19:49 IST)" (scheduled at 2026-05-28 16:18:49.713978+05:30)
2026-05-28 16:18:49,732 - INFO - Running cloud ingestion pipeline
2026-05-28 16:18:49,732 - INFO - Starting aws_cost_sync.py
2026-05-28 16:18:49,982 - INFO - HTTP Request: GET https://iafrrtmvvqmuksvprrsj.supabase.co/rest/v1/usage_metrics?select=%2A "HTTP/2 200 OK"
2026-05-28 16:18:50,162 - INFO - HTTP Request: GET https://iafrrtmvvqmuksvprrsj.supabase.co/rest/v1/unallocated_cost?select=%2A "HTTP/2 200 OK"
2026-05-28 16:18:50,342 - INFO - HTTP Request: GET https://iafrrtmvvqmuksvprrsj.supabase.co/rest/v1/optimization_results?select=%2A "HTTP/2 200 OK"
2026-05-28 16:18:50,565 - INFO - HTTP Request: POST https://iafrrtmvvqmuksvprrsj.supabase.co/rest/v1/recommendations?on_conflict=org_id%2Cmessage&columns=%22description%22%2C%22service%22%2C%22org_id%22%2C%22type%22%2C%22message%22%2C%22impact%22%2C%22status%22%2C%22estimated_savings%22 "HTTP/2 400 Bad Request"
2026-05-28 16:18:50,567 - ERROR - Recommendation upsert failed: {'message': 'new row for relation "recommendations" violates check constraint "valid_status"', 'code': '23514', 'hint': None, 'details': 'Failing row contains (84516b91-a752-46a2-9ab0-667cf3dbcf61, bff29e99-1a33-4bf7-a2dc-3abe9bd2a03c, Compute, High utilization detected - consider autoscaling, 0, pending, 2026-05-28 10:48:51.120405, null, OPTIMIZATION, High utilization detected - consider autoscaling, HIGH, null, null, null, null, null, null, null, null, null, null).'}
2026-05-28 16:18:50,567 - INFO - Recommendation job completed successfully
2026-05-28 16:18:50,567 - INFO - Job "run_recommendations (trigger: interval[0:01:00], next run at: 2026-05-28 16:19:49 IST)" executed successfully
2026-05-28 16:18:55,052 - ERROR - aws_cost_sync.py failed: Command '['python', 'aws_cost_sync.py']' returned non-zero exit status 1.
2026-05-28 16:18:55,053 - INFO - Starting azure_cost_sync.py
2026-05-28 16:19:05,694 - ERROR - azure_cost_sync.py failed: Command '['python', 'azure_cost_sync.py']' returned non-zero exit status 1.
2026-05-28 16:19:05,695 - INFO - Starting gcp_cost_sync.py
2026-05-28 16:19:11,800 - ERROR - gcp_cost_sync.py failed: Command '['python', 'gcp_cost_sync.py']' returned non-zero exit status 1.
2026-05-28 16:19:11,801 - INFO - Cloud ingestion pipeline completed
2026-05-28 16:19:11,801 - INFO - Job "run_ingestion (trigger: interval[0:01:00], next run at: 2026-05-28 16:19:49 IST)" executed successfully
2026-05-28 16:19:49,716 - INFO - Running job "run_recommendations (trigger: interval[0:01:00], next run at: 2026-05-28 16:20:49 IST)" (scheduled at 2026-05-28 16:19:49.713289+05:30)
2026-05-28 16:19:49,716 - INFO - Running scheduled recommendation job
2026-05-28 16:19:49,716 - INFO - Starting recommendation generation for org: bff29e99-1a33-4bf7-a2dc-3abe9bd2a03c
2026-05-28 16:19:49,716 - INFO - Running job "run_ingestion (trigger: interval[0:01:00], next run at: 2026-05-28 16:20:49 IST)" (scheduled at 2026-05-28 16:19:49.713978+05:30)
2026-05-28 16:19:49,719 - INFO - Running cloud ingestion pipeline
2026-05-28 16:19:49,719 - INFO - Starting aws_cost_sync.py
2026-05-28 16:19:49,947 - INFO - HTTP Request: GET https://iafrrtmvvqmuksvprrsj.supabase.co/rest/v1/usage_metrics?select=%2A "HTTP/2 200 OK"
2026-05-28 16:19:50,120 - INFO - HTTP Request: GET https://iafrrtmvvqmuksvprrsj.supabase.co/rest/v1/unallocated_cost?select=%2A "HTTP/2 200 OK"
2026-05-28 16:19:50,308 - INFO - HTTP Request: GET https://iafrrtmvvqmuksvprrsj.supabase.co/rest/v1/optimization_results?select=%2A "HTTP/2 200 OK"
2026-05-28 16:19:50,519 - INFO - HTTP Request: POST https://iafrrtmvvqmuksvprrsj.supabase.co/rest/v1/recommendations?on_conflict=org_id%2Cmessage&columns=%22description%22%2C%22service%22%2C%22org_id%22%2C%22type%22%2C%22message%22%2C%22impact%22%2C%22status%22%2C%22estimated_savings%22 "HTTP/2 400 Bad Request"
2026-05-28 16:19:50,521 - ERROR - Recommendation upsert failed: {'message': 'new row for relation "recommendations" violates check constraint "valid_status"', 'code': '23514', 'hint': None, 'details': 'Failing row contains (37ff083b-e5cf-418f-a0a2-381f92e0795f, bff29e99-1a33-4bf7-a2dc-3abe9bd2a03c, Compute, High utilization detected - consider autoscaling, 0, pending, 2026-05-28 10:49:51.075052, null, OPTIMIZATION, High utilization detected - consider autoscaling, HIGH, null, null, null, null, null, null, null, null, null, null).'}
2026-05-28 16:19:50,521 - INFO - Recommendation job completed successfully
2026-05-28 16:19:50,522 - INFO - Job "run_recommendations (trigger: interval[0:01:00], next run at: 2026-05-28 16:20:49 IST)" executed successfully
2026-05-28 16:19:54,566 - ERROR - aws_cost_sync.py failed: Command '['python', 'aws_cost_sync.py']' returned non-zero exit status 1.
2026-05-28 16:19:54,567 - INFO - Starting azure_cost_sync.py
2026-05-28 16:20:03,753 - ERROR - azure_cost_sync.py failed: Command '['python', 'azure_cost_sync.py']' returned non-zero exit status 1.
2026-05-28 16:20:03,754 - INFO - Starting gcp_cost_sync.py
2026-05-28 16:20:09,031 - ERROR - gcp_cost_sync.py failed: Command '['python', 'gcp_cost_sync.py']' returned non-zero exit status 1.
2026-05-28 16:20:09,032 - INFO - Cloud ingestion pipeline completed
2026-05-28 16:20:09,032 - INFO - Job "run_ingestion (trigger: interval[0:01:00], next run at: 2026-05-28 16:20:49 IST)" executed successfully
2026-05-28 16:20:49,717 - INFO - Running job "run_recommendations (trigger: interval[0:01:00], next run at: 2026-05-28 16:21:49 IST)" (scheduled at 2026-05-28 16:20:49.713289+05:30)
2026-05-28 16:20:49,718 - INFO - Running scheduled recommendation job
2026-05-28 16:20:49,719 - INFO - Starting recommendation generation for org: bff29e99-1a33-4bf7-a2dc-3abe9bd2a03c
2026-05-28 16:20:49,718 - INFO - Running job "run_ingestion (trigger: interval[0:01:00], next run at: 2026-05-28 16:21:49 IST)" (scheduled at 2026-05-28 16:20:49.713978+05:30)
2026-05-28 16:20:49,724 - INFO - Running cloud ingestion pipeline
2026-05-28 16:20:49,724 - INFO - Starting aws_cost_sync.py
2026-05-28 16:20:49,993 - INFO - HTTP Request: GET https://iafrrtmvvqmuksvprrsj.supabase.co/rest/v1/usage_metrics?select=%2A "HTTP/2 200 OK"
2026-05-28 16:20:50,177 - INFO - HTTP Request: GET https://iafrrtmvvqmuksvprrsj.supabase.co/rest/v1/unallocated_cost?select=%2A "HTTP/2 200 OK"
2026-05-28 16:20:50,359 - INFO - HTTP Request: GET https://iafrrtmvvqmuksvprrsj.supabase.co/rest/v1/optimization_results?select=%2A "HTTP/2 200 OK"
2026-05-28 16:20:50,600 - INFO - HTTP Request: POST https://iafrrtmvvqmuksvprrsj.supabase.co/rest/v1/recommendations?on_conflict=org_id%2Cmessage&columns=%22description%22%2C%22service%22%2C%22org_id%22%2C%22type%22%2C%22message%22%2C%22impact%22%2C%22status%22%2C%22estimated_savings%22 "HTTP/2 400 Bad Request"
2026-05-28 16:20:50,601 - ERROR - Recommendation upsert failed: {'message': 'new row for relation "recommendations" violates check constraint "valid_status"', 'code': '23514', 'hint': None, 'details': 'Failing row contains (555f583c-3645-4b61-ad9d-203cd97a40c2, bff29e99-1a33-4bf7-a2dc-3abe9bd2a03c, Compute, High utilization detected - consider autoscaling, 0, pending, 2026-05-28 10:50:51.152339, null, OPTIMIZATION, High utilization detected - consider autoscaling, HIGH, null, null, null, null, null, null, null, null, null, null).'}
2026-05-28 16:20:50,602 - INFO - Recommendation job completed successfully
2026-05-28 16:20:50,602 - INFO - Job "run_recommendations (trigger: interval[0:01:00], next run at: 2026-05-28 16:21:49 IST)" executed successfully
2026-05-28 16:20:55,096 - ERROR - aws_cost_sync.py failed: Command '['python', 'aws_cost_sync.py']' returned non-zero exit status 1.
2026-05-28 16:20:55,097 - INFO - Starting azure_cost_sync.py
2026-05-28 16:21:05,140 - ERROR - azure_cost_sync.py failed: Command '['python', 'azure_cost_sync.py']' returned non-zero exit status 1.
2026-05-28 16:21:05,141 - INFO - Starting gcp_cost_sync.py
2026-05-28 16:21:11,552 - ERROR - gcp_cost_sync.py failed: Command '['python', 'gcp_cost_sync.py']' returned non-zero exit status 1.
2026-05-28 16:21:11,553 - INFO - Cloud ingestion pipeline completed
2026-05-28 16:21:11,553 - INFO - Job "run_ingestion (trigger: interval[0:01:00], next run at: 2026-05-28 16:21:49 IST)" executed successfully
2026-05-28 16:21:49,716 - INFO - Running job "run_recommendations (trigger: interval[0:01:00], next run at: 2026-05-28 16:22:49 IST)" (scheduled at 2026-05-28 16:21:49.713289+05:30)
2026-05-28 16:21:49,716 - INFO - Running scheduled recommendation job
2026-05-28 16:21:49,717 - INFO - Starting recommendation generation for org: bff29e99-1a33-4bf7-a2dc-3abe9bd2a03c
2026-05-28 16:21:49,716 - INFO - Running job "run_ingestion (trigger: interval[0:01:00], next run at: 2026-05-28 16:22:49 IST)" (scheduled at 2026-05-28 16:21:49.713978+05:30)
2026-05-28 16:21:49,721 - INFO - Running cloud ingestion pipeline
2026-05-28 16:21:49,721 - INFO - Starting aws_cost_sync.py
2026-05-28 16:21:49,955 - INFO - HTTP Request: GET https://iafrrtmvvqmuksvprrsj.supabase.co/rest/v1/usage_metrics?select=%2A "HTTP/2 200 OK"
2026-05-28 16:21:50,134 - INFO - HTTP Request: GET https://iafrrtmvvqmuksvprrsj.supabase.co/rest/v1/unallocated_cost?select=%2A "HTTP/2 200 OK"
2026-05-28 16:21:50,312 - INFO - HTTP Request: GET https://iafrrtmvvqmuksvprrsj.supabase.co/rest/v1/optimization_results?select=%2A "HTTP/2 200 OK"
2026-05-28 16:21:50,536 - INFO - HTTP Request: POST https://iafrrtmvvqmuksvprrsj.supabase.co/rest/v1/recommendations?on_conflict=org_id%2Cmessage&columns=%22description%22%2C%22service%22%2C%22org_id%22%2C%22type%22%2C%22message%22%2C%22impact%22%2C%22status%22%2C%22estimated_savings%22 "HTTP/2 400 Bad Request"
2026-05-28 16:21:50,538 - ERROR - Recommendation upsert failed: {'message': 'new row for relation "recommendations" violates check constraint "valid_status"', 'code': '23514', 'hint': None, 'details': 'Failing row contains (2b708724-10d8-4ed9-8dba-4c5ed1f45502, bff29e99-1a33-4bf7-a2dc-3abe9bd2a03c, Compute, High utilization detected - consider autoscaling, 0, pending, 2026-05-28 10:51:51.090866, null, OPTIMIZATION, High utilization detected - consider autoscaling, HIGH, null, null, null, null, null, null, null, null, null, null).'}
2026-05-28 16:21:50,538 - INFO - Recommendation job completed successfully
2026-05-28 16:21:50,539 - INFO - Job "run_recommendations (trigger: interval[0:01:00], next run at: 2026-05-28 16:22:49 IST)" executed successfully
2026-05-28 16:21:53,948 - ERROR - aws_cost_sync.py failed: Command '['python', 'aws_cost_sync.py']' returned non-zero exit status 1.
2026-05-28 16:21:53,949 - INFO - Starting azure_cost_sync.py
2026-05-28 16:22:02,810 - ERROR - azure_cost_sync.py failed: Command '['python', 'azure_cost_sync.py']' returned non-zero exit status 1.
2026-05-28 16:22:02,811 - INFO - Starting gcp_cost_sync.py
2026-05-28 16:22:07,877 - ERROR - gcp_cost_sync.py failed: Command '['python', 'gcp_cost_sync.py']' returned non-zero exit status 1.
2026-05-28 16:22:07,878 - INFO - Cloud ingestion pipeline completed
2026-05-28 16:22:07,878 - INFO - Job "run_ingestion (trigger: interval[0:01:00], next run at: 2026-05-28 16:22:49 IST)" executed successfully
2026-05-28 16:22:49,727 - INFO - Running job "run_recommendations (trigger: interval[0:01:00], next run at: 2026-05-28 16:23:49 IST)" (scheduled at 2026-05-28 16:22:49.713289+05:30)
2026-05-28 16:22:49,727 - INFO - Running scheduled recommendation job
2026-05-28 16:22:49,728 - INFO - Starting recommendation generation for org: bff29e99-1a33-4bf7-a2dc-3abe9bd2a03c
2026-05-28 16:22:49,730 - INFO - Running job "run_ingestion (trigger: interval[0:01:00], next run at: 2026-05-28 16:23:49 IST)" (scheduled at 2026-05-28 16:22:49.713978+05:30)
2026-05-28 16:22:49,731 - INFO - Running cloud ingestion pipeline
2026-05-28 16:22:49,732 - INFO - Starting aws_cost_sync.py
2026-05-28 16:22:49,997 - INFO - HTTP Request: GET https://iafrrtmvvqmuksvprrsj.supabase.co/rest/v1/usage_metrics?select=%2A "HTTP/2 200 OK"
2026-05-28 16:22:50,221 - INFO - HTTP Request: GET https://iafrrtmvvqmuksvprrsj.supabase.co/rest/v1/unallocated_cost?select=%2A "HTTP/2 200 OK"
2026-05-28 16:22:50,399 - INFO - HTTP Request: GET https://iafrrtmvvqmuksvprrsj.supabase.co/rest/v1/optimization_results?select=%2A "HTTP/2 200 OK"
2026-05-28 16:22:50,618 - INFO - HTTP Request: POST https://iafrrtmvvqmuksvprrsj.supabase.co/rest/v1/recommendations?on_conflict=org_id%2Cmessage&columns=%22description%22%2C%22service%22%2C%22org_id%22%2C%22type%22%2C%22message%22%2C%22impact%22%2C%22status%22%2C%22estimated_savings%22 "HTTP/2 400 Bad Request"
2026-05-28 16:22:50,620 - ERROR - Recommendation upsert failed: {'message': 'new row for relation "recommendations" violates check constraint "valid_status"', 'code': '23514', 'hint': None, 'details': 'Failing row contains (b9df1d66-a374-4010-a2d7-52f5042bd945, bff29e99-1a33-4bf7-a2dc-3abe9bd2a03c, Compute, High utilization detected - consider autoscaling, 0, pending, 2026-05-28 10:52:51.172111, null, OPTIMIZATION, High utilization detected - consider autoscaling, HIGH, null, null, null, null, null, null, null, null, null, null).'}
2026-05-28 16:22:50,621 - INFO - Recommendation job completed successfully
2026-05-28 16:22:50,621 - INFO - Job "run_recommendations (trigger: interval[0:01:00], next run at: 2026-05-28 16:23:49 IST)" executed successfully
2026-05-28 16:22:55,031 - ERROR - aws_cost_sync.py failed: Command '['python', 'aws_cost_sync.py']' returned non-zero exit status 1.
2026-05-28 16:22:55,032 - INFO - Starting azure_cost_sync.py
2026-05-28 16:23:05,269 - ERROR - azure_cost_sync.py failed: Command '['python', 'azure_cost_sync.py']' returned non-zero exit status 1.
2026-05-28 16:23:05,269 - INFO - Starting gcp_cost_sync.py
2026-05-28 16:23:11,574 - ERROR - gcp_cost_sync.py failed: Command '['python', 'gcp_cost_sync.py']' returned non-zero exit status 1.
2026-05-28 16:23:11,575 - INFO - Cloud ingestion pipeline completed
2026-05-28 16:23:11,575 - INFO - Job "run_ingestion (trigger: interval[0:01:00], next run at: 2026-05-28 16:23:49 IST)" executed successfully
2026-05-28 16:23:16,799 - INFO - Scheduler has been shut down
2026-05-28 18:07:09,649 - INFO - Adding job tentatively -- it will be properly scheduled when the scheduler starts
2026-05-28 18:07:09,650 - INFO - Adding job tentatively -- it will be properly scheduled when the scheduler starts
2026-05-28 18:07:09,651 - INFO - Added job "run_recommendations" to job store "default"
2026-05-28 18:07:09,651 - INFO - Added job "run_ingestion" to job store "default"
2026-05-28 18:07:09,651 - INFO - Scheduler started
2026-05-28 18:08:09,665 - INFO - Running job "run_recommendations (trigger: interval[0:01:00], next run at: 2026-05-28 18:08:09 IST)" (scheduled at 2026-05-28 18:08:09.649285+05:30)
2026-05-28 18:08:09,672 - INFO - Running scheduled recommendation job
2026-05-28 18:08:09,674 - INFO - Starting recommendation generation for org: bff29e99-1a33-4bf7-a2dc-3abe9bd2a03c
2026-05-28 18:08:09,673 - INFO - Running job "run_ingestion (trigger: interval[0:01:00], next run at: 2026-05-28 18:09:09 IST)" (scheduled at 2026-05-28 18:08:09.650530+05:30)
2026-05-28 18:08:09,675 - INFO - Running cloud ingestion pipeline
2026-05-28 18:08:09,676 - INFO - Starting aws_cost_sync.py
2026-05-28 18:08:11,122 - INFO - HTTP Request: GET https://iafrrtmvvqmuksvprrsj.supabase.co/rest/v1/usage_metrics?select=%2A "HTTP/2 200 OK"
2026-05-28 18:08:11,303 - INFO - HTTP Request: GET https://iafrrtmvvqmuksvprrsj.supabase.co/rest/v1/unallocated_cost?select=%2A "HTTP/2 200 OK"
2026-05-28 18:08:11,477 - INFO - HTTP Request: GET https://iafrrtmvvqmuksvprrsj.supabase.co/rest/v1/optimization_results?select=%2A "HTTP/2 200 OK"
2026-05-28 18:08:11,881 - ERROR - aws_cost_sync.py failed: Command '['python', 'aws_cost_sync.py']' returned non-zero exit status 1.
2026-05-28 18:08:11,881 - INFO - Starting azure_cost_sync.py
2026-05-28 18:08:12,003 - INFO - HTTP Request: POST https://iafrrtmvvqmuksvprrsj.supabase.co/rest/v1/recommendations?on_conflict=org_id%2Cmessage&columns=%22type%22%2C%22description%22%2C%22org_id%22%2C%22impact%22%2C%22estimated_savings%22%2C%22service%22%2C%22status%22%2C%22message%22 "HTTP/2 400 Bad Request"
2026-05-28 18:08:12,004 - ERROR - Recommendation upsert failed: {'message': 'new row for relation "recommendations" violates check constraint "valid_status"', 'code': '23514', 'hint': None, 'details': 'Failing row contains (54ab7962-700f-4e09-957d-4d11eed9216a, bff29e99-1a33-4bf7-a2dc-3abe9bd2a03c, Compute, High utilization detected - consider autoscaling, 0, pending, 2026-05-28 12:38:12.640516, null, OPTIMIZATION, High utilization detected - consider autoscaling, HIGH, null, null, null, null, null, null, null, null, null, null).'}
2026-05-28 18:08:12,005 - INFO - Recommendation job completed successfully
2026-05-28 18:08:12,005 - INFO - Job "run_recommendations (trigger: interval[0:01:00], next run at: 2026-05-28 18:09:09 IST)" executed successfully
2026-05-28 18:08:19,521 - ERROR - azure_cost_sync.py failed: Command '['python', 'azure_cost_sync.py']' returned non-zero exit status 1.
2026-05-28 18:08:19,522 - INFO - Starting gcp_cost_sync.py
2026-05-28 18:08:22,051 - ERROR - gcp_cost_sync.py failed: Command '['python', 'gcp_cost_sync.py']' returned non-zero exit status 1.
2026-05-28 18:08:22,051 - INFO - Cloud ingestion pipeline completed
2026-05-28 18:08:22,051 - INFO - Job "run_ingestion (trigger: interval[0:01:00], next run at: 2026-05-28 18:09:09 IST)" executed successfully
2026-05-28 18:09:09,651 - INFO - Running job "run_recommendations (trigger: interval[0:01:00], next run at: 2026-05-28 18:10:09 IST)" (scheduled at 2026-05-28 18:09:09.649285+05:30)
2026-05-28 18:09:09,651 - INFO - Running scheduled recommendation job
2026-05-28 18:09:09,652 - INFO - Starting recommendation generation for org: bff29e99-1a33-4bf7-a2dc-3abe9bd2a03c
2026-05-28 18:09:09,651 - INFO - Running job "run_ingestion (trigger: interval[0:01:00], next run at: 2026-05-28 18:10:09 IST)" (scheduled at 2026-05-28 18:09:09.650530+05:30)
2026-05-28 18:09:09,654 - INFO - Running cloud ingestion pipeline
2026-05-28 18:09:09,654 - INFO - Starting aws_cost_sync.py
2026-05-28 18:09:09,863 - INFO - HTTP Request: GET https://iafrrtmvvqmuksvprrsj.supabase.co/rest/v1/usage_metrics?select=%2A "HTTP/2 200 OK"
2026-05-28 18:09:10,038 - INFO - HTTP Request: GET https://iafrrtmvvqmuksvprrsj.supabase.co/rest/v1/unallocated_cost?select=%2A "HTTP/2 200 OK"
2026-05-28 18:09:10,200 - INFO - HTTP Request: GET https://iafrrtmvvqmuksvprrsj.supabase.co/rest/v1/optimization_results?select=%2A "HTTP/2 200 OK"
2026-05-28 18:09:10,391 - INFO - HTTP Request: POST https://iafrrtmvvqmuksvprrsj.supabase.co/rest/v1/recommendations?on_conflict=org_id%2Cmessage&columns=%22type%22%2C%22description%22%2C%22org_id%22%2C%22impact%22%2C%22estimated_savings%22%2C%22service%22%2C%22status%22%2C%22message%22 "HTTP/2 400 Bad Request"
2026-05-28 18:09:10,391 - ERROR - Recommendation upsert failed: {'message': 'new row for relation "recommendations" violates check constraint "valid_status"', 'code': '23514', 'hint': None, 'details': 'Failing row contains (3a813451-f009-4fc5-9af1-72ed9a1591b4, bff29e99-1a33-4bf7-a2dc-3abe9bd2a03c, Compute, High utilization detected - consider autoscaling, 0, pending, 2026-05-28 12:39:11.033736, null, OPTIMIZATION, High utilization detected - consider autoscaling, HIGH, null, null, null, null, null, null, null, null, null, null).'}
2026-05-28 18:09:10,392 - INFO - Recommendation job completed successfully
2026-05-28 18:09:10,392 - INFO - Job "run_recommendations (trigger: interval[0:01:00], next run at: 2026-05-28 18:10:09 IST)" executed successfully
2026-05-28 18:09:11,610 - ERROR - aws_cost_sync.py failed: Command '['python', 'aws_cost_sync.py']' returned non-zero exit status 1.
2026-05-28 18:09:11,610 - INFO - Starting azure_cost_sync.py
2026-05-28 18:09:17,413 - ERROR - azure_cost_sync.py failed: Command '['python', 'azure_cost_sync.py']' returned non-zero exit status 1.
2026-05-28 18:09:17,414 - INFO - Starting gcp_cost_sync.py
2026-05-28 18:09:19,849 - ERROR - gcp_cost_sync.py failed: Command '['python', 'gcp_cost_sync.py']' returned non-zero exit status 1.
2026-05-28 18:09:19,849 - INFO - Cloud ingestion pipeline completed
2026-05-28 18:09:19,849 - INFO - Job "run_ingestion (trigger: interval[0:01:00], next run at: 2026-05-28 18:10:09 IST)" executed successfully
2026-05-28 18:10:09,656 - INFO - Running job "run_recommendations (trigger: interval[0:01:00], next run at: 2026-05-28 18:11:09 IST)" (scheduled at 2026-05-28 18:10:09.649285+05:30)
2026-05-28 18:10:09,657 - INFO - Running scheduled recommendation job
2026-05-28 18:10:09,658 - INFO - Starting recommendation generation for org: bff29e99-1a33-4bf7-a2dc-3abe9bd2a03c
2026-05-28 18:10:09,657 - INFO - Running job "run_ingestion (trigger: interval[0:01:00], next run at: 2026-05-28 18:11:09 IST)" (scheduled at 2026-05-28 18:10:09.650530+05:30)
2026-05-28 18:10:09,660 - INFO - Running cloud ingestion pipeline
2026-05-28 18:10:09,660 - INFO - Starting aws_cost_sync.py
2026-05-28 18:10:09,873 - INFO - HTTP Request: GET https://iafrrtmvvqmuksvprrsj.supabase.co/rest/v1/usage_metrics?select=%2A "HTTP/2 200 OK"
2026-05-28 18:10:10,059 - INFO - HTTP Request: GET https://iafrrtmvvqmuksvprrsj.supabase.co/rest/v1/unallocated_cost?select=%2A "HTTP/2 200 OK"
2026-05-28 18:10:10,227 - INFO - HTTP Request: GET https://iafrrtmvvqmuksvprrsj.supabase.co/rest/v1/optimization_results?select=%2A "HTTP/2 200 OK"
2026-05-28 18:10:10,452 - INFO - HTTP Request: POST https://iafrrtmvvqmuksvprrsj.supabase.co/rest/v1/recommendations?on_conflict=org_id%2Cmessage&columns=%22type%22%2C%22description%22%2C%22org_id%22%2C%22impact%22%2C%22estimated_savings%22%2C%22service%22%2C%22status%22%2C%22message%22 "HTTP/2 400 Bad Request"
2026-05-28 18:10:10,452 - ERROR - Recommendation upsert failed: {'message': 'new row for relation "recommendations" violates check constraint "valid_status"', 'code': '23514', 'hint': None, 'details': 'Failing row contains (2ba16adc-c597-4c53-9845-1a2728c5162e, bff29e99-1a33-4bf7-a2dc-3abe9bd2a03c, Compute, High utilization detected - consider autoscaling, 0, pending, 2026-05-28 12:40:11.085974, null, OPTIMIZATION, High utilization detected - consider autoscaling, HIGH, null, null, null, null, null, null, null, null, null, null).'}
2026-05-28 18:10:10,452 - INFO - Recommendation job completed successfully
2026-05-28 18:10:10,453 - INFO - Job "run_recommendations (trigger: interval[0:01:00], next run at: 2026-05-28 18:11:09 IST)" executed successfully
2026-05-28 18:10:11,735 - ERROR - aws_cost_sync.py failed: Command '['python', 'aws_cost_sync.py']' returned non-zero exit status 1.
2026-05-28 18:10:11,736 - INFO - Starting azure_cost_sync.py
2026-05-28 18:10:17,614 - ERROR - azure_cost_sync.py failed: Command '['python', 'azure_cost_sync.py']' returned non-zero exit status 1.
2026-05-28 18:10:17,615 - INFO - Starting gcp_cost_sync.py
2026-05-28 18:10:20,098 - ERROR - gcp_cost_sync.py failed: Command '['python', 'gcp_cost_sync.py']' returned non-zero exit status 1.
2026-05-28 18:10:20,098 - INFO - Cloud ingestion pipeline completed
2026-05-28 18:10:20,098 - INFO - Job "run_ingestion (trigger: interval[0:01:00], next run at: 2026-05-28 18:11:09 IST)" executed successfully
2026-05-28 18:11:09,651 - INFO - Running job "run_recommendations (trigger: interval[0:01:00], next run at: 2026-05-28 18:12:09 IST)" (scheduled at 2026-05-28 18:11:09.649285+05:30)
2026-05-28 18:11:09,652 - INFO - Running scheduled recommendation job
2026-05-28 18:11:09,652 - INFO - Starting recommendation generation for org: bff29e99-1a33-4bf7-a2dc-3abe9bd2a03c
2026-05-28 18:11:09,652 - INFO - Running job "run_ingestion (trigger: interval[0:01:00], next run at: 2026-05-28 18:12:09 IST)" (scheduled at 2026-05-28 18:11:09.650530+05:30)
2026-05-28 18:11:09,654 - INFO - Running cloud ingestion pipeline
2026-05-28 18:11:09,654 - INFO - Starting aws_cost_sync.py
2026-05-28 18:11:09,864 - INFO - HTTP Request: GET https://iafrrtmvvqmuksvprrsj.supabase.co/rest/v1/usage_metrics?select=%2A "HTTP/2 200 OK"
2026-05-28 18:11:10,030 - INFO - HTTP Request: GET https://iafrrtmvvqmuksvprrsj.supabase.co/rest/v1/unallocated_cost?select=%2A "HTTP/2 200 OK"
2026-05-28 18:11:10,194 - INFO - HTTP Request: GET https://iafrrtmvvqmuksvprrsj.supabase.co/rest/v1/optimization_results?select=%2A "HTTP/2 200 OK"
2026-05-28 18:11:10,397 - INFO - HTTP Request: POST https://iafrrtmvvqmuksvprrsj.supabase.co/rest/v1/recommendations?on_conflict=org_id%2Cmessage&columns=%22type%22%2C%22description%22%2C%22org_id%22%2C%22impact%22%2C%22estimated_savings%22%2C%22service%22%2C%22status%22%2C%22message%22 "HTTP/2 400 Bad Request"
2026-05-28 18:11:10,398 - ERROR - Recommendation upsert failed: {'message': 'new row for relation "recommendations" violates check constraint "valid_status"', 'code': '23514', 'hint': None, 'details': 'Failing row contains (250b0646-f722-4c24-b79e-2317a266b37b, bff29e99-1a33-4bf7-a2dc-3abe9bd2a03c, Compute, High utilization detected - consider autoscaling, 0, pending, 2026-05-28 12:41:11.040862, null, OPTIMIZATION, High utilization detected - consider autoscaling, HIGH, null, null, null, null, null, null, null, null, null, null).'}
2026-05-28 18:12:09,655 - WARNING - Execution of job "run_recommendations (trigger: interval[0:01:00], next run at: 2026-05-28 18:12:09 IST)" skipped: maximum number of running instances reached (1)
2026-05-28 18:12:09,656 - WARNING - Execution of job "run_ingestion (trigger: interval[0:01:00], next run at: 2026-05-28 18:12:09 IST)" skipped: maximum number of running instances reached (1)
2026-05-28 18:13:09,657 - WARNING - Execution of job "run_recommendations (trigger: interval[0:01:00], next run at: 2026-05-28 18:13:09 IST)" skipped: maximum number of running instances reached (1)
2026-05-28 18:13:09,658 - WARNING - Execution of job "run_ingestion (trigger: interval[0:01:00], next run at: 2026-05-28 18:13:09 IST)" skipped: maximum number of running instances reached (1)
2026-05-28 18:14:09,656 - WARNING - Execution of job "run_recommendations (trigger: interval[0:01:00], next run at: 2026-05-28 18:14:09 IST)" skipped: maximum number of running instances reached (1)
2026-05-28 18:14:09,657 - WARNING - Execution of job "run_ingestion (trigger: interval[0:01:00], next run at: 2026-05-28 18:14:09 IST)" skipped: maximum number of running instances reached (1)
2026-05-28 18:15:09,658 - WARNING - Execution of job "run_recommendations (trigger: interval[0:01:00], next run at: 2026-05-28 18:15:09 IST)" skipped: maximum number of running instances reached (1)
2026-05-28 18:15:09,659 - WARNING - Execution of job "run_ingestion (trigger: interval[0:01:00], next run at: 2026-05-28 18:15:09 IST)" skipped: maximum number of running instances reached (1)
2026-05-28 18:16:08,199 - INFO - Recommendation job completed successfully
2026-05-28 18:16:08,200 - INFO - Job "run_recommendations (trigger: interval[0:01:00], next run at: 2026-05-28 18:16:09 IST)" executed successfully
2026-05-28 18:16:08,543 - ERROR - aws_cost_sync.py failed: Command '['python', 'aws_cost_sync.py']' returned non-zero exit status 1.
2026-05-28 18:16:08,544 - INFO - Starting azure_cost_sync.py
2026-05-28 18:16:09,664 - WARNING - Execution of job "run_ingestion (trigger: interval[0:01:00], next run at: 2026-05-28 18:16:09 IST)" skipped: maximum number of running instances reached (1)
2026-05-28 18:16:09,665 - INFO - Running job "run_recommendations (trigger: interval[0:01:00], next run at: 2026-05-28 18:17:09 IST)" (scheduled at 2026-05-28 18:16:09.649285+05:30)
2026-05-28 18:16:09,665 - INFO - Running scheduled recommendation job
2026-05-28 18:16:09,665 - INFO - Starting recommendation generation for org: bff29e99-1a33-4bf7-a2dc-3abe9bd2a03c
2026-05-28 18:16:10,411 - INFO - HTTP Request: GET https://iafrrtmvvqmuksvprrsj.supabase.co/rest/v1/usage_metrics?select=%2A "HTTP/2 200 OK"
2026-05-28 18:16:10,576 - INFO - HTTP Request: GET https://iafrrtmvvqmuksvprrsj.supabase.co/rest/v1/unallocated_cost?select=%2A "HTTP/2 200 OK"
2026-05-28 18:16:10,740 - INFO - HTTP Request: GET https://iafrrtmvvqmuksvprrsj.supabase.co/rest/v1/optimization_results?select=%2A "HTTP/2 200 OK"
2026-05-28 18:16:10,938 - INFO - HTTP Request: POST https://iafrrtmvvqmuksvprrsj.supabase.co/rest/v1/recommendations?on_conflict=org_id%2Cmessage&columns=%22type%22%2C%22description%22%2C%22org_id%22%2C%22impact%22%2C%22estimated_savings%22%2C%22service%22%2C%22status%22%2C%22message%22 "HTTP/2 400 Bad Request"
2026-05-28 18:16:10,939 - ERROR - Recommendation upsert failed: {'message': 'new row for relation "recommendations" violates check constraint "valid_status"', 'code': '23514', 'hint': None, 'details': 'Failing row contains (65fbc8ed-11ba-4e17-a104-bc9eda1479eb, bff29e99-1a33-4bf7-a2dc-3abe9bd2a03c, Compute, High utilization detected - consider autoscaling, 0, pending, 2026-05-28 12:46:11.586733, null, OPTIMIZATION, High utilization detected - consider autoscaling, HIGH, null, null, null, null, null, null, null, null, null, null).'}
2026-05-28 18:16:10,940 - INFO - Recommendation job completed successfully
2026-05-28 18:16:10,940 - INFO - Job "run_recommendations (trigger: interval[0:01:00], next run at: 2026-05-28 18:17:09 IST)" executed successfully
2026-05-28 18:16:14,249 - ERROR - azure_cost_sync.py failed: Command '['python', 'azure_cost_sync.py']' returned non-zero exit status 1.
2026-05-28 18:16:14,249 - INFO - Starting gcp_cost_sync.py
2026-05-28 18:16:16,621 - ERROR - gcp_cost_sync.py failed: Command '['python', 'gcp_cost_sync.py']' returned non-zero exit status 1.
2026-05-28 18:16:16,621 - INFO - Cloud ingestion pipeline completed
2026-05-28 18:16:16,621 - INFO - Job "run_ingestion (trigger: interval[0:01:00], next run at: 2026-05-28 18:17:09 IST)" executed successfully
2026-05-28 18:17:09,652 - INFO - Running job "run_recommendations (trigger: interval[0:01:00], next run at: 2026-05-28 18:18:09 IST)" (scheduled at 2026-05-28 18:17:09.649285+05:30)
2026-05-28 18:17:09,652 - INFO - Running scheduled recommendation job
2026-05-28 18:17:09,653 - INFO - Starting recommendation generation for org: bff29e99-1a33-4bf7-a2dc-3abe9bd2a03c
2026-05-28 18:17:09,652 - INFO - Running job "run_ingestion (trigger: interval[0:01:00], next run at: 2026-05-28 18:18:09 IST)" (scheduled at 2026-05-28 18:17:09.650530+05:30)
2026-05-28 18:17:09,655 - INFO - Running cloud ingestion pipeline
2026-05-28 18:17:09,655 - INFO - Starting aws_cost_sync.py
2026-05-28 18:17:09,861 - INFO - HTTP Request: GET https://iafrrtmvvqmuksvprrsj.supabase.co/rest/v1/usage_metrics?select=%2A "HTTP/2 200 OK"
2026-05-28 18:17:10,025 - INFO - HTTP Request: GET https://iafrrtmvvqmuksvprrsj.supabase.co/rest/v1/unallocated_cost?select=%2A "HTTP/2 200 OK"
2026-05-28 18:17:10,187 - INFO - HTTP Request: GET https://iafrrtmvvqmuksvprrsj.supabase.co/rest/v1/optimization_results?select=%2A "HTTP/2 200 OK"
2026-05-28 18:17:10,378 - INFO - HTTP Request: POST https://iafrrtmvvqmuksvprrsj.supabase.co/rest/v1/recommendations?on_conflict=org_id%2Cmessage&columns=%22type%22%2C%22description%22%2C%22org_id%22%2C%22impact%22%2C%22estimated_savings%22%2C%22service%22%2C%22status%22%2C%22message%22 "HTTP/2 400 Bad Request"
2026-05-28 18:17:10,379 - ERROR - Recommendation upsert failed: {'message': 'new row for relation "recommendations" violates check constraint "valid_status"', 'code': '23514', 'hint': None, 'details': 'Failing row contains (c25a3349-ab50-429a-bc46-141746d11b96, bff29e99-1a33-4bf7-a2dc-3abe9bd2a03c, Compute, High utilization detected - consider autoscaling, 0, pending, 2026-05-28 12:47:11.025658, null, OPTIMIZATION, High utilization detected - consider autoscaling, HIGH, null, null, null, null, null, null, null, null, null, null).'}
2026-05-28 18:17:10,380 - INFO - Recommendation job completed successfully
2026-05-28 18:17:10,380 - INFO - Job "run_recommendations (trigger: interval[0:01:00], next run at: 2026-05-28 18:18:09 IST)" executed successfully
2026-05-28 18:17:11,639 - ERROR - aws_cost_sync.py failed: Command '['python', 'aws_cost_sync.py']' returned non-zero exit status 1.
2026-05-28 18:17:11,640 - INFO - Starting azure_cost_sync.py
2026-05-28 18:17:17,780 - ERROR - azure_cost_sync.py failed: Command '['python', 'azure_cost_sync.py']' returned non-zero exit status 1.
2026-05-28 18:17:17,781 - INFO - Starting gcp_cost_sync.py
2026-05-28 18:17:20,141 - ERROR - gcp_cost_sync.py failed: Command '['python', 'gcp_cost_sync.py']' returned non-zero exit status 1.
2026-05-28 18:17:20,141 - INFO - Cloud ingestion pipeline completed
2026-05-28 18:17:20,141 - INFO - Job "run_ingestion (trigger: interval[0:01:00], next run at: 2026-05-28 18:18:09 IST)" executed successfully
2026-05-28 18:18:09,666 - INFO - Running job "run_recommendations (trigger: interval[0:01:00], next run at: 2026-05-28 18:19:09 IST)" (scheduled at 2026-05-28 18:18:09.649285+05:30)
2026-05-28 18:18:09,667 - INFO - Running scheduled recommendation job
2026-05-28 18:18:09,667 - INFO - Starting recommendation generation for org: bff29e99-1a33-4bf7-a2dc-3abe9bd2a03c
2026-05-28 18:18:09,667 - INFO - Running job "run_ingestion (trigger: interval[0:01:00], next run at: 2026-05-28 18:19:09 IST)" (scheduled at 2026-05-28 18:18:09.650530+05:30)
2026-05-28 18:18:09,669 - INFO - Running cloud ingestion pipeline
2026-05-28 18:18:09,669 - INFO - Starting aws_cost_sync.py
2026-05-28 18:18:09,892 - INFO - HTTP Request: GET https://iafrrtmvvqmuksvprrsj.supabase.co/rest/v1/usage_metrics?select=%2A "HTTP/2 200 OK"
2026-05-28 18:18:10,059 - INFO - HTTP Request: GET https://iafrrtmvvqmuksvprrsj.supabase.co/rest/v1/unallocated_cost?select=%2A "HTTP/2 200 OK"
2026-05-28 18:18:10,227 - INFO - HTTP Request: GET https://iafrrtmvvqmuksvprrsj.supabase.co/rest/v1/optimization_results?select=%2A "HTTP/2 200 OK"
2026-05-28 18:18:10,432 - INFO - HTTP Request: POST https://iafrrtmvvqmuksvprrsj.supabase.co/rest/v1/recommendations?on_conflict=org_id%2Cmessage&columns=%22type%22%2C%22description%22%2C%22org_id%22%2C%22impact%22%2C%22estimated_savings%22%2C%22service%22%2C%22status%22%2C%22message%22 "HTTP/2 400 Bad Request"
2026-05-28 18:18:10,433 - ERROR - Recommendation upsert failed: {'message': 'new row for relation "recommendations" violates check constraint "valid_status"', 'code': '23514', 'hint': None, 'details': 'Failing row contains (3475a790-7600-4353-b4a6-f71b793c35d1, bff29e99-1a33-4bf7-a2dc-3abe9bd2a03c, Compute, High utilization detected - consider autoscaling, 0, pending, 2026-05-28 12:48:11.077341, null, OPTIMIZATION, High utilization detected - consider autoscaling, HIGH, null, null, null, null, null, null, null, null, null, null).'}
2026-05-28 18:18:10,433 - INFO - Recommendation job completed successfully
2026-05-28 18:18:10,433 - INFO - Job "run_recommendations (trigger: interval[0:01:00], next run at: 2026-05-28 18:19:09 IST)" executed successfully
2026-05-28 18:18:11,646 - ERROR - aws_cost_sync.py failed: Command '['python', 'aws_cost_sync.py']' returned non-zero exit status 1.
2026-05-28 18:18:11,646 - INFO - Starting azure_cost_sync.py
2026-05-28 18:18:17,994 - ERROR - azure_cost_sync.py failed: Command '['python', 'azure_cost_sync.py']' returned non-zero exit status 1.
2026-05-28 18:18:17,994 - INFO - Starting gcp_cost_sync.py
2026-05-28 18:18:20,380 - ERROR - gcp_cost_sync.py failed: Command '['python', 'gcp_cost_sync.py']' returned non-zero exit status 1.
2026-05-28 18:18:20,380 - INFO - Cloud ingestion pipeline completed
2026-05-28 18:18:20,380 - INFO - Job "run_ingestion (trigger: interval[0:01:00], next run at: 2026-05-28 18:19:09 IST)" executed successfully
2026-05-28 18:19:09,663 - INFO - Running job "run_recommendations (trigger: interval[0:01:00], next run at: 2026-05-28 18:20:09 IST)" (scheduled at 2026-05-28 18:19:09.649285+05:30)
2026-05-28 18:19:09,663 - INFO - Running scheduled recommendation job
2026-05-28 18:19:09,663 - INFO - Starting recommendation generation for org: bff29e99-1a33-4bf7-a2dc-3abe9bd2a03c
2026-05-28 18:19:09,663 - INFO - Running job "run_ingestion (trigger: interval[0:01:00], next run at: 2026-05-28 18:20:09 IST)" (scheduled at 2026-05-28 18:19:09.650530+05:30)
2026-05-28 18:19:09,665 - INFO - Running cloud ingestion pipeline
2026-05-28 18:19:09,665 - INFO - Starting aws_cost_sync.py
2026-05-28 18:19:09,878 - INFO - HTTP Request: GET https://iafrrtmvvqmuksvprrsj.supabase.co/rest/v1/usage_metrics?select=%2A "HTTP/2 200 OK"
2026-05-28 18:19:10,056 - INFO - HTTP Request: GET https://iafrrtmvvqmuksvprrsj.supabase.co/rest/v1/unallocated_cost?select=%2A "HTTP/2 200 OK"
2026-05-28 18:19:10,234 - INFO - HTTP Request: GET https://iafrrtmvvqmuksvprrsj.supabase.co/rest/v1/optimization_results?select=%2A "HTTP/2 200 OK"
2026-05-28 18:19:10,435 - INFO - HTTP Request: POST https://iafrrtmvvqmuksvprrsj.supabase.co/rest/v1/recommendations?on_conflict=org_id%2Cmessage&columns=%22type%22%2C%22description%22%2C%22org_id%22%2C%22impact%22%2C%22estimated_savings%22%2C%22service%22%2C%22status%22%2C%22message%22 "HTTP/2 400 Bad Request"
2026-05-28 18:19:10,436 - ERROR - Recommendation upsert failed: {'message': 'new row for relation "recommendations" violates check constraint "valid_status"', 'code': '23514', 'hint': None, 'details': 'Failing row contains (2c80b8c1-62c4-4769-b639-54d10adb2457, bff29e99-1a33-4bf7-a2dc-3abe9bd2a03c, Compute, High utilization detected - consider autoscaling, 0, pending, 2026-05-28 12:49:11.084641, null, OPTIMIZATION, High utilization detected - consider autoscaling, HIGH, null, null, null, null, null, null, null, null, null, null).'}
2026-05-28 18:19:10,437 - INFO - Recommendation job completed successfully
2026-05-28 18:19:10,437 - INFO - Job "run_recommendations (trigger: interval[0:01:00], next run at: 2026-05-28 18:20:09 IST)" executed successfully
2026-05-28 18:19:12,017 - ERROR - aws_cost_sync.py failed: Command '['python', 'aws_cost_sync.py']' returned non-zero exit status 1.
2026-05-28 18:19:12,018 - INFO - Starting azure_cost_sync.py
2026-05-28 18:19:19,276 - ERROR - azure_cost_sync.py failed: Command '['python', 'azure_cost_sync.py']' returned non-zero exit status 1.
2026-05-28 18:19:19,277 - INFO - Starting gcp_cost_sync.py
2026-05-28 18:19:21,819 - ERROR - gcp_cost_sync.py failed: Command '['python', 'gcp_cost_sync.py']' returned non-zero exit status 1.
2026-05-28 18:19:21,820 - INFO - Cloud ingestion pipeline completed
2026-05-28 18:19:21,820 - INFO - Job "run_ingestion (trigger: interval[0:01:00], next run at: 2026-05-28 18:20:09 IST)" executed successfully
2026-05-28 18:20:09,665 - INFO - Running job "run_recommendations (trigger: interval[0:01:00], next run at: 2026-05-28 18:21:09 IST)" (scheduled at 2026-05-28 18:20:09.649285+05:30)
2026-05-28 18:20:09,666 - INFO - Running scheduled recommendation job
2026-05-28 18:20:09,666 - INFO - Starting recommendation generation for org: bff29e99-1a33-4bf7-a2dc-3abe9bd2a03c
2026-05-28 18:20:09,665 - INFO - Running job "run_ingestion (trigger: interval[0:01:00], next run at: 2026-05-28 18:21:09 IST)" (scheduled at 2026-05-28 18:20:09.650530+05:30)
2026-05-28 18:20:09,669 - INFO - Running cloud ingestion pipeline
2026-05-28 18:20:09,670 - INFO - Starting aws_cost_sync.py
2026-05-28 18:20:09,880 - INFO - HTTP Request: GET https://iafrrtmvvqmuksvprrsj.supabase.co/rest/v1/usage_metrics?select=%2A "HTTP/2 200 OK"
2026-05-28 18:20:10,049 - INFO - HTTP Request: GET https://iafrrtmvvqmuksvprrsj.supabase.co/rest/v1/unallocated_cost?select=%2A "HTTP/2 200 OK"
2026-05-28 18:20:10,216 - INFO - HTTP Request: GET https://iafrrtmvvqmuksvprrsj.supabase.co/rest/v1/optimization_results?select=%2A "HTTP/2 200 OK"
2026-05-28 18:20:10,411 - INFO - HTTP Request: POST https://iafrrtmvvqmuksvprrsj.supabase.co/rest/v1/recommendations?on_conflict=org_id%2Cmessage&columns=%22type%22%2C%22description%22%2C%22org_id%22%2C%22impact%22%2C%22estimated_savings%22%2C%22service%22%2C%22status%22%2C%22message%22 "HTTP/2 400 Bad Request"
2026-05-28 18:20:10,412 - ERROR - Recommendation upsert failed: {'message': 'new row for relation "recommendations" violates check constraint "valid_status"', 'code': '23514', 'hint': None, 'details': 'Failing row contains (776fefaa-5292-4476-904d-9f3db6002d82, bff29e99-1a33-4bf7-a2dc-3abe9bd2a03c, Compute, High utilization detected - consider autoscaling, 0, pending, 2026-05-28 12:50:11.059337, null, OPTIMIZATION, High utilization detected - consider autoscaling, HIGH, null, null, null, null, null, null, null, null, null, null).'}
2026-05-28 18:20:10,413 - INFO - Recommendation job completed successfully
2026-05-28 18:20:10,413 - INFO - Job "run_recommendations (trigger: interval[0:01:00], next run at: 2026-05-28 18:21:09 IST)" executed successfully
2026-05-28 18:20:11,757 - ERROR - aws_cost_sync.py failed: Command '['python', 'aws_cost_sync.py']' returned non-zero exit status 1.
2026-05-28 18:20:11,758 - INFO - Starting azure_cost_sync.py
2026-05-28 18:20:18,449 - ERROR - azure_cost_sync.py failed: Command '['python', 'azure_cost_sync.py']' returned non-zero exit status 1.
2026-05-28 18:20:18,450 - INFO - Starting gcp_cost_sync.py
2026-05-28 18:20:21,689 - ERROR - gcp_cost_sync.py failed: Command '['python', 'gcp_cost_sync.py']' returned non-zero exit status 1.
2026-05-28 18:20:21,690 - INFO - Cloud ingestion pipeline completed
2026-05-28 18:20:21,690 - INFO - Job "run_ingestion (trigger: interval[0:01:00], next run at: 2026-05-28 18:21:09 IST)" executed successfully
2026-05-28 18:21:09,654 - INFO - Running job "run_recommendations (trigger: interval[0:01:00], next run at: 2026-05-28 18:22:09 IST)" (scheduled at 2026-05-28 18:21:09.649285+05:30)
2026-05-28 18:21:09,655 - INFO - Running scheduled recommendation job
2026-05-28 18:21:09,655 - INFO - Starting recommendation generation for org: bff29e99-1a33-4bf7-a2dc-3abe9bd2a03c
2026-05-28 18:21:09,654 - INFO - Running job "run_ingestion (trigger: interval[0:01:00], next run at: 2026-05-28 18:22:09 IST)" (scheduled at 2026-05-28 18:21:09.650530+05:30)
2026-05-28 18:21:09,657 - INFO - Running cloud ingestion pipeline
2026-05-28 18:21:09,657 - INFO - Starting aws_cost_sync.py
2026-05-28 18:21:09,895 - INFO - HTTP Request: GET https://iafrrtmvvqmuksvprrsj.supabase.co/rest/v1/usage_metrics?select=%2A "HTTP/2 200 OK"
2026-05-28 18:21:10,060 - INFO - HTTP Request: GET https://iafrrtmvvqmuksvprrsj.supabase.co/rest/v1/unallocated_cost?select=%2A "HTTP/2 200 OK"
2026-05-28 18:21:10,226 - INFO - HTTP Request: GET https://iafrrtmvvqmuksvprrsj.supabase.co/rest/v1/optimization_results?select=%2A "HTTP/2 200 OK"
2026-05-28 18:21:10,448 - INFO - HTTP Request: POST https://iafrrtmvvqmuksvprrsj.supabase.co/rest/v1/recommendations?on_conflict=org_id%2Cmessage&columns=%22type%22%2C%22description%22%2C%22org_id%22%2C%22impact%22%2C%22estimated_savings%22%2C%22service%22%2C%22status%22%2C%22message%22 "HTTP/2 400 Bad Request"
2026-05-28 18:21:10,449 - ERROR - Recommendation upsert failed: {'message': 'new row for relation "recommendations" violates check constraint "valid_status"', 'code': '23514', 'hint': None, 'details': 'Failing row contains (5a15a67f-83e3-4afd-aae5-c4b54f63d8b5, bff29e99-1a33-4bf7-a2dc-3abe9bd2a03c, Compute, High utilization detected - consider autoscaling, 0, pending, 2026-05-28 12:51:11.098832, null, OPTIMIZATION, High utilization detected - consider autoscaling, HIGH, null, null, null, null, null, null, null, null, null, null).'}
2026-05-28 18:21:10,450 - INFO - Recommendation job completed successfully
2026-05-28 18:21:10,450 - INFO - Job "run_recommendations (trigger: interval[0:01:00], next run at: 2026-05-28 18:22:09 IST)" executed successfully
2026-05-28 18:21:11,693 - ERROR - aws_cost_sync.py failed: Command '['python', 'aws_cost_sync.py']' returned non-zero exit status 1.
2026-05-28 18:21:11,694 - INFO - Starting azure_cost_sync.py
2026-05-28 18:21:18,302 - ERROR - azure_cost_sync.py failed: Command '['python', 'azure_cost_sync.py']' returned non-zero exit status 1.
2026-05-28 18:21:18,303 - INFO - Starting gcp_cost_sync.py
2026-05-28 18:21:20,936 - ERROR - gcp_cost_sync.py failed: Command '['python', 'gcp_cost_sync.py']' returned non-zero exit status 1.
2026-05-28 18:21:20,937 - INFO - Cloud ingestion pipeline completed
2026-05-28 18:21:20,937 - INFO - Job "run_ingestion (trigger: interval[0:01:00], next run at: 2026-05-28 18:22:09 IST)" executed successfully
2026-05-28 18:22:09,656 - INFO - Running job "run_recommendations (trigger: interval[0:01:00], next run at: 2026-05-28 18:23:09 IST)" (scheduled at 2026-05-28 18:22:09.649285+05:30)
2026-05-28 18:22:09,657 - INFO - Running scheduled recommendation job
2026-05-28 18:22:09,657 - INFO - Starting recommendation generation for org: bff29e99-1a33-4bf7-a2dc-3abe9bd2a03c
2026-05-28 18:22:09,657 - INFO - Running job "run_ingestion (trigger: interval[0:01:00], next run at: 2026-05-28 18:23:09 IST)" (scheduled at 2026-05-28 18:22:09.650530+05:30)
2026-05-28 18:22:09,658 - INFO - Running cloud ingestion pipeline
2026-05-28 18:22:09,658 - INFO - Starting aws_cost_sync.py
2026-05-28 18:22:09,866 - INFO - HTTP Request: GET https://iafrrtmvvqmuksvprrsj.supabase.co/rest/v1/usage_metrics?select=%2A "HTTP/2 200 OK"
2026-05-28 18:22:10,032 - INFO - HTTP Request: GET https://iafrrtmvvqmuksvprrsj.supabase.co/rest/v1/unallocated_cost?select=%2A "HTTP/2 200 OK"
2026-05-28 18:22:10,195 - INFO - HTTP Request: GET https://iafrrtmvvqmuksvprrsj.supabase.co/rest/v1/optimization_results?select=%2A "HTTP/2 200 OK"
2026-05-28 18:22:10,387 - INFO - HTTP Request: POST https://iafrrtmvvqmuksvprrsj.supabase.co/rest/v1/recommendations?on_conflict=org_id%2Cmessage&columns=%22type%22%2C%22description%22%2C%22org_id%22%2C%22impact%22%2C%22estimated_savings%22%2C%22service%22%2C%22status%22%2C%22message%22 "HTTP/2 400 Bad Request"
2026-05-28 18:22:10,388 - ERROR - Recommendation upsert failed: {'message': 'new row for relation "recommendations" violates check constraint "valid_status"', 'code': '23514', 'hint': None, 'details': 'Failing row contains (3bcef3d5-4d26-4a90-9388-7424f9c95632, bff29e99-1a33-4bf7-a2dc-3abe9bd2a03c, Compute, High utilization detected - consider autoscaling, 0, pending, 2026-05-28 12:52:11.039635, null, OPTIMIZATION, High utilization detected - consider autoscaling, HIGH, null, null, null, null, null, null, null, null, null, null).'}
2026-05-28 18:22:10,388 - INFO - Recommendation job completed successfully
2026-05-28 18:22:10,389 - INFO - Job "run_recommendations (trigger: interval[0:01:00], next run at: 2026-05-28 18:23:09 IST)" executed successfully
2026-05-28 18:22:11,877 - ERROR - aws_cost_sync.py failed: Command '['python', 'aws_cost_sync.py']' returned non-zero exit status 1.
2026-05-28 18:22:11,877 - INFO - Starting azure_cost_sync.py
2026-05-28 18:22:18,131 - ERROR - azure_cost_sync.py failed: Command '['python', 'azure_cost_sync.py']' returned non-zero exit status 1.
2026-05-28 18:22:18,131 - INFO - Starting gcp_cost_sync.py
2026-05-28 18:22:21,462 - ERROR - gcp_cost_sync.py failed: Command '['python', 'gcp_cost_sync.py']' returned non-zero exit status 1.
2026-05-28 18:22:21,463 - INFO - Cloud ingestion pipeline completed
2026-05-28 18:22:21,463 - INFO - Job "run_ingestion (trigger: interval[0:01:00], next run at: 2026-05-28 18:23:09 IST)" executed successfully
2026-05-28 18:23:09,664 - INFO - Running job "run_recommendations (trigger: interval[0:01:00], next run at: 2026-05-28 18:24:09 IST)" (scheduled at 2026-05-28 18:23:09.649285+05:30)
2026-05-28 18:23:09,664 - INFO - Running scheduled recommendation job
2026-05-28 18:23:09,664 - INFO - Starting recommendation generation for org: bff29e99-1a33-4bf7-a2dc-3abe9bd2a03c
2026-05-28 18:23:09,666 - INFO - Running job "run_ingestion (trigger: interval[0:01:00], next run at: 2026-05-28 18:24:09 IST)" (scheduled at 2026-05-28 18:23:09.650530+05:30)
2026-05-28 18:23:09,667 - INFO - Running cloud ingestion pipeline
2026-05-28 18:23:09,667 - INFO - Starting aws_cost_sync.py
2026-05-28 18:23:09,896 - INFO - HTTP Request: GET https://iafrrtmvvqmuksvprrsj.supabase.co/rest/v1/usage_metrics?select=%2A "HTTP/2 200 OK"
2026-05-28 18:23:10,066 - INFO - HTTP Request: GET https://iafrrtmvvqmuksvprrsj.supabase.co/rest/v1/unallocated_cost?select=%2A "HTTP/2 200 OK"
2026-05-28 18:23:10,233 - INFO - HTTP Request: GET https://iafrrtmvvqmuksvprrsj.supabase.co/rest/v1/optimization_results?select=%2A "HTTP/2 200 OK"
2026-05-28 18:23:10,439 - INFO - HTTP Request: POST https://iafrrtmvvqmuksvprrsj.supabase.co/rest/v1/recommendations?on_conflict=org_id%2Cmessage&columns=%22type%22%2C%22description%22%2C%22org_id%22%2C%22impact%22%2C%22estimated_savings%22%2C%22service%22%2C%22status%22%2C%22message%22 "HTTP/2 400 Bad Request"
2026-05-28 18:23:10,440 - ERROR - Recommendation upsert failed: {'message': 'new row for relation "recommendations" violates check constraint "valid_status"', 'code': '23514', 'hint': None, 'details': 'Failing row contains (b421391e-d776-40eb-937b-d808c96fd702, bff29e99-1a33-4bf7-a2dc-3abe9bd2a03c, Compute, High utilization detected - consider autoscaling, 0, pending, 2026-05-28 12:53:11.091557, null, OPTIMIZATION, High utilization detected - consider autoscaling, HIGH, null, null, null, null, null, null, null, null, null, null).'}
2026-05-28 18:23:10,441 - INFO - Recommendation job completed successfully
2026-05-28 18:23:10,442 - INFO - Job "run_recommendations (trigger: interval[0:01:00], next run at: 2026-05-28 18:24:09 IST)" executed successfully
2026-05-28 18:23:11,809 - ERROR - aws_cost_sync.py failed: Command '['python', 'aws_cost_sync.py']' returned non-zero exit status 1.
2026-05-28 18:23:11,810 - INFO - Starting azure_cost_sync.py
2026-05-28 18:23:18,275 - ERROR - azure_cost_sync.py failed: Command '['python', 'azure_cost_sync.py']' returned non-zero exit status 1.
2026-05-28 18:23:18,276 - INFO - Starting gcp_cost_sync.py
2026-05-28 18:23:20,645 - ERROR - gcp_cost_sync.py failed: Command '['python', 'gcp_cost_sync.py']' returned non-zero exit status 1.
2026-05-28 18:23:20,645 - INFO - Cloud ingestion pipeline completed
2026-05-28 18:23:20,645 - INFO - Job "run_ingestion (trigger: interval[0:01:00], next run at: 2026-05-28 18:24:09 IST)" executed successfully
2026-05-28 18:24:09,654 - INFO - Running job "run_ingestion (trigger: interval[0:01:00], next run at: 2026-05-28 18:25:09 IST)" (scheduled at 2026-05-28 18:24:09.650530+05:30)
2026-05-28 18:24:09,654 - INFO - Running cloud ingestion pipeline
2026-05-28 18:24:09,655 - INFO - Starting aws_cost_sync.py
2026-05-28 18:24:09,654 - INFO - Running job "run_recommendations (trigger: interval[0:01:00], next run at: 2026-05-28 18:25:09 IST)" (scheduled at 2026-05-28 18:24:09.649285+05:30)
2026-05-28 18:24:09,655 - INFO - Running scheduled recommendation job
2026-05-28 18:24:09,655 - INFO - Starting recommendation generation for org: bff29e99-1a33-4bf7-a2dc-3abe9bd2a03c
2026-05-28 18:24:09,869 - INFO - HTTP Request: GET https://iafrrtmvvqmuksvprrsj.supabase.co/rest/v1/usage_metrics?select=%2A "HTTP/2 200 OK"
2026-05-28 18:24:10,043 - INFO - HTTP Request: GET https://iafrrtmvvqmuksvprrsj.supabase.co/rest/v1/unallocated_cost?select=%2A "HTTP/2 200 OK"
2026-05-28 18:24:10,210 - INFO - HTTP Request: GET https://iafrrtmvvqmuksvprrsj.supabase.co/rest/v1/optimization_results?select=%2A "HTTP/2 200 OK"
2026-05-28 18:24:10,448 - INFO - HTTP Request: POST https://iafrrtmvvqmuksvprrsj.supabase.co/rest/v1/recommendations?on_conflict=org_id%2Cmessage&columns=%22type%22%2C%22description%22%2C%22org_id%22%2C%22impact%22%2C%22estimated_savings%22%2C%22service%22%2C%22status%22%2C%22message%22 "HTTP/2 400 Bad Request"
2026-05-28 18:24:10,450 - ERROR - Recommendation upsert failed: {'message': 'new row for relation "recommendations" violates check constraint "valid_status"', 'code': '23514', 'hint': None, 'details': 'Failing row contains (b8bffea2-af7c-4690-8547-7c0155f0c252, bff29e99-1a33-4bf7-a2dc-3abe9bd2a03c, Compute, High utilization detected - consider autoscaling, 0, pending, 2026-05-28 12:54:11.095231, null, OPTIMIZATION, High utilization detected - consider autoscaling, HIGH, null, null, null, null, null, null, null, null, null, null).'}
2026-05-28 18:24:10,451 - INFO - Recommendation job completed successfully
2026-05-28 18:24:10,451 - INFO - Job "run_recommendations (trigger: interval[0:01:00], next run at: 2026-05-28 18:25:09 IST)" executed successfully
2026-05-28 18:24:11,637 - ERROR - aws_cost_sync.py failed: Command '['python', 'aws_cost_sync.py']' returned non-zero exit status 1.
2026-05-28 18:24:11,638 - INFO - Starting azure_cost_sync.py
2026-05-28 18:24:19,137 - ERROR - azure_cost_sync.py failed: Command '['python', 'azure_cost_sync.py']' returned non-zero exit status 1.
2026-05-28 18:24:19,138 - INFO - Starting gcp_cost_sync.py
2026-05-28 18:24:21,676 - ERROR - gcp_cost_sync.py failed: Command '['python', 'gcp_cost_sync.py']' returned non-zero exit status 1.
2026-05-28 18:24:21,677 - INFO - Cloud ingestion pipeline completed
2026-05-28 18:24:21,677 - INFO - Job "run_ingestion (trigger: interval[0:01:00], next run at: 2026-05-28 18:25:09 IST)" executed successfully
2026-05-28 18:25:09,652 - INFO - Running job "run_recommendations (trigger: interval[0:01:00], next run at: 2026-05-28 18:26:09 IST)" (scheduled at 2026-05-28 18:25:09.649285+05:30)
2026-05-28 18:25:09,653 - INFO - Running scheduled recommendation job
2026-05-28 18:25:09,653 - INFO - Starting recommendation generation for org: bff29e99-1a33-4bf7-a2dc-3abe9bd2a03c
2026-05-28 18:25:09,653 - INFO - Running job "run_ingestion (trigger: interval[0:01:00], next run at: 2026-05-28 18:26:09 IST)" (scheduled at 2026-05-28 18:25:09.650530+05:30)
2026-05-28 18:25:09,654 - INFO - Running cloud ingestion pipeline
2026-05-28 18:25:09,654 - INFO - Starting aws_cost_sync.py
2026-05-28 18:25:09,864 - INFO - HTTP Request: GET https://iafrrtmvvqmuksvprrsj.supabase.co/rest/v1/usage_metrics?select=%2A "HTTP/2 200 OK"
2026-05-28 18:25:10,029 - INFO - HTTP Request: GET https://iafrrtmvvqmuksvprrsj.supabase.co/rest/v1/unallocated_cost?select=%2A "HTTP/2 200 OK"
2026-05-28 18:25:10,191 - INFO - HTTP Request: GET https://iafrrtmvvqmuksvprrsj.supabase.co/rest/v1/optimization_results?select=%2A "HTTP/2 200 OK"
2026-05-28 18:25:10,396 - INFO - HTTP Request: POST https://iafrrtmvvqmuksvprrsj.supabase.co/rest/v1/recommendations?on_conflict=org_id%2Cmessage&columns=%22type%22%2C%22description%22%2C%22org_id%22%2C%22impact%22%2C%22estimated_savings%22%2C%22service%22%2C%22status%22%2C%22message%22 "HTTP/2 400 Bad Request"
2026-05-28 18:25:10,396 - ERROR - Recommendation upsert failed: {'message': 'new row for relation "recommendations" violates check constraint "valid_status"', 'code': '23514', 'hint': None, 'details': 'Failing row contains (6fac8b03-bcbd-4d6f-8436-39c207f75c40, bff29e99-1a33-4bf7-a2dc-3abe9bd2a03c, Compute, High utilization detected - consider autoscaling, 0, pending, 2026-05-28 12:55:11.049514, null, OPTIMIZATION, High utilization detected - consider autoscaling, HIGH, null, null, null, null, null, null, null, null, null, null).'}
2026-05-28 18:25:10,397 - INFO - Recommendation job completed successfully
2026-05-28 18:25:10,397 - INFO - Job "run_recommendations (trigger: interval[0:01:00], next run at: 2026-05-28 18:26:09 IST)" executed successfully
2026-05-28 18:25:11,896 - ERROR - aws_cost_sync.py failed: Command '['python', 'aws_cost_sync.py']' returned non-zero exit status 1.
2026-05-28 18:25:11,897 - INFO - Starting azure_cost_sync.py
2026-05-28 18:25:17,465 - ERROR - azure_cost_sync.py failed: Command '['python', 'azure_cost_sync.py']' returned non-zero exit status 1.
2026-05-28 18:25:17,466 - INFO - Starting gcp_cost_sync.py
2026-05-28 18:25:19,792 - ERROR - gcp_cost_sync.py failed: Command '['python', 'gcp_cost_sync.py']' returned non-zero exit status 1.
2026-05-28 18:25:19,792 - INFO - Cloud ingestion pipeline completed
2026-05-28 18:25:19,792 - INFO - Job "run_ingestion (trigger: interval[0:01:00], next run at: 2026-05-28 18:26:09 IST)" executed successfully
2026-05-28 18:26:09,659 - INFO - Running job "run_recommendations (trigger: interval[0:01:00], next run at: 2026-05-28 18:27:09 IST)" (scheduled at 2026-05-28 18:26:09.649285+05:30)
2026-05-28 18:26:09,659 - INFO - Running scheduled recommendation job
2026-05-28 18:26:09,660 - INFO - Starting recommendation generation for org: bff29e99-1a33-4bf7-a2dc-3abe9bd2a03c
2026-05-28 18:26:09,662 - INFO - Running job "run_ingestion (trigger: interval[0:01:00], next run at: 2026-05-28 18:27:09 IST)" (scheduled at 2026-05-28 18:26:09.650530+05:30)
2026-05-28 18:26:09,662 - INFO - Running cloud ingestion pipeline
2026-05-28 18:26:09,662 - INFO - Starting aws_cost_sync.py
2026-05-28 18:26:09,927 - INFO - HTTP Request: GET https://iafrrtmvvqmuksvprrsj.supabase.co/rest/v1/usage_metrics?select=%2A "HTTP/2 200 OK"
2026-05-28 18:26:10,091 - INFO - HTTP Request: GET https://iafrrtmvvqmuksvprrsj.supabase.co/rest/v1/unallocated_cost?select=%2A "HTTP/2 200 OK"
2026-05-28 18:26:10,255 - INFO - HTTP Request: GET https://iafrrtmvvqmuksvprrsj.supabase.co/rest/v1/optimization_results?select=%2A "HTTP/2 200 OK"
2026-05-28 18:26:10,472 - INFO - HTTP Request: POST https://iafrrtmvvqmuksvprrsj.supabase.co/rest/v1/recommendations?on_conflict=org_id%2Cmessage&columns=%22type%22%2C%22description%22%2C%22org_id%22%2C%22impact%22%2C%22estimated_savings%22%2C%22service%22%2C%22status%22%2C%22message%22 "HTTP/2 400 Bad Request"
2026-05-28 18:26:10,473 - ERROR - Recommendation upsert failed: {'message': 'new row for relation "recommendations" violates check constraint "valid_status"', 'code': '23514', 'hint': None, 'details': 'Failing row contains (91096f43-af21-4473-afa7-0b9ca2817497, bff29e99-1a33-4bf7-a2dc-3abe9bd2a03c, Compute, High utilization detected - consider autoscaling, 0, pending, 2026-05-28 12:56:11.124386, null, OPTIMIZATION, High utilization detected - consider autoscaling, HIGH, null, null, null, null, null, null, null, null, null, null).'}
2026-05-28 18:26:10,474 - INFO - Recommendation job completed successfully
2026-05-28 18:26:10,474 - INFO - Job "run_recommendations (trigger: interval[0:01:00], next run at: 2026-05-28 18:27:09 IST)" executed successfully
2026-05-28 18:26:11,763 - ERROR - aws_cost_sync.py failed: Command '['python', 'aws_cost_sync.py']' returned non-zero exit status 1.
2026-05-28 18:26:11,764 - INFO - Starting azure_cost_sync.py
2026-05-28 18:26:18,232 - ERROR - azure_cost_sync.py failed: Command '['python', 'azure_cost_sync.py']' returned non-zero exit status 1.
2026-05-28 18:26:18,233 - INFO - Starting gcp_cost_sync.py
2026-05-28 18:26:20,639 - ERROR - gcp_cost_sync.py failed: Command '['python', 'gcp_cost_sync.py']' returned non-zero exit status 1.
2026-05-28 18:26:20,639 - INFO - Cloud ingestion pipeline completed
2026-05-28 18:26:20,640 - INFO - Job "run_ingestion (trigger: interval[0:01:00], next run at: 2026-05-28 18:27:09 IST)" executed successfully
2026-05-28 18:26:27,144 - INFO - Scheduler has been shut down
